{
    "@_fa": "true",
    "link": [
        {
            "@_fa": "true",
            "@ref": "self",
            "@href": "https://api.elsevier.com/content/abstract/scopus_id/84890473124"
        },
        {
            "@_fa": "true",
            "@ref": "author-affiliation",
            "@href": "https://api.elsevier.com/content/abstract/scopus_id/84890473124?field=author,affiliation"
        },
        {
            "@_fa": "true",
            "@ref": "scopus",
            "@href": "https://www.scopus.com/inward/record.uri?partnerID=HzOxMe3b&scp=84890473124&origin=inward"
        },
        {
            "@_fa": "true",
            "@ref": "scopus-citedby",
            "@href": "https://www.scopus.com/inward/citedby.uri?partnerID=HzOxMe3b&scp=84890473124&origin=inward"
        }
    ],
    "prism:url": "https://api.elsevier.com/content/abstract/scopus_id/84890473124",
    "dc:identifier": "SCOPUS_ID:84890473124",
    "eid": "2-s2.0-84890473124",
    "dc:title": "Design and realization of the miniature long-life integrative coded sun sensor",
    "dc:creator": "Yanan M.",
    "prism:publicationName": "Proceedings of SPIE - The International Society for Optical Engineering",
    "prism:issn": "0277786X",
    "prism:eIssn": "1996756X",
    "prism:isbn": [
        {
            "@_fa": "true",
            "$": "[9780819497581]"
        }
    ],
    "prism:volume": "8889",
    "prism:pageRange": null,
    "prism:coverDate": "2013-12-23",
    "prism:coverDisplayDate": "2013",
    "prism:doi": "10.1117/12.2028744",
    "citedby-count": "0",
    "affiliation": [
        {
            "@_fa": "true",
            "affilname": "Beijing Institute of Control Engineering",
            "affiliation-city": "Beijing",
            "affiliation-country": "China"
        }
    ],
    "prism:aggregationType": "Conference Proceeding",
    "subtype": "cp",
    "subtypeDescription": "Conference Paper",
    "article-number": "888921",
    "source-id": "40067",
    "openaccess": "0",
    "openaccessFlag": false
}