{
    "@_fa": "true",
    "link": [
        {
            "@_fa": "true",
            "@ref": "self",
            "@href": "https://api.elsevier.com/content/abstract/scopus_id/84888200992"
        },
        {
            "@_fa": "true",
            "@ref": "author-affiliation",
            "@href": "https://api.elsevier.com/content/abstract/scopus_id/84888200992?field=author,affiliation"
        },
        {
            "@_fa": "true",
            "@ref": "scopus",
            "@href": "https://www.scopus.com/inward/record.uri?partnerID=HzOxMe3b&scp=84888200992&origin=inward"
        },
        {
            "@_fa": "true",
            "@ref": "scopus-citedby",
            "@href": "https://www.scopus.com/inward/citedby.uri?partnerID=HzOxMe3b&scp=84888200992&origin=inward"
        }
    ],
    "prism:url": "https://api.elsevier.com/content/abstract/scopus_id/84888200992",
    "dc:identifier": "SCOPUS_ID:84888200992",
    "eid": "2-s2.0-84888200992",
    "dc:title": "Applying active learning to high-throughput phenotyping algorithms for electronic health records data",
    "dc:creator": "Chen Y.",
    "prism:publicationName": "Journal of the American Medical Informatics Association",
    "prism:issn": "10675027",
    "prism:eIssn": "1527974X",
    "prism:volume": "20",
    "prism:issueIdentifier": "E2",
    "prism:pageRange": null,
    "prism:coverDate": "2013-12-19",
    "prism:coverDisplayDate": "2013",
    "prism:doi": "10.1136/amiajnl-2013-001945",
    "citedby-count": "74",
    "affiliation": [
        {
            "@_fa": "true",
            "affilname": "Vanderbilt University Medical Center",
            "affiliation-city": "Nashville",
            "affiliation-country": "United States"
        }
    ],
    "pubmed-id": "23851443",
    "prism:aggregationType": "Journal",
    "subtype": "ar",
    "subtypeDescription": "Article",
    "source-id": "23600",
    "openaccess": "1",
    "openaccessFlag": true,
    "freetoread": {
        "value": [
            {
                "$": "all"
            },
            {
                "$": "publisherfree2read"
            }
        ]
    },
    "freetoreadLabel": {
        "value": [
            {
                "$": "All Open Access"
            },
            {
                "$": "Bronze"
            }
        ]
    }
}