{
    "@_fa": "true",
    "link": [
        {
            "@_fa": "true",
            "@ref": "self",
            "@href": "https://api.elsevier.com/content/abstract/scopus_id/84889593556"
        },
        {
            "@_fa": "true",
            "@ref": "author-affiliation",
            "@href": "https://api.elsevier.com/content/abstract/scopus_id/84889593556?field=author,affiliation"
        },
        {
            "@_fa": "true",
            "@ref": "scopus",
            "@href": "https://www.scopus.com/inward/record.uri?partnerID=HzOxMe3b&scp=84889593556&origin=inward"
        },
        {
            "@_fa": "true",
            "@ref": "scopus-citedby",
            "@href": "https://www.scopus.com/inward/citedby.uri?partnerID=HzOxMe3b&scp=84889593556&origin=inward"
        }
    ],
    "prism:url": "https://api.elsevier.com/content/abstract/scopus_id/84889593556",
    "dc:identifier": "SCOPUS_ID:84889593556",
    "eid": "2-s2.0-84889593556",
    "dc:title": "Text line extraction method using domain-based active contour model",
    "dc:creator": "Itani Y.",
    "prism:publicationName": "Proceedings of the International Conference on Document Analysis and Recognition, ICDAR",
    "prism:issn": "15205363",
    "prism:pageRange": "1230-1234",
    "prism:coverDate": "2013-12-11",
    "prism:coverDisplayDate": "2013",
    "prism:doi": "10.1109/ICDAR.2013.249",
    "citedby-count": "0",
    "affiliation": [
        {
            "@_fa": "true",
            "affilname": "Mitsubishi Electric Corporation",
            "affiliation-city": "Tokyo",
            "affiliation-country": "Japan"
        }
    ],
    "prism:aggregationType": "Conference Proceeding",
    "subtype": "cp",
    "subtypeDescription": "Conference Paper",
    "article-number": "6628810",
    "source-id": "75898",
    "openaccess": "0",
    "openaccessFlag": false
}