{
    "@_fa": "true",
    "link": [
        {
            "@_fa": "true",
            "@ref": "self",
            "@href": "https://api.elsevier.com/content/abstract/scopus_id/84890871017"
        },
        {
            "@_fa": "true",
            "@ref": "author-affiliation",
            "@href": "https://api.elsevier.com/content/abstract/scopus_id/84890871017?field=author,affiliation"
        },
        {
            "@_fa": "true",
            "@ref": "scopus",
            "@href": "https://www.scopus.com/inward/record.uri?partnerID=HzOxMe3b&scp=84890871017&origin=inward"
        },
        {
            "@_fa": "true",
            "@ref": "scopus-citedby",
            "@href": "https://www.scopus.com/inward/citedby.uri?partnerID=HzOxMe3b&scp=84890871017&origin=inward"
        }
    ],
    "prism:url": "https://api.elsevier.com/content/abstract/scopus_id/84890871017",
    "dc:identifier": "SCOPUS_ID:84890871017",
    "eid": "2-s2.0-84890871017",
    "dc:title": "Wind power plants - Challenges for Romanian power system",
    "dc:creator": "Boamba C.",
    "prism:publicationName": "2013 IEEE Grenoble Conference PowerTech, POWERTECH 2013",
    "prism:isbn": [
        {
            "@_fa": "true",
            "$": "[9781467356695]"
        }
    ],
    "prism:pageRange": null,
    "prism:coverDate": "2013-12-27",
    "prism:coverDisplayDate": "2013",
    "prism:doi": "10.1109/PTC.2013.6652481",
    "citedby-count": "0",
    "affiliation": [
        {
            "@_fa": "true",
            "affilname": "University Politehnica of Bucharest",
            "affiliation-city": "Bucharest",
            "affiliation-country": "Romania"
        }
    ],
    "prism:aggregationType": "Conference Proceeding",
    "subtype": "cp",
    "subtypeDescription": "Conference Paper",
    "article-number": "6652481",
    "source-id": "21100276223",
    "openaccess": "0",
    "openaccessFlag": false
}