{
    "@_fa": "true",
    "link": [
        {
            "@_fa": "true",
            "@ref": "self",
            "@href": "https://api.elsevier.com/content/abstract/scopus_id/84890833479"
        },
        {
            "@_fa": "true",
            "@ref": "author-affiliation",
            "@href": "https://api.elsevier.com/content/abstract/scopus_id/84890833479?field=author,affiliation"
        },
        {
            "@_fa": "true",
            "@ref": "scopus",
            "@href": "https://www.scopus.com/inward/record.uri?partnerID=HzOxMe3b&scp=84890833479&origin=inward"
        },
        {
            "@_fa": "true",
            "@ref": "scopus-citedby",
            "@href": "https://www.scopus.com/inward/citedby.uri?partnerID=HzOxMe3b&scp=84890833479&origin=inward"
        }
    ],
    "prism:url": "https://api.elsevier.com/content/abstract/scopus_id/84890833479",
    "dc:identifier": "SCOPUS_ID:84890833479",
    "eid": "2-s2.0-84890833479",
    "dc:title": "Silica nanoparticles and polyethyleneimine (PEI)-mediated functionalization: A new method of pei covalent attachment for siRNA delivery applications",
    "dc:creator": "Buchman Y.K.",
    "prism:publicationName": "Bioconjugate Chemistry",
    "prism:issn": "10431802",
    "prism:eIssn": "15204812",
    "prism:volume": "24",
    "prism:issueIdentifier": "12",
    "prism:pageRange": "2076-2087",
    "prism:coverDate": "2013-12-18",
    "prism:coverDisplayDate": "18 December 2013",
    "prism:doi": "10.1021/bc4004316",
    "citedby-count": "72",
    "affiliation": [
        {
            "@_fa": "true",
            "affilname": "Bar-Ilan University",
            "affiliation-city": "Ramat Gan",
            "affiliation-country": "Israel"
        }
    ],
    "pubmed-id": "24180511",
    "prism:aggregationType": "Journal",
    "subtype": "ar",
    "subtypeDescription": "Article",
    "source-id": "16876",
    "openaccess": "0",
    "openaccessFlag": false
}