{
    "@_fa": "true",
    "link": [
        {
            "@_fa": "true",
            "@ref": "self",
            "@href": "https://api.elsevier.com/content/abstract/scopus_id/84886952690"
        },
        {
            "@_fa": "true",
            "@ref": "author-affiliation",
            "@href": "https://api.elsevier.com/content/abstract/scopus_id/84886952690?field=author,affiliation"
        },
        {
            "@_fa": "true",
            "@ref": "scopus",
            "@href": "https://www.scopus.com/inward/record.uri?partnerID=HzOxMe3b&scp=84886952690&origin=inward"
        },
        {
            "@_fa": "true",
            "@ref": "scopus-citedby",
            "@href": "https://www.scopus.com/inward/citedby.uri?partnerID=HzOxMe3b&scp=84886952690&origin=inward"
        },
        {
            "@_fa": "true",
            "@ref": "full-text",
            "@href": "https://api.elsevier.com/content/article/eid/1-s2.0-S0959652613002977"
        }
    ],
    "prism:url": "https://api.elsevier.com/content/abstract/scopus_id/84886952690",
    "dc:identifier": "SCOPUS_ID:84886952690",
    "eid": "2-s2.0-84886952690",
    "dc:title": "Designing pedagogy with emerging sustainable technologies",
    "dc:creator": "Lockrey S.",
    "prism:publicationName": "Journal of Cleaner Production",
    "prism:issn": "09596526",
    "prism:volume": "61",
    "prism:pageRange": "70-79",
    "prism:coverDate": "2013-12-15",
    "prism:coverDisplayDate": "15 December 2013",
    "prism:doi": "10.1016/j.jclepro.2013.05.005",
    "pii": "S0959652613002977",
    "citedby-count": "22",
    "affiliation": [
        {
            "@_fa": "true",
            "affilname": "RMIT University",
            "affiliation-city": "Melbourne",
            "affiliation-country": "Australia"
        }
    ],
    "prism:aggregationType": "Journal",
    "subtype": "ar",
    "subtypeDescription": "Article",
    "source-id": "19167",
    "openaccess": "0",
    "openaccessFlag": false
}