{
    "@_fa": "true",
    "link": [
        {
            "@_fa": "true",
            "@ref": "self",
            "@href": "https://api.elsevier.com/content/abstract/scopus_id/84888875301"
        },
        {
            "@_fa": "true",
            "@ref": "author-affiliation",
            "@href": "https://api.elsevier.com/content/abstract/scopus_id/84888875301?field=author,affiliation"
        },
        {
            "@_fa": "true",
            "@ref": "scopus",
            "@href": "https://www.scopus.com/inward/record.uri?partnerID=HzOxMe3b&scp=84888875301&origin=inward"
        },
        {
            "@_fa": "true",
            "@ref": "scopus-citedby",
            "@href": "https://www.scopus.com/inward/citedby.uri?partnerID=HzOxMe3b&scp=84888875301&origin=inward"
        }
    ],
    "prism:url": "https://api.elsevier.com/content/abstract/scopus_id/84888875301",
    "dc:identifier": "SCOPUS_ID:84888875301",
    "eid": "2-s2.0-84888875301",
    "dc:title": "Using google fusion tables for cloud-based sensor observation services",
    "dc:creator": "Yue P.",
    "prism:publicationName": "2013 2nd International Conference on Agro-Geoinformatics: Information for Sustainable Agriculture, Agro-Geoinformatics 2013",
    "prism:isbn": [
        {
            "@_fa": "true",
            "$": "[9781479908684]"
        }
    ],
    "prism:pageRange": "388-392",
    "prism:coverDate": "2013-12-06",
    "prism:coverDisplayDate": "2013",
    "prism:doi": "10.1109/Argo-Geoinformatics.2013.6621949",
    "citedby-count": "0",
    "affiliation": [
        {
            "@_fa": "true",
            "affilname": "Wuhan University",
            "affiliation-city": "Wuhan",
            "affiliation-country": "China"
        }
    ],
    "prism:aggregationType": "Conference Proceeding",
    "subtype": "cp",
    "subtypeDescription": "Conference Paper",
    "article-number": "6621949",
    "source-id": "21100269602",
    "openaccess": "0",
    "openaccessFlag": false
}