{
    "@_fa": "true",
    "link": [
        {
            "@_fa": "true",
            "@ref": "self",
            "@href": "https://api.elsevier.com/content/abstract/scopus_id/84889637799"
        },
        {
            "@_fa": "true",
            "@ref": "author-affiliation",
            "@href": "https://api.elsevier.com/content/abstract/scopus_id/84889637799?field=author,affiliation"
        },
        {
            "@_fa": "true",
            "@ref": "scopus",
            "@href": "https://www.scopus.com/inward/record.uri?partnerID=HzOxMe3b&scp=84889637799&origin=inward"
        },
        {
            "@_fa": "true",
            "@ref": "scopus-citedby",
            "@href": "https://www.scopus.com/inward/citedby.uri?partnerID=HzOxMe3b&scp=84889637799&origin=inward"
        }
    ],
    "prism:url": "https://api.elsevier.com/content/abstract/scopus_id/84889637799",
    "dc:identifier": "SCOPUS_ID:84889637799",
    "eid": "2-s2.0-84889637799",
    "dc:title": "Fuzzy Situational Maps: A new approach in mobile robot cooperation",
    "dc:creator": "Ballagi A.",
    "prism:publicationName": "INES 2013 - IEEE 17th International Conference on Intelligent Engineering Systems, Proceedings",
    "prism:isbn": [
        {
            "@_fa": "true",
            "$": "[9781479908288]"
        }
    ],
    "prism:pageRange": "287-292",
    "prism:coverDate": "2013-12-12",
    "prism:coverDisplayDate": "2013",
    "prism:doi": "10.1109/INES.2013.6632828",
    "citedby-count": "1",
    "affiliation": [
        {
            "@_fa": "true",
            "affilname": "Sz\u00e9chenyi Istv\u00e1n University",
            "affiliation-city": "Gyor",
            "affiliation-country": "Hungary"
        }
    ],
    "prism:aggregationType": "Conference Proceeding",
    "subtype": "cp",
    "subtypeDescription": "Conference Paper",
    "article-number": "6632828",
    "source-id": "21100273218",
    "openaccess": "0",
    "openaccessFlag": false
}