{
    "@_fa": "true",
    "link": [
        {
            "@_fa": "true",
            "@ref": "self",
            "@href": "https://api.elsevier.com/content/abstract/scopus_id/84890047422"
        },
        {
            "@_fa": "true",
            "@ref": "author-affiliation",
            "@href": "https://api.elsevier.com/content/abstract/scopus_id/84890047422?field=author,affiliation"
        },
        {
            "@_fa": "true",
            "@ref": "scopus",
            "@href": "https://www.scopus.com/inward/record.uri?partnerID=HzOxMe3b&scp=84890047422&origin=inward"
        },
        {
            "@_fa": "true",
            "@ref": "scopus-citedby",
            "@href": "https://www.scopus.com/inward/citedby.uri?partnerID=HzOxMe3b&scp=84890047422&origin=inward"
        }
    ],
    "prism:url": "https://api.elsevier.com/content/abstract/scopus_id/84890047422",
    "dc:identifier": "SCOPUS_ID:84890047422",
    "eid": "2-s2.0-84890047422",
    "dc:title": "The nanostructure of silica microfibers fabricated by microfluidic selfassembly",
    "dc:creator": "Canning J.",
    "prism:publicationName": "Proceedings of SPIE - The International Society for Optical Engineering",
    "prism:issn": "0277786X",
    "prism:eIssn": "1996756X",
    "prism:isbn": [
        {
            "@_fa": "true",
            "$": "[9780819498168]"
        }
    ],
    "prism:volume": "8924",
    "prism:pageRange": null,
    "prism:coverDate": "2013-12-16",
    "prism:coverDisplayDate": "2013",
    "prism:doi": "10.1117/12.2032152",
    "citedby-count": "0",
    "affiliation": [
        {
            "@_fa": "true",
            "affilname": "Faculty of Science",
            "affiliation-city": "Sydney",
            "affiliation-country": "Australia"
        }
    ],
    "prism:aggregationType": "Conference Proceeding",
    "subtype": "cp",
    "subtypeDescription": "Conference Paper",
    "article-number": "89241Q",
    "source-id": "40067",
    "openaccess": "0",
    "openaccessFlag": false
}