{
    "@_fa": "true",
    "link": [
        {
            "@_fa": "true",
            "@ref": "self",
            "@href": "https://api.elsevier.com/content/abstract/scopus_id/84889000462"
        },
        {
            "@_fa": "true",
            "@ref": "author-affiliation",
            "@href": "https://api.elsevier.com/content/abstract/scopus_id/84889000462?field=author,affiliation"
        },
        {
            "@_fa": "true",
            "@ref": "scopus",
            "@href": "https://www.scopus.com/inward/record.uri?partnerID=HzOxMe3b&scp=84889000462&origin=inward"
        },
        {
            "@_fa": "true",
            "@ref": "scopus-citedby",
            "@href": "https://www.scopus.com/inward/citedby.uri?partnerID=HzOxMe3b&scp=84889000462&origin=inward"
        }
    ],
    "prism:url": "https://api.elsevier.com/content/abstract/scopus_id/84889000462",
    "dc:identifier": "SCOPUS_ID:84889000462",
    "eid": "2-s2.0-84889000462",
    "dc:title": "Framework for the design of java firm real-time systems oriented to the generation of timing behaviour models",
    "dc:creator": "Martinez P.L.",
    "prism:publicationName": "Proceedings - 39th Euromicro Conference Series on Software Engineering and Advanced Applications, SEAA 2013",
    "prism:isbn": [
        {
            "@_fa": "true",
            "$": "[9780769550916]"
        }
    ],
    "prism:pageRange": "195-202",
    "prism:coverDate": "2013-12-09",
    "prism:coverDisplayDate": "2013",
    "prism:doi": "10.1109/SEAA.2013.26",
    "citedby-count": "0",
    "affiliation": [
        {
            "@_fa": "true",
            "affilname": "Universidad de Cantabria",
            "affiliation-city": "Santander",
            "affiliation-country": "Spain"
        }
    ],
    "prism:aggregationType": "Conference Proceeding",
    "subtype": "cp",
    "subtypeDescription": "Conference Paper",
    "article-number": "6619510",
    "source-id": "21100269640",
    "openaccess": "0",
    "openaccessFlag": false
}