{
    "@_fa": "true",
    "link": [
        {
            "@_fa": "true",
            "@ref": "self",
            "@href": "https://api.elsevier.com/content/abstract/scopus_id/84890474839"
        },
        {
            "@_fa": "true",
            "@ref": "author-affiliation",
            "@href": "https://api.elsevier.com/content/abstract/scopus_id/84890474839?field=author,affiliation"
        },
        {
            "@_fa": "true",
            "@ref": "scopus",
            "@href": "https://www.scopus.com/inward/record.uri?partnerID=HzOxMe3b&scp=84890474839&origin=inward"
        },
        {
            "@_fa": "true",
            "@ref": "scopus-citedby",
            "@href": "https://www.scopus.com/inward/citedby.uri?partnerID=HzOxMe3b&scp=84890474839&origin=inward"
        }
    ],
    "prism:url": "https://api.elsevier.com/content/abstract/scopus_id/84890474839",
    "dc:identifier": "SCOPUS_ID:84890474839",
    "eid": "2-s2.0-84890474839",
    "dc:title": "Temperature field of heat sources during fluid injection in an anisotropic inhomogeneous reservoir",
    "dc:creator": "Filippov A.",
    "prism:publicationName": "Journal of Applied Mechanics and Technical Physics",
    "prism:issn": "00218944",
    "prism:eIssn": "15738620",
    "prism:volume": "54",
    "prism:issueIdentifier": "6",
    "prism:pageRange": "945-959",
    "prism:coverDate": "2013-12-23",
    "prism:coverDisplayDate": "2013",
    "prism:doi": "10.1134/S0021894413060102",
    "citedby-count": "0",
    "affiliation": [
        {
            "@_fa": "true",
            "affilname": "The Academy of Sciences of Bashkortostan",
            "affiliation-city": "Bashkortostan",
            "affiliation-country": "Russian Federation"
        }
    ],
    "prism:aggregationType": "Journal",
    "subtype": "ar",
    "subtypeDescription": "Article",
    "source-id": "21139",
    "openaccess": "0",
    "openaccessFlag": false
}