{
    "@_fa": "true",
    "link": [
        {
            "@_fa": "true",
            "@ref": "self",
            "@href": "https://api.elsevier.com/content/abstract/scopus_id/84886386532"
        },
        {
            "@_fa": "true",
            "@ref": "author-affiliation",
            "@href": "https://api.elsevier.com/content/abstract/scopus_id/84886386532?field=author,affiliation"
        },
        {
            "@_fa": "true",
            "@ref": "scopus",
            "@href": "https://www.scopus.com/inward/record.uri?partnerID=HzOxMe3b&scp=84886386532&origin=inward"
        },
        {
            "@_fa": "true",
            "@ref": "scopus-citedby",
            "@href": "https://www.scopus.com/inward/citedby.uri?partnerID=HzOxMe3b&scp=84886386532&origin=inward"
        },
        {
            "@_fa": "true",
            "@ref": "full-text",
            "@href": "https://api.elsevier.com/content/article/eid/1-s2.0-S0098135413001919"
        }
    ],
    "prism:url": "https://api.elsevier.com/content/abstract/scopus_id/84886386532",
    "dc:identifier": "SCOPUS_ID:84886386532",
    "eid": "2-s2.0-84886386532",
    "dc:title": "Profit optimization for chemical process plant based on a probabilistic approach by incorporating material flow uncertainties",
    "dc:creator": "Getu M.",
    "prism:publicationName": "Computers and Chemical Engineering",
    "prism:issn": "00981354",
    "prism:volume": "59",
    "prism:pageRange": "186-196",
    "prism:coverDate": "2013-12-05",
    "prism:coverDisplayDate": "5 December 2013",
    "prism:doi": "10.1016/j.compchemeng.2013.05.026",
    "pii": "S0098135413001919",
    "citedby-count": "7",
    "affiliation": [
        {
            "@_fa": "true",
            "affilname": "Curtin University, Malaysia",
            "affiliation-city": "Miri",
            "affiliation-country": "Malaysia"
        }
    ],
    "prism:aggregationType": "Journal",
    "subtype": "ar",
    "subtypeDescription": "Article",
    "source-id": "24600",
    "openaccess": "0",
    "openaccessFlag": false
}