{
    "@_fa": "true",
    "link": [
        {
            "@_fa": "true",
            "@ref": "self",
            "@href": "https://api.elsevier.com/content/abstract/scopus_id/84900363350"
        },
        {
            "@_fa": "true",
            "@ref": "author-affiliation",
            "@href": "https://api.elsevier.com/content/abstract/scopus_id/84900363350?field=author,affiliation"
        },
        {
            "@_fa": "true",
            "@ref": "scopus",
            "@href": "https://www.scopus.com/inward/record.uri?partnerID=HzOxMe3b&scp=84900363350&origin=inward"
        },
        {
            "@_fa": "true",
            "@ref": "scopus-citedby",
            "@href": "https://www.scopus.com/inward/citedby.uri?partnerID=HzOxMe3b&scp=84900363350&origin=inward"
        }
    ],
    "prism:url": "https://api.elsevier.com/content/abstract/scopus_id/84900363350",
    "dc:identifier": "SCOPUS_ID:84900363350",
    "eid": "2-s2.0-84900363350",
    "dc:title": "A tool for scientific provenance of data and software",
    "dc:creator": "Ceguerra A.V.",
    "prism:publicationName": "Proceedings - 16th IEEE International Conference on Computational Science and Engineering, CSE 2013",
    "prism:pageRange": "561-565",
    "prism:coverDate": "2013-12-01",
    "prism:coverDisplayDate": "2013",
    "prism:doi": "10.1109/CSE.2013.89",
    "citedby-count": "3",
    "affiliation": [
        {
            "@_fa": "true",
            "affilname": "The University of Sydney",
            "affiliation-city": "Sydney",
            "affiliation-country": "Australia"
        }
    ],
    "prism:aggregationType": "Conference Proceeding",
    "subtype": "cp",
    "subtypeDescription": "Conference Paper",
    "article-number": "6755269",
    "source-id": "21100301609",
    "openaccess": "0",
    "openaccessFlag": false
}