{
    "@_fa": "true",
    "link": [
        {
            "@_fa": "true",
            "@ref": "self",
            "@href": "https://api.elsevier.com/content/abstract/scopus_id/84903315239"
        },
        {
            "@_fa": "true",
            "@ref": "author-affiliation",
            "@href": "https://api.elsevier.com/content/abstract/scopus_id/84903315239?field=author,affiliation"
        },
        {
            "@_fa": "true",
            "@ref": "scopus",
            "@href": "https://www.scopus.com/inward/record.uri?partnerID=HzOxMe3b&scp=84903315239&origin=inward"
        },
        {
            "@_fa": "true",
            "@ref": "scopus-citedby",
            "@href": "https://www.scopus.com/inward/citedby.uri?partnerID=HzOxMe3b&scp=84903315239&origin=inward"
        },
        {
            "@_fa": "true",
            "@ref": "full-text",
            "@href": "https://api.elsevier.com/content/article/eid/1-s2.0-S0168583X13009750"
        }
    ],
    "prism:url": "https://api.elsevier.com/content/abstract/scopus_id/84903315239",
    "dc:identifier": "SCOPUS_ID:84903315239",
    "eid": "2-s2.0-84903315239",
    "dc:title": "Gamma-radiation-induced dielectric relaxation characteristics of layered crystals of phlogopite mica",
    "dc:creator": "Kaur N.",
    "prism:publicationName": "Nuclear Instruments and Methods in Physics Research, Section B: Beam Interactions with Materials and Atoms",
    "prism:issn": "0168583X",
    "prism:volume": "316",
    "prism:pageRange": "232-238",
    "prism:coverDate": "2013-12-01",
    "prism:coverDisplayDate": "1 December 2013",
    "prism:doi": "10.1016/j.nimb.2013.09.018",
    "pii": "S0168583X13009750",
    "citedby-count": "17",
    "affiliation": [
        {
            "@_fa": "true",
            "affilname": "Guru Nanak Dev University",
            "affiliation-city": "Amritsar",
            "affiliation-country": "India"
        }
    ],
    "prism:aggregationType": "Journal",
    "subtype": "ar",
    "subtypeDescription": "Article",
    "source-id": "29068",
    "openaccess": "0",
    "openaccessFlag": false
}