{
    "@_fa": "true",
    "link": [
        {
            "@_fa": "true",
            "@ref": "self",
            "@href": "https://api.elsevier.com/content/abstract/scopus_id/84891096158"
        },
        {
            "@_fa": "true",
            "@ref": "author-affiliation",
            "@href": "https://api.elsevier.com/content/abstract/scopus_id/84891096158?field=author,affiliation"
        },
        {
            "@_fa": "true",
            "@ref": "scopus",
            "@href": "https://www.scopus.com/inward/record.uri?partnerID=HzOxMe3b&scp=84891096158&origin=inward"
        },
        {
            "@_fa": "true",
            "@ref": "scopus-citedby",
            "@href": "https://www.scopus.com/inward/citedby.uri?partnerID=HzOxMe3b&scp=84891096158&origin=inward"
        }
    ],
    "prism:url": "https://api.elsevier.com/content/abstract/scopus_id/84891096158",
    "dc:identifier": "SCOPUS_ID:84891096158",
    "eid": "2-s2.0-84891096158",
    "dc:title": "The performance of intra and inter handover with overlapping cell in LTE based network",
    "dc:creator": "Ismail M.",
    "prism:publicationName": "Proceedings - 2013 IEEE 3rd International Conference on System Engineering and Technology, ICSET 2013",
    "prism:isbn": [
        {
            "@_fa": "true",
            "$": "[9781479910304]"
        }
    ],
    "prism:pageRange": "148-151",
    "prism:coverDate": "2013-12-31",
    "prism:coverDisplayDate": "2013",
    "prism:doi": "10.1109/ICSEngT.2013.6650160",
    "citedby-count": "4",
    "affiliation": [
        {
            "@_fa": "true",
            "affilname": "Universiti Teknologi MARA",
            "affiliation-city": "Shah Alam",
            "affiliation-country": "Malaysia"
        }
    ],
    "prism:aggregationType": "Conference Proceeding",
    "subtype": "cp",
    "subtypeDescription": "Conference Paper",
    "article-number": "6650160",
    "source-id": "21100276774",
    "openaccess": "0",
    "openaccessFlag": false
}