{
    "@_fa": "true",
    "link": [
        {
            "@_fa": "true",
            "@ref": "self",
            "@href": "https://api.elsevier.com/content/abstract/scopus_id/84889055446"
        },
        {
            "@_fa": "true",
            "@ref": "author-affiliation",
            "@href": "https://api.elsevier.com/content/abstract/scopus_id/84889055446?field=author,affiliation"
        },
        {
            "@_fa": "true",
            "@ref": "scopus",
            "@href": "https://www.scopus.com/inward/record.uri?partnerID=HzOxMe3b&scp=84889055446&origin=inward"
        },
        {
            "@_fa": "true",
            "@ref": "scopus-citedby",
            "@href": "https://www.scopus.com/inward/citedby.uri?partnerID=HzOxMe3b&scp=84889055446&origin=inward"
        }
    ],
    "prism:url": "https://api.elsevier.com/content/abstract/scopus_id/84889055446",
    "dc:identifier": "SCOPUS_ID:84889055446",
    "eid": "2-s2.0-84889055446",
    "dc:title": "A virtual laboratory for power electronics and DSP based motion control",
    "dc:creator": "Li X.",
    "prism:publicationName": "2013 IEEE 14th Workshop on Control and Modeling for Power Electronics, COMPEL 2013",
    "prism:isbn": [
        {
            "@_fa": "true",
            "$": "[9781467349161]"
        }
    ],
    "prism:pageRange": null,
    "prism:coverDate": "2013-12-09",
    "prism:coverDisplayDate": "2013",
    "prism:doi": "10.1109/COMPEL.2013.6626422",
    "citedby-count": "3",
    "affiliation": [
        {
            "@_fa": "true",
            "affilname": "Erik Jonsson School of Engineering and Computer Science",
            "affiliation-city": "Richardson",
            "affiliation-country": "United States"
        }
    ],
    "prism:aggregationType": "Conference Proceeding",
    "subtype": "cp",
    "subtypeDescription": "Conference Paper",
    "article-number": "6626422",
    "source-id": "21100269624",
    "openaccess": "0",
    "openaccessFlag": false
}