{
    "@_fa": "true",
    "link": [
        {
            "@_fa": "true",
            "@ref": "self",
            "@href": "https://api.elsevier.com/content/abstract/scopus_id/84890015753"
        },
        {
            "@_fa": "true",
            "@ref": "author-affiliation",
            "@href": "https://api.elsevier.com/content/abstract/scopus_id/84890015753?field=author,affiliation"
        },
        {
            "@_fa": "true",
            "@ref": "scopus",
            "@href": "https://www.scopus.com/inward/record.uri?partnerID=HzOxMe3b&scp=84890015753&origin=inward"
        },
        {
            "@_fa": "true",
            "@ref": "scopus-citedby",
            "@href": "https://www.scopus.com/inward/citedby.uri?partnerID=HzOxMe3b&scp=84890015753&origin=inward"
        }
    ],
    "prism:url": "https://api.elsevier.com/content/abstract/scopus_id/84890015753",
    "dc:identifier": "SCOPUS_ID:84890015753",
    "eid": "2-s2.0-84890015753",
    "dc:title": "Blind channel-shortening for multipath channels using a recursive prediction-error filter with additional prediction delay",
    "dc:creator": "Dalzell W.",
    "prism:publicationName": "IET Communications",
    "prism:issn": "17518628",
    "prism:volume": "7",
    "prism:issueIdentifier": "16",
    "prism:pageRange": "1844-1851",
    "prism:coverDate": "2013-12-16",
    "prism:coverDisplayDate": "2013",
    "prism:doi": "10.1049/iet-com.2012.0583",
    "citedby-count": "1",
    "affiliation": [
        {
            "@_fa": "true",
            "affilname": "Queen's University Belfast",
            "affiliation-city": "Belfast",
            "affiliation-country": "United Kingdom"
        }
    ],
    "prism:aggregationType": "Journal",
    "subtype": "ar",
    "subtypeDescription": "Article",
    "source-id": "5300152202",
    "openaccess": "0",
    "openaccessFlag": false
}