{
    "@_fa": "true",
    "link": [
        {
            "@_fa": "true",
            "@ref": "self",
            "@href": "https://api.elsevier.com/content/abstract/scopus_id/84889575747"
        },
        {
            "@_fa": "true",
            "@ref": "author-affiliation",
            "@href": "https://api.elsevier.com/content/abstract/scopus_id/84889575747?field=author,affiliation"
        },
        {
            "@_fa": "true",
            "@ref": "scopus",
            "@href": "https://www.scopus.com/inward/record.uri?partnerID=HzOxMe3b&scp=84889575747&origin=inward"
        },
        {
            "@_fa": "true",
            "@ref": "scopus-citedby",
            "@href": "https://www.scopus.com/inward/citedby.uri?partnerID=HzOxMe3b&scp=84889575747&origin=inward"
        }
    ],
    "prism:url": "https://api.elsevier.com/content/abstract/scopus_id/84889575747",
    "dc:identifier": "SCOPUS_ID:84889575747",
    "eid": "2-s2.0-84889575747",
    "dc:title": "Adaptive differential evolution with competent leaders",
    "dc:creator": "Cai Y.",
    "prism:publicationName": "Proceedings - 4th International Conference on Emerging Intelligent Data and Web Technologies, EIDWT 2013",
    "prism:isbn": [
        {
            "@_fa": "true",
            "$": "[9780769550442]"
        }
    ],
    "prism:pageRange": "204-210",
    "prism:coverDate": "2013-12-11",
    "prism:coverDisplayDate": "2013",
    "prism:doi": "10.1109/EIDWT.2013.40",
    "citedby-count": "0",
    "affiliation": [
        {
            "@_fa": "true",
            "affilname": "Huaqiao University",
            "affiliation-city": "Quanzhou",
            "affiliation-country": "China"
        }
    ],
    "prism:aggregationType": "Conference Proceeding",
    "subtype": "cp",
    "subtypeDescription": "Conference Paper",
    "article-number": "6631618",
    "source-id": "21100272908",
    "openaccess": "0",
    "openaccessFlag": false
}