{
    "@_fa": "true",
    "link": [
        {
            "@_fa": "true",
            "@ref": "self",
            "@href": "https://api.elsevier.com/content/abstract/scopus_id/84951814232"
        },
        {
            "@_fa": "true",
            "@ref": "author-affiliation",
            "@href": "https://api.elsevier.com/content/abstract/scopus_id/84951814232?field=author,affiliation"
        },
        {
            "@_fa": "true",
            "@ref": "scopus",
            "@href": "https://www.scopus.com/inward/record.uri?partnerID=HzOxMe3b&scp=84951814232&origin=inward"
        },
        {
            "@_fa": "true",
            "@ref": "scopus-citedby",
            "@href": "https://www.scopus.com/inward/citedby.uri?partnerID=HzOxMe3b&scp=84951814232&origin=inward"
        }
    ],
    "prism:url": "https://api.elsevier.com/content/abstract/scopus_id/84951814232",
    "dc:identifier": "SCOPUS_ID:84951814232",
    "eid": "2-s2.0-84951814232",
    "dc:title": "Shocks as burn-in",
    "dc:creator": "Finkelstein M.",
    "prism:publicationName": "Springer Series in Reliability Engineering",
    "prism:issn": "16147839",
    "prism:eIssn": "2196999X",
    "prism:volume": "54",
    "prism:pageRange": "313-361",
    "prism:coverDate": "2013-12-01",
    "prism:coverDisplayDate": "1 December 2013",
    "prism:doi": "10.1007/978-1-4471-5028-2_9",
    "citedby-count": "0",
    "affiliation": [
        {
            "@_fa": "true",
            "affilname": "University of the Free State",
            "affiliation-city": "Bloemfontein",
            "affiliation-country": "South Africa"
        },
        {
            "@_fa": "true",
            "affilname": "Max Planck Institute for Demographic Research",
            "affiliation-city": "Rostock",
            "affiliation-country": "Germany"
        },
        {
            "@_fa": "true",
            "affilname": "Ewha Womans University",
            "affiliation-city": "Seoul",
            "affiliation-country": "South Korea"
        }
    ],
    "prism:aggregationType": "Book Series",
    "subtype": "ch",
    "subtypeDescription": "Book Chapter",
    "source-id": "21100431907",
    "openaccess": "0",
    "openaccessFlag": false
}