{
    "@_fa": "true",
    "link": [
        {
            "@_fa": "true",
            "@ref": "self",
            "@href": "https://api.elsevier.com/content/abstract/scopus_id/84889029966"
        },
        {
            "@_fa": "true",
            "@ref": "author-affiliation",
            "@href": "https://api.elsevier.com/content/abstract/scopus_id/84889029966?field=author,affiliation"
        },
        {
            "@_fa": "true",
            "@ref": "scopus",
            "@href": "https://www.scopus.com/inward/record.uri?partnerID=HzOxMe3b&scp=84889029966&origin=inward"
        },
        {
            "@_fa": "true",
            "@ref": "scopus-citedby",
            "@href": "https://www.scopus.com/inward/citedby.uri?partnerID=HzOxMe3b&scp=84889029966&origin=inward"
        }
    ],
    "prism:url": "https://api.elsevier.com/content/abstract/scopus_id/84889029966",
    "dc:identifier": "SCOPUS_ID:84889029966",
    "eid": "2-s2.0-84889029966",
    "dc:title": "HKUST-1 coated piezoresistive microcantilever array for volatile organic compound sensing",
    "dc:creator": "Ellern I.",
    "prism:publicationName": "Micro and Nano Letters",
    "prism:eIssn": "17500443",
    "prism:volume": "8",
    "prism:issueIdentifier": "11",
    "prism:pageRange": "766-769",
    "prism:coverDate": "2013-12-09",
    "prism:coverDisplayDate": "2013",
    "prism:doi": "10.1049/mnl.2013.0390",
    "citedby-count": "30",
    "affiliation": [
        {
            "@_fa": "true",
            "affilname": "Georgia Institute of Technology",
            "affiliation-city": "Atlanta",
            "affiliation-country": "United States"
        }
    ],
    "prism:aggregationType": "Journal",
    "subtype": "ar",
    "subtypeDescription": "Article",
    "source-id": "6100152803",
    "openaccess": "1",
    "openaccessFlag": true,
    "freetoread": {
        "value": [
            {
                "$": "all"
            },
            {
                "$": "publisherfree2read"
            }
        ]
    },
    "freetoreadLabel": {
        "value": [
            {
                "$": "All Open Access"
            },
            {
                "$": "Bronze"
            }
        ]
    }
}