{
    "@_fa": "true",
    "link": [
        {
            "@_fa": "true",
            "@ref": "self",
            "@href": "https://api.elsevier.com/content/abstract/scopus_id/85016379441"
        },
        {
            "@_fa": "true",
            "@ref": "author-affiliation",
            "@href": "https://api.elsevier.com/content/abstract/scopus_id/85016379441?field=author,affiliation"
        },
        {
            "@_fa": "true",
            "@ref": "scopus",
            "@href": "https://www.scopus.com/inward/record.uri?partnerID=HzOxMe3b&scp=85016379441&origin=inward"
        },
        {
            "@_fa": "true",
            "@ref": "scopus-citedby",
            "@href": "https://www.scopus.com/inward/citedby.uri?partnerID=HzOxMe3b&scp=85016379441&origin=inward"
        }
    ],
    "prism:url": "https://api.elsevier.com/content/abstract/scopus_id/85016379441",
    "dc:identifier": "SCOPUS_ID:85016379441",
    "eid": "2-s2.0-85016379441",
    "dc:title": "Pilot sites: Success stories and learnt lessons",
    "dc:creator": "Kariniotakis G.",
    "prism:publicationName": "Microgrids: Architectures and Control",
    "prism:isbn": [
        {
            "@_fa": "true",
            "$": "[9781118720677, 9781118720684]"
        }
    ],
    "prism:pageRange": "206-274",
    "prism:coverDate": "2013-12-06",
    "prism:coverDisplayDate": "6 December 2013",
    "prism:doi": "10.1002/9781118720677.ch6",
    "citedby-count": "8",
    "affiliation": [
        {
            "@_fa": "true",
            "affilname": "Mines Paris - PSL",
            "affiliation-city": "Paris",
            "affiliation-country": "France"
        }
    ],
    "prism:aggregationType": "Book",
    "subtype": "ch",
    "subtypeDescription": "Book Chapter",
    "source-id": "21100803530",
    "openaccess": "0",
    "openaccessFlag": false
}