{
    "@_fa": "true",
    "link": [
        {
            "@_fa": "true",
            "@ref": "self",
            "@href": "https://api.elsevier.com/content/abstract/scopus_id/84887826056"
        },
        {
            "@_fa": "true",
            "@ref": "author-affiliation",
            "@href": "https://api.elsevier.com/content/abstract/scopus_id/84887826056?field=author,affiliation"
        },
        {
            "@_fa": "true",
            "@ref": "scopus",
            "@href": "https://www.scopus.com/inward/record.uri?partnerID=HzOxMe3b&scp=84887826056&origin=inward"
        },
        {
            "@_fa": "true",
            "@ref": "scopus-citedby",
            "@href": "https://www.scopus.com/inward/citedby.uri?partnerID=HzOxMe3b&scp=84887826056&origin=inward"
        }
    ],
    "prism:url": "https://api.elsevier.com/content/abstract/scopus_id/84887826056",
    "dc:identifier": "SCOPUS_ID:84887826056",
    "eid": "2-s2.0-84887826056",
    "dc:title": "On some advanced thermo-mechanical models for saturated clays",
    "dc:creator": "Hong P.Y.",
    "prism:publicationName": "International Journal for Numerical and Analytical Methods in Geomechanics",
    "prism:issn": "03639061",
    "prism:eIssn": "10969853",
    "prism:volume": "37",
    "prism:issueIdentifier": "17",
    "prism:pageRange": "2952-2971",
    "prism:coverDate": "2013-12-10",
    "prism:coverDisplayDate": "10 December 2013",
    "prism:doi": "10.1002/nag.2170",
    "citedby-count": "42",
    "affiliation": [
        {
            "@_fa": "true",
            "affilname": "Laboratoire Navier",
            "affiliation-city": "Marne-la-Vallee",
            "affiliation-country": "France"
        }
    ],
    "prism:aggregationType": "Journal",
    "subtype": "ar",
    "subtypeDescription": "Article",
    "source-id": "16214",
    "openaccess": "0",
    "openaccessFlag": false,
    "freetoread": {
        "value": [
            {
                "$": "all"
            },
            {
                "$": "repository"
            },
            {
                "$": "repositoryam"
            }
        ]
    },
    "freetoreadLabel": {
        "value": [
            {
                "$": "All Open Access"
            },
            {
                "$": "Green"
            }
        ]
    }
}