{
    "@_fa": "true",
    "link": [
        {
            "@_fa": "true",
            "@ref": "self",
            "@href": "https://api.elsevier.com/content/abstract/scopus_id/84890095316"
        },
        {
            "@_fa": "true",
            "@ref": "author-affiliation",
            "@href": "https://api.elsevier.com/content/abstract/scopus_id/84890095316?field=author,affiliation"
        },
        {
            "@_fa": "true",
            "@ref": "scopus",
            "@href": "https://www.scopus.com/inward/record.uri?partnerID=HzOxMe3b&scp=84890095316&origin=inward"
        },
        {
            "@_fa": "true",
            "@ref": "scopus-citedby",
            "@href": "https://www.scopus.com/inward/citedby.uri?partnerID=HzOxMe3b&scp=84890095316&origin=inward"
        }
    ],
    "prism:url": "https://api.elsevier.com/content/abstract/scopus_id/84890095316",
    "dc:identifier": "SCOPUS_ID:84890095316",
    "eid": "2-s2.0-84890095316",
    "dc:title": "Sustainability in supply chain management how to execute the triple bottom line",
    "dc:creator": "Osland A.",
    "prism:publicationName": "Proceeding of the 2013 \"Suzhou-Silicon Valley-Beijing\" International Innovation Conference: Technology Innovation and Diasporas in a Global Era, SIIC 2013",
    "prism:isbn": [
        {
            "@_fa": "true",
            "$": "[9781479903399]"
        }
    ],
    "prism:pageRange": "13-18",
    "prism:coverDate": "2013-12-16",
    "prism:coverDisplayDate": "2013",
    "prism:doi": "10.1109/SIIC.2013.6624159",
    "citedby-count": "0",
    "affiliation": [
        {
            "@_fa": "true",
            "affilname": "San Jose State University",
            "affiliation-city": "San Jose",
            "affiliation-country": "United States"
        }
    ],
    "prism:aggregationType": "Conference Proceeding",
    "subtype": "cp",
    "subtypeDescription": "Conference Paper",
    "article-number": "6624159",
    "source-id": "21100274207",
    "openaccess": "0",
    "openaccessFlag": false
}