{
    "@_fa": "true",
    "link": [
        {
            "@_fa": "true",
            "@ref": "self",
            "@href": "https://api.elsevier.com/content/abstract/scopus_id/84890877121"
        },
        {
            "@_fa": "true",
            "@ref": "author-affiliation",
            "@href": "https://api.elsevier.com/content/abstract/scopus_id/84890877121?field=author,affiliation"
        },
        {
            "@_fa": "true",
            "@ref": "scopus",
            "@href": "https://www.scopus.com/inward/record.uri?partnerID=HzOxMe3b&scp=84890877121&origin=inward"
        },
        {
            "@_fa": "true",
            "@ref": "scopus-citedby",
            "@href": "https://www.scopus.com/inward/citedby.uri?partnerID=HzOxMe3b&scp=84890877121&origin=inward"
        }
    ],
    "prism:url": "https://api.elsevier.com/content/abstract/scopus_id/84890877121",
    "dc:identifier": "SCOPUS_ID:84890877121",
    "eid": "2-s2.0-84890877121",
    "dc:title": "Learning-guided exploration in airfoil optimization",
    "dc:creator": "Reehuis E.",
    "prism:publicationName": "Lecture Notes in Computer Science (including subseries Lecture Notes in Artificial Intelligence and Lecture Notes in Bioinformatics)",
    "prism:issn": "03029743",
    "prism:eIssn": "16113349",
    "prism:isbn": [
        {
            "@_fa": "true",
            "$": "[9783642412776]"
        }
    ],
    "prism:volume": "8206 LNCS",
    "prism:pageRange": "505-512",
    "prism:coverDate": "2013-12-27",
    "prism:coverDisplayDate": "2013",
    "prism:doi": "10.1007/978-3-642-41278-3_61",
    "citedby-count": "1",
    "affiliation": [
        {
            "@_fa": "true",
            "affilname": "Honda Research Institute Europe GmbH",
            "affiliation-city": "Offenbach",
            "affiliation-country": "Germany"
        },
        {
            "@_fa": "true",
            "affilname": "Universiteit Leiden",
            "affiliation-city": "Leiden",
            "affiliation-country": "Netherlands"
        }
    ],
    "prism:aggregationType": "Book Series",
    "subtype": "cp",
    "subtypeDescription": "Conference Paper",
    "source-id": "25674",
    "openaccess": "0",
    "openaccessFlag": false
}