{
    "@_fa": "true",
    "link": [
        {
            "@_fa": "true",
            "@ref": "self",
            "@href": "https://api.elsevier.com/content/abstract/scopus_id/84890890059"
        },
        {
            "@_fa": "true",
            "@ref": "author-affiliation",
            "@href": "https://api.elsevier.com/content/abstract/scopus_id/84890890059?field=author,affiliation"
        },
        {
            "@_fa": "true",
            "@ref": "scopus",
            "@href": "https://www.scopus.com/inward/record.uri?partnerID=HzOxMe3b&scp=84890890059&origin=inward"
        },
        {
            "@_fa": "true",
            "@ref": "scopus-citedby",
            "@href": "https://www.scopus.com/inward/citedby.uri?partnerID=HzOxMe3b&scp=84890890059&origin=inward"
        }
    ],
    "prism:url": "https://api.elsevier.com/content/abstract/scopus_id/84890890059",
    "dc:identifier": "SCOPUS_ID:84890890059",
    "eid": "2-s2.0-84890890059",
    "dc:title": "Analysis of the security-enhanced vTPM migration protocol based on ProVerif",
    "dc:creator": "Chang D.",
    "prism:publicationName": "Proceedings - 2013 International Conference on Computational and Information Sciences, ICCIS 2013",
    "prism:isbn": [
        {
            "@_fa": "true",
            "$": "[9780769550046]"
        }
    ],
    "prism:pageRange": "1437-1440",
    "prism:coverDate": "2013-12-27",
    "prism:coverDisplayDate": "2013",
    "prism:doi": "10.1109/ICCIS.2013.379",
    "citedby-count": "7",
    "affiliation": [
        {
            "@_fa": "true",
            "affilname": "Zhengzhou Information Science Technology Institute",
            "affiliation-city": "Zhengzhou",
            "affiliation-country": "China"
        },
        {
            "@_fa": "true",
            "affilname": "Institute of Software Chinese Academy of Sciences",
            "affiliation-city": "Beijing",
            "affiliation-country": "China"
        }
    ],
    "prism:aggregationType": "Conference Proceeding",
    "subtype": "cp",
    "subtypeDescription": "Conference Paper",
    "article-number": "6643297",
    "source-id": "21100276225",
    "openaccess": "0",
    "openaccessFlag": false
}