{
    "@_fa": "true",
    "link": [
        {
            "@_fa": "true",
            "@ref": "self",
            "@href": "https://api.elsevier.com/content/abstract/scopus_id/84890591581"
        },
        {
            "@_fa": "true",
            "@ref": "author-affiliation",
            "@href": "https://api.elsevier.com/content/abstract/scopus_id/84890591581?field=author,affiliation"
        },
        {
            "@_fa": "true",
            "@ref": "scopus",
            "@href": "https://www.scopus.com/inward/record.uri?partnerID=HzOxMe3b&scp=84890591581&origin=inward"
        },
        {
            "@_fa": "true",
            "@ref": "scopus-citedby",
            "@href": "https://www.scopus.com/inward/citedby.uri?partnerID=HzOxMe3b&scp=84890591581&origin=inward"
        }
    ],
    "prism:url": "https://api.elsevier.com/content/abstract/scopus_id/84890591581",
    "dc:identifier": "SCOPUS_ID:84890591581",
    "eid": "2-s2.0-84890591581",
    "dc:title": "A distributed rule execution mechanism based on mapreduce in sematic web reasoning",
    "dc:creator": "Wu H.",
    "prism:publicationName": "ACM International Conference Proceeding Series",
    "prism:isbn": [
        {
            "@_fa": "true",
            "$": "[9781450323697]"
        }
    ],
    "prism:pageRange": null,
    "prism:coverDate": "2013-12-24",
    "prism:coverDisplayDate": "2013",
    "prism:doi": "10.1145/2532443.2532457",
    "citedby-count": "1",
    "affiliation": [
        {
            "@_fa": "true",
            "affilname": "Institute of Software Chinese Academy of Sciences",
            "affiliation-city": "Beijing",
            "affiliation-country": "China"
        }
    ],
    "prism:aggregationType": "Conference Proceeding",
    "subtype": "cp",
    "subtypeDescription": "Conference Paper",
    "article-number": "6",
    "source-id": "11600154611",
    "openaccess": "0",
    "openaccessFlag": false
}