{
    "@_fa": "true",
    "link": [
        {
            "@_fa": "true",
            "@ref": "self",
            "@href": "https://api.elsevier.com/content/abstract/scopus_id/84890880687"
        },
        {
            "@_fa": "true",
            "@ref": "author-affiliation",
            "@href": "https://api.elsevier.com/content/abstract/scopus_id/84890880687?field=author,affiliation"
        },
        {
            "@_fa": "true",
            "@ref": "scopus",
            "@href": "https://www.scopus.com/inward/record.uri?partnerID=HzOxMe3b&scp=84890880687&origin=inward"
        },
        {
            "@_fa": "true",
            "@ref": "scopus-citedby",
            "@href": "https://www.scopus.com/inward/citedby.uri?partnerID=HzOxMe3b&scp=84890880687&origin=inward"
        }
    ],
    "prism:url": "https://api.elsevier.com/content/abstract/scopus_id/84890880687",
    "dc:identifier": "SCOPUS_ID:84890880687",
    "eid": "2-s2.0-84890880687",
    "dc:title": "An IPPCT dynamic watermarking scheme based on Chinese remainder theorem",
    "dc:creator": "Peng C.",
    "prism:publicationName": "Proceedings - 2013 International Conference on Computational and Information Sciences, ICCIS 2013",
    "prism:isbn": [
        {
            "@_fa": "true",
            "$": "[9780769550046]"
        }
    ],
    "prism:pageRange": "167-170",
    "prism:coverDate": "2013-12-27",
    "prism:coverDisplayDate": "2013",
    "prism:doi": "10.1109/ICCIS.2013.52",
    "citedby-count": "2",
    "affiliation": [
        {
            "@_fa": "true",
            "affilname": "Zhengzhou University",
            "affiliation-city": "Zhengzhou",
            "affiliation-country": "China"
        }
    ],
    "prism:aggregationType": "Conference Proceeding",
    "subtype": "cp",
    "subtypeDescription": "Conference Paper",
    "article-number": "6642967",
    "source-id": "21100276225",
    "openaccess": "0",
    "openaccessFlag": false
}