{
    "@_fa": "true",
    "link": [
        {
            "@_fa": "true",
            "@ref": "self",
            "@href": "https://api.elsevier.com/content/abstract/scopus_id/84890109420"
        },
        {
            "@_fa": "true",
            "@ref": "author-affiliation",
            "@href": "https://api.elsevier.com/content/abstract/scopus_id/84890109420?field=author,affiliation"
        },
        {
            "@_fa": "true",
            "@ref": "scopus",
            "@href": "https://www.scopus.com/inward/record.uri?partnerID=HzOxMe3b&scp=84890109420&origin=inward"
        },
        {
            "@_fa": "true",
            "@ref": "scopus-citedby",
            "@href": "https://www.scopus.com/inward/citedby.uri?partnerID=HzOxMe3b&scp=84890109420&origin=inward"
        }
    ],
    "prism:url": "https://api.elsevier.com/content/abstract/scopus_id/84890109420",
    "dc:identifier": "SCOPUS_ID:84890109420",
    "eid": "2-s2.0-84890109420",
    "dc:title": "An investigation of college students' perceptions of academic dishonesty, reasons for dishonesty, achievement goals, and willingness to report dishonest behavior",
    "dc:creator": "Yang S.",
    "prism:publicationName": "Ethics and Behavior",
    "prism:issn": "10508422",
    "prism:volume": "23",
    "prism:issueIdentifier": "6",
    "prism:pageRange": "501-522",
    "prism:coverDate": "2013-12-16",
    "prism:coverDisplayDate": "2013",
    "prism:doi": "10.1080/10508422.2013.802651",
    "citedby-count": "66",
    "affiliation": [
        {
            "@_fa": "true",
            "affilname": "National Sun Yat-Sen University",
            "affiliation-city": "Kaohsiung",
            "affiliation-country": "Taiwan"
        }
    ],
    "prism:aggregationType": "Journal",
    "subtype": "ar",
    "subtypeDescription": "Article",
    "source-id": "14095",
    "openaccess": "0",
    "openaccessFlag": false
}