{
    "@_fa": "true",
    "link": [
        {
            "@_fa": "true",
            "@ref": "self",
            "@href": "https://api.elsevier.com/content/abstract/scopus_id/84890187732"
        },
        {
            "@_fa": "true",
            "@ref": "author-affiliation",
            "@href": "https://api.elsevier.com/content/abstract/scopus_id/84890187732?field=author,affiliation"
        },
        {
            "@_fa": "true",
            "@ref": "scopus",
            "@href": "https://www.scopus.com/inward/record.uri?partnerID=HzOxMe3b&scp=84890187732&origin=inward"
        },
        {
            "@_fa": "true",
            "@ref": "scopus-citedby",
            "@href": "https://www.scopus.com/inward/citedby.uri?partnerID=HzOxMe3b&scp=84890187732&origin=inward"
        }
    ],
    "prism:url": "https://api.elsevier.com/content/abstract/scopus_id/84890187732",
    "dc:identifier": "SCOPUS_ID:84890187732",
    "eid": "2-s2.0-84890187732",
    "dc:title": "Experimental evaluation of a 600 v super-junction planar PT IGBT prototype - Comparison with planar PT and trench gate PT technologies",
    "dc:creator": "Selgi L.",
    "prism:publicationName": "2013 15th European Conference on Power Electronics and Applications, EPE 2013",
    "prism:isbn": [
        {
            "@_fa": "true",
            "$": "[9781479901166]"
        }
    ],
    "prism:pageRange": null,
    "prism:coverDate": "2013-12-17",
    "prism:coverDisplayDate": "2013",
    "prism:doi": "10.1109/EPE.2013.6631745",
    "citedby-count": "9",
    "affiliation": [
        {
            "@_fa": "true",
            "affilname": "STMicroelectronics",
            "affiliation-city": "Geneva",
            "affiliation-country": "Switzerland"
        }
    ],
    "prism:aggregationType": "Conference Proceeding",
    "subtype": "cp",
    "subtypeDescription": "Conference Paper",
    "article-number": "6631745",
    "source-id": "21100274262",
    "openaccess": "0",
    "openaccessFlag": false
}