{
    "@_fa": "true",
    "link": [
        {
            "@_fa": "true",
            "@ref": "self",
            "@href": "https://api.elsevier.com/content/abstract/scopus_id/85051687830"
        },
        {
            "@_fa": "true",
            "@ref": "author-affiliation",
            "@href": "https://api.elsevier.com/content/abstract/scopus_id/85051687830?field=author,affiliation"
        },
        {
            "@_fa": "true",
            "@ref": "scopus",
            "@href": "https://www.scopus.com/inward/record.uri?partnerID=HzOxMe3b&scp=85051687830&origin=inward"
        },
        {
            "@_fa": "true",
            "@ref": "scopus-citedby",
            "@href": "https://www.scopus.com/inward/citedby.uri?partnerID=HzOxMe3b&scp=85051687830&origin=inward"
        }
    ],
    "prism:url": "https://api.elsevier.com/content/abstract/scopus_id/85051687830",
    "dc:identifier": "SCOPUS_ID:85051687830",
    "eid": "2-s2.0-85051687830",
    "dc:title": "Preface",
    "dc:creator": "Hammadi S.",
    "prism:publicationName": "Multimodal Transport Systems",
    "prism:isbn": [
        {
            "@_fa": "true",
            "$": "[9781118577202, 9781848214118]"
        }
    ],
    "prism:pageRange": "xi-xii",
    "prism:coverDate": "2013-12-31",
    "prism:coverDisplayDate": "December 31, 2013",
    "prism:doi": "10.1002/9781118577202",
    "citedby-count": "0",
    "affiliation": [
        {
            "@_fa": "true",
            "affilname": "Universit\u00e9 de Lille",
            "affiliation-city": "Lille",
            "affiliation-country": "France"
        }
    ],
    "prism:aggregationType": "Book",
    "subtype": "ed",
    "subtypeDescription": "Editorial",
    "source-id": "21100428019",
    "openaccess": "0",
    "openaccessFlag": false
}