{
    "@_fa": "true",
    "link": [
        {
            "@_fa": "true",
            "@ref": "self",
            "@href": "https://api.elsevier.com/content/abstract/scopus_id/84890929047"
        },
        {
            "@_fa": "true",
            "@ref": "author-affiliation",
            "@href": "https://api.elsevier.com/content/abstract/scopus_id/84890929047?field=author,affiliation"
        },
        {
            "@_fa": "true",
            "@ref": "scopus",
            "@href": "https://www.scopus.com/inward/record.uri?partnerID=HzOxMe3b&scp=84890929047&origin=inward"
        },
        {
            "@_fa": "true",
            "@ref": "scopus-citedby",
            "@href": "https://www.scopus.com/inward/citedby.uri?partnerID=HzOxMe3b&scp=84890929047&origin=inward"
        }
    ],
    "prism:url": "https://api.elsevier.com/content/abstract/scopus_id/84890929047",
    "dc:identifier": "SCOPUS_ID:84890929047",
    "eid": "2-s2.0-84890929047",
    "dc:title": "Swarm vision: Autonomous aesthetic multi-camera interaction",
    "dc:creator": "Legrady G.",
    "prism:publicationName": "SIGGRAPH Asia 2013 Art Gallery, SA 2013",
    "prism:isbn": [
        {
            "@_fa": "true",
            "$": "[9781450326285]"
        }
    ],
    "prism:pageRange": null,
    "prism:coverDate": "2013-12-30",
    "prism:coverDisplayDate": "2013",
    "prism:doi": "10.1145/2542256.2542262",
    "citedby-count": "0",
    "affiliation": [
        {
            "@_fa": "true",
            "affilname": "Media Arts and Technology",
            "affiliation-city": "Santa Barbara",
            "affiliation-country": "United States"
        }
    ],
    "prism:aggregationType": "Conference Proceeding",
    "subtype": "cp",
    "subtypeDescription": "Conference Paper",
    "article-number": "23",
    "source-id": "21100276417",
    "openaccess": "0",
    "openaccessFlag": false
}