{
    "@_fa": "true",
    "link": [
        {
            "@_fa": "true",
            "@ref": "self",
            "@href": "https://api.elsevier.com/content/abstract/scopus_id/84889682530"
        },
        {
            "@_fa": "true",
            "@ref": "author-affiliation",
            "@href": "https://api.elsevier.com/content/abstract/scopus_id/84889682530?field=author,affiliation"
        },
        {
            "@_fa": "true",
            "@ref": "scopus",
            "@href": "https://www.scopus.com/inward/record.uri?partnerID=HzOxMe3b&scp=84889682530&origin=inward"
        },
        {
            "@_fa": "true",
            "@ref": "scopus-citedby",
            "@href": "https://www.scopus.com/inward/citedby.uri?partnerID=HzOxMe3b&scp=84889682530&origin=inward"
        }
    ],
    "prism:url": "https://api.elsevier.com/content/abstract/scopus_id/84889682530",
    "dc:identifier": "SCOPUS_ID:84889682530",
    "eid": "2-s2.0-84889682530",
    "dc:title": "Metabolic engineering of lipid catabolism increases microalgal lipid accumulation without compromising growth",
    "dc:creator": "Trentacoste E.",
    "prism:publicationName": "Proceedings of the National Academy of Sciences of the United States of America",
    "prism:issn": "00278424",
    "prism:eIssn": "10916490",
    "prism:volume": "110",
    "prism:issueIdentifier": "49",
    "prism:pageRange": "19748-19753",
    "prism:coverDate": "2013-12-03",
    "prism:coverDisplayDate": "3 December 2013",
    "prism:doi": "10.1073/pnas.1309299110",
    "citedby-count": "371",
    "affiliation": [
        {
            "@_fa": "true",
            "affilname": "Scripps Institution of Oceanography",
            "affiliation-city": "La Jolla",
            "affiliation-country": "United States"
        }
    ],
    "pubmed-id": "24248374",
    "prism:aggregationType": "Journal",
    "subtype": "ar",
    "subtypeDescription": "Article",
    "source-id": "21121",
    "openaccess": "1",
    "openaccessFlag": true,
    "freetoread": {
        "value": [
            {
                "$": "all"
            },
            {
                "$": "publisherfree2read"
            }
        ]
    },
    "freetoreadLabel": {
        "value": [
            {
                "$": "All Open Access"
            },
            {
                "$": "Bronze"
            }
        ]
    }
}