{
    "@_fa": "true",
    "link": [
        {
            "@_fa": "true",
            "@ref": "self",
            "@href": "https://api.elsevier.com/content/abstract/scopus_id/84890047687"
        },
        {
            "@_fa": "true",
            "@ref": "author-affiliation",
            "@href": "https://api.elsevier.com/content/abstract/scopus_id/84890047687?field=author,affiliation"
        },
        {
            "@_fa": "true",
            "@ref": "scopus",
            "@href": "https://www.scopus.com/inward/record.uri?partnerID=HzOxMe3b&scp=84890047687&origin=inward"
        },
        {
            "@_fa": "true",
            "@ref": "scopus-citedby",
            "@href": "https://www.scopus.com/inward/citedby.uri?partnerID=HzOxMe3b&scp=84890047687&origin=inward"
        }
    ],
    "prism:url": "https://api.elsevier.com/content/abstract/scopus_id/84890047687",
    "dc:identifier": "SCOPUS_ID:84890047687",
    "eid": "2-s2.0-84890047687",
    "dc:title": "Vessel-based registration of fundus and optical coherence tomography projection images of retina using a quadratic registration model",
    "dc:creator": "Golabbakhsh M.",
    "prism:publicationName": "IET Image Processing",
    "prism:issn": "17519659",
    "prism:volume": "7",
    "prism:issueIdentifier": "8",
    "prism:pageRange": "768-776",
    "prism:coverDate": "2013-12-16",
    "prism:coverDisplayDate": "2013",
    "prism:doi": "10.1049/iet-ipr.2013.0116",
    "citedby-count": "45",
    "affiliation": [
        {
            "@_fa": "true",
            "affilname": "Medical Image and Signal Processing Research Center, Isfahan UMS",
            "affiliation-city": "Isfahan",
            "affiliation-country": "Iran"
        }
    ],
    "prism:aggregationType": "Journal",
    "subtype": "ar",
    "subtypeDescription": "Article",
    "source-id": "5400152646",
    "openaccess": "1",
    "openaccessFlag": true,
    "freetoread": {
        "value": [
            {
                "$": "all"
            },
            {
                "$": "publisherfree2read"
            }
        ]
    },
    "freetoreadLabel": {
        "value": [
            {
                "$": "All Open Access"
            },
            {
                "$": "Bronze"
            }
        ]
    }
}