{
    "@_fa": "true",
    "link": [
        {
            "@_fa": "true",
            "@ref": "self",
            "@href": "https://api.elsevier.com/content/abstract/scopus_id/84890011829"
        },
        {
            "@_fa": "true",
            "@ref": "author-affiliation",
            "@href": "https://api.elsevier.com/content/abstract/scopus_id/84890011829?field=author,affiliation"
        },
        {
            "@_fa": "true",
            "@ref": "scopus",
            "@href": "https://www.scopus.com/inward/record.uri?partnerID=HzOxMe3b&scp=84890011829&origin=inward"
        },
        {
            "@_fa": "true",
            "@ref": "scopus-citedby",
            "@href": "https://www.scopus.com/inward/citedby.uri?partnerID=HzOxMe3b&scp=84890011829&origin=inward"
        }
    ],
    "prism:url": "https://api.elsevier.com/content/abstract/scopus_id/84890011829",
    "dc:identifier": "SCOPUS_ID:84890011829",
    "eid": "2-s2.0-84890011829",
    "dc:title": "Executable modelling of dynamic software product lines in the ABS language",
    "dc:creator": "Muschevici R.",
    "prism:publicationName": "ACM International Conference Proceeding Series",
    "prism:isbn": [
        {
            "@_fa": "true",
            "$": "[9781450321686]"
        }
    ],
    "prism:pageRange": "17-24",
    "prism:coverDate": "2013-12-16",
    "prism:coverDisplayDate": "2013",
    "prism:doi": "10.1145/2528265.2528266",
    "citedby-count": "3",
    "affiliation": [
        {
            "@_fa": "true",
            "affilname": "KU Leuven",
            "affiliation-city": "Leuven",
            "affiliation-country": "Belgium"
        }
    ],
    "prism:aggregationType": "Conference Proceeding",
    "subtype": "cp",
    "subtypeDescription": "Conference Paper",
    "source-id": "11600154611",
    "openaccess": "0",
    "openaccessFlag": false,
    "freetoread": {
        "value": [
            {
                "$": "all"
            },
            {
                "$": "repository"
            },
            {
                "$": "repositoryam"
            }
        ]
    },
    "freetoreadLabel": {
        "value": [
            {
                "$": "All Open Access"
            },
            {
                "$": "Green"
            }
        ]
    }
}