{
    "@_fa": "true",
    "link": [
        {
            "@_fa": "true",
            "@ref": "self",
            "@href": "https://api.elsevier.com/content/abstract/scopus_id/84890872788"
        },
        {
            "@_fa": "true",
            "@ref": "author-affiliation",
            "@href": "https://api.elsevier.com/content/abstract/scopus_id/84890872788?field=author,affiliation"
        },
        {
            "@_fa": "true",
            "@ref": "scopus",
            "@href": "https://www.scopus.com/inward/record.uri?partnerID=HzOxMe3b&scp=84890872788&origin=inward"
        },
        {
            "@_fa": "true",
            "@ref": "scopus-citedby",
            "@href": "https://www.scopus.com/inward/citedby.uri?partnerID=HzOxMe3b&scp=84890872788&origin=inward"
        }
    ],
    "prism:url": "https://api.elsevier.com/content/abstract/scopus_id/84890872788",
    "dc:identifier": "SCOPUS_ID:84890872788",
    "eid": "2-s2.0-84890872788",
    "dc:title": "Adaptive probability hypothesis density filter based on variational Bayesian approximation for multi-target tracking",
    "dc:creator": "Yang J.",
    "prism:publicationName": "IET Radar, Sonar and Navigation",
    "prism:issn": "17518784",
    "prism:volume": "7",
    "prism:issueIdentifier": "9",
    "prism:pageRange": "959-967",
    "prism:coverDate": "2013-12-27",
    "prism:coverDisplayDate": "2013",
    "prism:doi": "10.1049/iet-rsn.2012.0357",
    "citedby-count": "42",
    "affiliation": [
        {
            "@_fa": "true",
            "affilname": "Jiangnan University",
            "affiliation-city": "Wuxi",
            "affiliation-country": "China"
        }
    ],
    "prism:aggregationType": "Journal",
    "subtype": "ar",
    "subtypeDescription": "Article",
    "source-id": "5700165202",
    "openaccess": "1",
    "openaccessFlag": true,
    "freetoread": {
        "value": [
            {
                "$": "all"
            },
            {
                "$": "publisherfree2read"
            }
        ]
    },
    "freetoreadLabel": {
        "value": [
            {
                "$": "All Open Access"
            },
            {
                "$": "Bronze"
            }
        ]
    }
}