{
    "@_fa": "true",
    "link": [
        {
            "@_fa": "true",
            "@ref": "self",
            "@href": "https://api.elsevier.com/content/abstract/scopus_id/84889575811"
        },
        {
            "@_fa": "true",
            "@ref": "author-affiliation",
            "@href": "https://api.elsevier.com/content/abstract/scopus_id/84889575811?field=author,affiliation"
        },
        {
            "@_fa": "true",
            "@ref": "scopus",
            "@href": "https://www.scopus.com/inward/record.uri?partnerID=HzOxMe3b&scp=84889575811&origin=inward"
        },
        {
            "@_fa": "true",
            "@ref": "scopus-citedby",
            "@href": "https://www.scopus.com/inward/citedby.uri?partnerID=HzOxMe3b&scp=84889575811&origin=inward"
        }
    ],
    "prism:url": "https://api.elsevier.com/content/abstract/scopus_id/84889575811",
    "dc:identifier": "SCOPUS_ID:84889575811",
    "eid": "2-s2.0-84889575811",
    "dc:title": "Engineering domain-specific languages with formula 2.0",
    "dc:creator": "Jackson E.",
    "prism:publicationName": "HILT 2013 - Proceedings of the ACM Conference on High Integrity Language Technology",
    "prism:isbn": [
        {
            "@_fa": "true",
            "$": "[9781450324670]"
        }
    ],
    "prism:pageRange": "3-4",
    "prism:coverDate": "2013-12-11",
    "prism:coverDisplayDate": "2013",
    "prism:doi": "10.1145/2527269.2527286",
    "citedby-count": "2",
    "affiliation": [
        {
            "@_fa": "true",
            "affilname": "Microsoft Research",
            "affiliation-city": "Redmond",
            "affiliation-country": "United States"
        }
    ],
    "prism:aggregationType": "Conference Proceeding",
    "subtype": "cp",
    "subtypeDescription": "Conference Paper",
    "source-id": "21100272911",
    "openaccess": "0",
    "openaccessFlag": false
}