{
    "@_fa": "true",
    "link": [
        {
            "@_fa": "true",
            "@ref": "self",
            "@href": "https://api.elsevier.com/content/abstract/scopus_id/84889000235"
        },
        {
            "@_fa": "true",
            "@ref": "author-affiliation",
            "@href": "https://api.elsevier.com/content/abstract/scopus_id/84889000235?field=author,affiliation"
        },
        {
            "@_fa": "true",
            "@ref": "scopus",
            "@href": "https://www.scopus.com/inward/record.uri?partnerID=HzOxMe3b&scp=84889000235&origin=inward"
        },
        {
            "@_fa": "true",
            "@ref": "scopus-citedby",
            "@href": "https://www.scopus.com/inward/citedby.uri?partnerID=HzOxMe3b&scp=84889000235&origin=inward"
        }
    ],
    "prism:url": "https://api.elsevier.com/content/abstract/scopus_id/84889000235",
    "dc:identifier": "SCOPUS_ID:84889000235",
    "eid": "2-s2.0-84889000235",
    "dc:title": "A construction of unimodular equiangular tight frames from resolvable Steiner systems",
    "dc:creator": "Jasper J.",
    "prism:publicationName": "Proceedings of SPIE - The International Society for Optical Engineering",
    "prism:issn": "0277786X",
    "prism:eIssn": "1996756X",
    "prism:isbn": [
        {
            "@_fa": "true",
            "$": "[9780819497086]"
        }
    ],
    "prism:volume": "8858",
    "prism:pageRange": null,
    "prism:coverDate": "2013-12-09",
    "prism:coverDisplayDate": "2013",
    "prism:doi": "10.1117/12.2024182",
    "citedby-count": "1",
    "affiliation": [
        {
            "@_fa": "true",
            "affilname": "University of Missouri",
            "affiliation-city": "Columbia",
            "affiliation-country": "United States"
        }
    ],
    "prism:aggregationType": "Conference Proceeding",
    "subtype": "cp",
    "subtypeDescription": "Conference Paper",
    "article-number": "88581Q",
    "source-id": "40067",
    "openaccess": "0",
    "openaccessFlag": false
}