{
    "@_fa": "true",
    "link": [
        {
            "@_fa": "true",
            "@ref": "self",
            "@href": "https://api.elsevier.com/content/abstract/scopus_id/84888633774"
        },
        {
            "@_fa": "true",
            "@ref": "author-affiliation",
            "@href": "https://api.elsevier.com/content/abstract/scopus_id/84888633774?field=author,affiliation"
        },
        {
            "@_fa": "true",
            "@ref": "scopus",
            "@href": "https://www.scopus.com/inward/record.uri?partnerID=HzOxMe3b&scp=84888633774&origin=inward"
        },
        {
            "@_fa": "true",
            "@ref": "scopus-citedby",
            "@href": "https://www.scopus.com/inward/citedby.uri?partnerID=HzOxMe3b&scp=84888633774&origin=inward"
        }
    ],
    "prism:url": "https://api.elsevier.com/content/abstract/scopus_id/84888633774",
    "dc:identifier": "SCOPUS_ID:84888633774",
    "eid": "2-s2.0-84888633774",
    "dc:title": "Real-time estimation of prostate tumor rotation and translation with a kV imaging system based on an iterative closest point algorithm",
    "dc:creator": "Tehrani J.N.",
    "prism:publicationName": "Physics in Medicine and Biology",
    "prism:issn": "00319155",
    "prism:eIssn": "13616560",
    "prism:volume": "58",
    "prism:issueIdentifier": "23",
    "prism:pageRange": "8517-8533",
    "prism:coverDate": "2013-12-07",
    "prism:coverDisplayDate": "7 December 2013",
    "prism:doi": "10.1088/0031-9155/58/23/8517",
    "citedby-count": "43",
    "affiliation": [
        {
            "@_fa": "true",
            "affilname": "The University of Sydney School of Medicine",
            "affiliation-city": "Sydney",
            "affiliation-country": "Australia"
        }
    ],
    "pubmed-id": "24240537",
    "prism:aggregationType": "Journal",
    "subtype": "ar",
    "subtypeDescription": "Article",
    "source-id": "29203",
    "openaccess": "1",
    "openaccessFlag": true,
    "freetoread": {
        "value": [
            {
                "$": "all"
            },
            {
                "$": "publisherhybridgold"
            }
        ]
    },
    "freetoreadLabel": {
        "value": [
            {
                "$": "All Open Access"
            },
            {
                "$": "Hybrid Gold"
            }
        ]
    }
}