{
    "@_fa": "true",
    "link": [
        {
            "@_fa": "true",
            "@ref": "self",
            "@href": "https://api.elsevier.com/content/abstract/scopus_id/84887449312"
        },
        {
            "@_fa": "true",
            "@ref": "author-affiliation",
            "@href": "https://api.elsevier.com/content/abstract/scopus_id/84887449312?field=author,affiliation"
        },
        {
            "@_fa": "true",
            "@ref": "scopus",
            "@href": "https://www.scopus.com/inward/record.uri?partnerID=HzOxMe3b&scp=84887449312&origin=inward"
        },
        {
            "@_fa": "true",
            "@ref": "scopus-citedby",
            "@href": "https://www.scopus.com/inward/citedby.uri?partnerID=HzOxMe3b&scp=84887449312&origin=inward"
        }
    ],
    "prism:url": "https://api.elsevier.com/content/abstract/scopus_id/84887449312",
    "dc:identifier": "SCOPUS_ID:84887449312",
    "eid": "2-s2.0-84887449312",
    "dc:title": "Tracking stem cells in tissue-engineered organs using magnetic nanoparticles",
    "dc:creator": "Hachani R.",
    "prism:publicationName": "Nanoscale",
    "prism:issn": "20403364",
    "prism:eIssn": "20403372",
    "prism:volume": "5",
    "prism:issueIdentifier": "23",
    "prism:pageRange": "11362-11373",
    "prism:coverDate": "2013-12-07",
    "prism:coverDisplayDate": "7 December 2013",
    "prism:doi": "10.1039/c3nr03861k",
    "citedby-count": "69",
    "affiliation": [
        {
            "@_fa": "true",
            "affilname": "University College London",
            "affiliation-city": "London",
            "affiliation-country": "United Kingdom"
        }
    ],
    "pubmed-id": "24108444",
    "prism:aggregationType": "Journal",
    "subtype": "ar",
    "subtypeDescription": "Article",
    "source-id": "19700173215",
    "openaccess": "1",
    "openaccessFlag": true,
    "freetoread": {
        "value": [
            {
                "$": "all"
            },
            {
                "$": "publisherhybridgold"
            }
        ]
    },
    "freetoreadLabel": {
        "value": [
            {
                "$": "All Open Access"
            },
            {
                "$": "Hybrid Gold"
            }
        ]
    }
}