{
    "@_fa": "true",
    "link": [
        {
            "@_fa": "true",
            "@ref": "self",
            "@href": "https://api.elsevier.com/content/abstract/scopus_id/84890447249"
        },
        {
            "@_fa": "true",
            "@ref": "author-affiliation",
            "@href": "https://api.elsevier.com/content/abstract/scopus_id/84890447249?field=author,affiliation"
        },
        {
            "@_fa": "true",
            "@ref": "scopus",
            "@href": "https://www.scopus.com/inward/record.uri?partnerID=HzOxMe3b&scp=84890447249&origin=inward"
        },
        {
            "@_fa": "true",
            "@ref": "scopus-citedby",
            "@href": "https://www.scopus.com/inward/citedby.uri?partnerID=HzOxMe3b&scp=84890447249&origin=inward"
        }
    ],
    "prism:url": "https://api.elsevier.com/content/abstract/scopus_id/84890447249",
    "dc:identifier": "SCOPUS_ID:84890447249",
    "eid": "2-s2.0-84890447249",
    "dc:title": "TDRS satellite application to LEO satellite data link",
    "dc:creator": "Jiang H.",
    "prism:publicationName": "Proceedings of SPIE - The International Society for Optical Engineering",
    "prism:issn": "0277786X",
    "prism:eIssn": "1996756X",
    "prism:isbn": [
        {
            "@_fa": "true",
            "$": "[9780819497581]"
        }
    ],
    "prism:volume": "8889",
    "prism:pageRange": null,
    "prism:coverDate": "2013-12-23",
    "prism:coverDisplayDate": "2013",
    "prism:doi": "10.1117/12.2026920",
    "citedby-count": "0",
    "affiliation": [
        {
            "@_fa": "true",
            "affilname": "Shanghai Institute of Microsystem and Information Technology Chinese Academy of Sciences",
            "affiliation-city": "Shanghai",
            "affiliation-country": "China"
        },
        {
            "@_fa": "true",
            "affilname": "Shanghai Engineering Center for Microsatellites",
            "affiliation-city": "Shanghai",
            "affiliation-country": "China"
        }
    ],
    "prism:aggregationType": "Conference Proceeding",
    "subtype": "cp",
    "subtypeDescription": "Conference Paper",
    "article-number": "88891Y",
    "source-id": "40067",
    "openaccess": "0",
    "openaccessFlag": false
}