{
    "@_fa": "true",
    "link": [
        {
            "@_fa": "true",
            "@ref": "self",
            "@href": "https://api.elsevier.com/content/abstract/scopus_id/84888880426"
        },
        {
            "@_fa": "true",
            "@ref": "author-affiliation",
            "@href": "https://api.elsevier.com/content/abstract/scopus_id/84888880426?field=author,affiliation"
        },
        {
            "@_fa": "true",
            "@ref": "scopus",
            "@href": "https://www.scopus.com/inward/record.uri?partnerID=HzOxMe3b&scp=84888880426&origin=inward"
        },
        {
            "@_fa": "true",
            "@ref": "scopus-citedby",
            "@href": "https://www.scopus.com/inward/citedby.uri?partnerID=HzOxMe3b&scp=84888880426&origin=inward"
        }
    ],
    "prism:url": "https://api.elsevier.com/content/abstract/scopus_id/84888880426",
    "dc:identifier": "SCOPUS_ID:84888880426",
    "eid": "2-s2.0-84888880426",
    "dc:title": "Probabilistic assessment of available transfer capability considering spatial correlation in wind power integrated system",
    "dc:creator": "Gang L.",
    "prism:publicationName": "IET Generation, Transmission and Distribution",
    "prism:issn": "17518687",
    "prism:volume": "7",
    "prism:issueIdentifier": "12",
    "prism:pageRange": "1527-1535",
    "prism:coverDate": "2013-12-06",
    "prism:coverDisplayDate": "2013",
    "prism:doi": "10.1049/iet-gtd.2013.0081",
    "citedby-count": "48",
    "affiliation": [
        {
            "@_fa": "true",
            "affilname": "Huazhong University of Science and Technology",
            "affiliation-city": "Wuhan",
            "affiliation-country": "China"
        }
    ],
    "prism:aggregationType": "Journal",
    "subtype": "ar",
    "subtypeDescription": "Article",
    "source-id": "5400152713",
    "openaccess": "0",
    "openaccessFlag": false
}