{
    "@_fa": "true",
    "link": [
        {
            "@_fa": "true",
            "@ref": "self",
            "@href": "https://api.elsevier.com/content/abstract/scopus_id/84889665244"
        },
        {
            "@_fa": "true",
            "@ref": "author-affiliation",
            "@href": "https://api.elsevier.com/content/abstract/scopus_id/84889665244?field=author,affiliation"
        },
        {
            "@_fa": "true",
            "@ref": "scopus",
            "@href": "https://www.scopus.com/inward/record.uri?partnerID=HzOxMe3b&scp=84889665244&origin=inward"
        },
        {
            "@_fa": "true",
            "@ref": "scopus-citedby",
            "@href": "https://www.scopus.com/inward/citedby.uri?partnerID=HzOxMe3b&scp=84889665244&origin=inward"
        }
    ],
    "prism:url": "https://api.elsevier.com/content/abstract/scopus_id/84889665244",
    "dc:identifier": "SCOPUS_ID:84889665244",
    "eid": "2-s2.0-84889665244",
    "dc:title": "On the cache performance of the information centric network",
    "dc:creator": "Hassan S.",
    "prism:publicationName": "Proceedings - 2013 International Conference on Computer, Electrical and Electronics Engineering: 'Research Makes a Difference', ICCEEE 2013",
    "prism:isbn": [
        {
            "@_fa": "true",
            "$": "[9781467362313]"
        }
    ],
    "prism:pageRange": "477-481",
    "prism:coverDate": "2013-12-12",
    "prism:coverDisplayDate": "2013",
    "prism:doi": "10.1109/ICCEEE.2013.6633985",
    "citedby-count": "7",
    "affiliation": [
        {
            "@_fa": "true",
            "affilname": "Universiti Utara Malaysia",
            "affiliation-city": "Sintok",
            "affiliation-country": "Malaysia"
        }
    ],
    "prism:aggregationType": "Conference Proceeding",
    "subtype": "cp",
    "subtypeDescription": "Conference Paper",
    "article-number": "6633985",
    "source-id": "21100272901",
    "openaccess": "0",
    "openaccessFlag": false
}