{
    "@_fa": "true",
    "link": [
        {
            "@_fa": "true",
            "@ref": "self",
            "@href": "https://api.elsevier.com/content/abstract/scopus_id/84892532420"
        },
        {
            "@_fa": "true",
            "@ref": "author-affiliation",
            "@href": "https://api.elsevier.com/content/abstract/scopus_id/84892532420?field=author,affiliation"
        },
        {
            "@_fa": "true",
            "@ref": "scopus",
            "@href": "https://www.scopus.com/inward/record.uri?partnerID=HzOxMe3b&scp=84892532420&origin=inward"
        },
        {
            "@_fa": "true",
            "@ref": "scopus-citedby",
            "@href": "https://www.scopus.com/inward/citedby.uri?partnerID=HzOxMe3b&scp=84892532420&origin=inward"
        }
    ],
    "prism:url": "https://api.elsevier.com/content/abstract/scopus_id/84892532420",
    "dc:identifier": "SCOPUS_ID:84892532420",
    "eid": "2-s2.0-84892532420",
    "dc:title": "A new theraphosid spider toxin causes early insect cell death by necrosis when expressed in vitro during recombinant baculovirus infection",
    "dc:creator": "Ardisson-Ara\u00fajo D.M.P.",
    "prism:publicationName": "PLoS ONE",
    "prism:eIssn": "19326203",
    "prism:volume": "8",
    "prism:issueIdentifier": "12",
    "prism:pageRange": null,
    "prism:coverDate": "2013-12-13",
    "prism:coverDisplayDate": "13 December 2013",
    "prism:doi": "10.1371/journal.pone.0084404",
    "citedby-count": "13",
    "affiliation": [
        {
            "@_fa": "true",
            "affilname": "Universidade de Bras\u00edlia",
            "affiliation-city": "Brasilia",
            "affiliation-country": "Brazil"
        }
    ],
    "pubmed-id": "24349574",
    "prism:aggregationType": "Journal",
    "subtype": "ar",
    "subtypeDescription": "Article",
    "article-number": "e84404",
    "source-id": "10600153309",
    "openaccess": "1",
    "openaccessFlag": true,
    "freetoread": {
        "value": [
            {
                "$": "all"
            },
            {
                "$": "publisherfullgold"
            },
            {
                "$": "repository"
            },
            {
                "$": "repositoryvor"
            },
            {
                "$": "repositoryam"
            }
        ]
    },
    "freetoreadLabel": {
        "value": [
            {
                "$": "All Open Access"
            },
            {
                "$": "Gold"
            },
            {
                "$": "Green"
            }
        ]
    }
}