{
    "@_fa": "true",
    "link": [
        {
            "@_fa": "true",
            "@ref": "self",
            "@href": "https://api.elsevier.com/content/abstract/scopus_id/84897731580"
        },
        {
            "@_fa": "true",
            "@ref": "author-affiliation",
            "@href": "https://api.elsevier.com/content/abstract/scopus_id/84897731580?field=author,affiliation"
        },
        {
            "@_fa": "true",
            "@ref": "scopus",
            "@href": "https://www.scopus.com/inward/record.uri?partnerID=HzOxMe3b&scp=84897731580&origin=inward"
        },
        {
            "@_fa": "true",
            "@ref": "scopus-citedby",
            "@href": "https://www.scopus.com/inward/citedby.uri?partnerID=HzOxMe3b&scp=84897731580&origin=inward"
        }
    ],
    "prism:url": "https://api.elsevier.com/content/abstract/scopus_id/84897731580",
    "dc:identifier": "SCOPUS_ID:84897731580",
    "eid": "2-s2.0-84897731580",
    "dc:title": "System engineering approach to low voltage DC distribution",
    "dc:creator": "Kaipia T.",
    "prism:publicationName": "IET Conference Publications",
    "prism:isbn": [
        {
            "@_fa": "true",
            "$": "[9781849197328]"
        }
    ],
    "prism:volume": "2013",
    "prism:issueIdentifier": "615 CP",
    "prism:pageRange": null,
    "prism:coverDate": "2013-12-01",
    "prism:coverDisplayDate": "2013",
    "prism:doi": "10.1049/cp.2013.1164",
    "citedby-count": "4",
    "affiliation": [
        {
            "@_fa": "true",
            "affilname": "LUT University",
            "affiliation-city": "Lappeenranta",
            "affiliation-country": "Finland"
        }
    ],
    "prism:aggregationType": "Conference Proceeding",
    "subtype": "cp",
    "subtypeDescription": "Conference Paper",
    "article-number": "1164",
    "source-id": "5400152619",
    "openaccess": "0",
    "openaccessFlag": false
}