{
    "@_fa": "true",
    "link": [
        {
            "@_fa": "true",
            "@ref": "self",
            "@href": "https://api.elsevier.com/content/abstract/scopus_id/84889006927"
        },
        {
            "@_fa": "true",
            "@ref": "author-affiliation",
            "@href": "https://api.elsevier.com/content/abstract/scopus_id/84889006927?field=author,affiliation"
        },
        {
            "@_fa": "true",
            "@ref": "scopus",
            "@href": "https://www.scopus.com/inward/record.uri?partnerID=HzOxMe3b&scp=84889006927&origin=inward"
        },
        {
            "@_fa": "true",
            "@ref": "scopus-citedby",
            "@href": "https://www.scopus.com/inward/citedby.uri?partnerID=HzOxMe3b&scp=84889006927&origin=inward"
        }
    ],
    "prism:url": "https://api.elsevier.com/content/abstract/scopus_id/84889006927",
    "dc:identifier": "SCOPUS_ID:84889006927",
    "eid": "2-s2.0-84889006927",
    "dc:title": "Cost and delay tradeoff in three-stage switch architecture for data center networks",
    "dc:creator": "Fu S.",
    "prism:publicationName": "IEEE International Conference on High Performance Switching and Routing, HPSR",
    "prism:issn": "23255595",
    "prism:eIssn": "23255609",
    "prism:pageRange": "56-61",
    "prism:coverDate": "2013-12-09",
    "prism:coverDisplayDate": "2013",
    "prism:doi": "10.1109/HPSR.2013.6602290",
    "citedby-count": "11",
    "affiliation": [
        {
            "@_fa": "true",
            "affilname": "Tianjin University",
            "affiliation-city": "Tianjin",
            "affiliation-country": "China"
        }
    ],
    "prism:aggregationType": "Conference Proceeding",
    "subtype": "cp",
    "subtypeDescription": "Conference Paper",
    "article-number": "6602290",
    "source-id": "21100269622",
    "openaccess": "0",
    "openaccessFlag": false
}