{
    "@_fa": "true",
    "link": [
        {
            "@_fa": "true",
            "@ref": "self",
            "@href": "https://api.elsevier.com/content/abstract/scopus_id/84889075160"
        },
        {
            "@_fa": "true",
            "@ref": "author-affiliation",
            "@href": "https://api.elsevier.com/content/abstract/scopus_id/84889075160?field=author,affiliation"
        },
        {
            "@_fa": "true",
            "@ref": "scopus",
            "@href": "https://www.scopus.com/inward/record.uri?partnerID=HzOxMe3b&scp=84889075160&origin=inward"
        },
        {
            "@_fa": "true",
            "@ref": "scopus-citedby",
            "@href": "https://www.scopus.com/inward/citedby.uri?partnerID=HzOxMe3b&scp=84889075160&origin=inward"
        }
    ],
    "prism:url": "https://api.elsevier.com/content/abstract/scopus_id/84889075160",
    "dc:identifier": "SCOPUS_ID:84889075160",
    "eid": "2-s2.0-84889075160",
    "dc:title": "Information fusion fault diagnosis method for unmanned underwater vehicle thrusters",
    "dc:creator": "Zhu D.",
    "prism:publicationName": "IET Electrical Systems in Transportation",
    "prism:issn": "20429738",
    "prism:eIssn": "20429746",
    "prism:volume": "3",
    "prism:issueIdentifier": "4",
    "prism:pageRange": "102-111",
    "prism:coverDate": "2013-12-09",
    "prism:coverDisplayDate": "2013",
    "prism:doi": "10.1049/iet-est.2012.0052",
    "citedby-count": "26",
    "affiliation": [
        {
            "@_fa": "true",
            "affilname": "Shanghai Maritime University",
            "affiliation-city": "Shanghai",
            "affiliation-country": "China"
        }
    ],
    "prism:aggregationType": "Journal",
    "subtype": "ar",
    "subtypeDescription": "Article",
    "source-id": "19900194817",
    "openaccess": "0",
    "openaccessFlag": false
}