{
    "@_fa": "true",
    "link": [
        {
            "@_fa": "true",
            "@ref": "self",
            "@href": "https://api.elsevier.com/content/abstract/scopus_id/84890050692"
        },
        {
            "@_fa": "true",
            "@ref": "author-affiliation",
            "@href": "https://api.elsevier.com/content/abstract/scopus_id/84890050692?field=author,affiliation"
        },
        {
            "@_fa": "true",
            "@ref": "scopus",
            "@href": "https://www.scopus.com/inward/record.uri?partnerID=HzOxMe3b&scp=84890050692&origin=inward"
        },
        {
            "@_fa": "true",
            "@ref": "scopus-citedby",
            "@href": "https://www.scopus.com/inward/citedby.uri?partnerID=HzOxMe3b&scp=84890050692&origin=inward"
        }
    ],
    "prism:url": "https://api.elsevier.com/content/abstract/scopus_id/84890050692",
    "dc:identifier": "SCOPUS_ID:84890050692",
    "eid": "2-s2.0-84890050692",
    "dc:title": "Analysis of the capacity of the turning-back station in the railway system",
    "dc:creator": "Chen L.",
    "prism:publicationName": "ICTE 2013 - Proceedings of the 4th International Conference on Transportation Engineering",
    "prism:isbn": [
        {
            "@_fa": "true",
            "$": "[9780784413159]"
        }
    ],
    "prism:pageRange": "2761-2765",
    "prism:coverDate": "2013-12-16",
    "prism:coverDisplayDate": "2013",
    "prism:doi": "10.1061/9780784413159.401",
    "citedby-count": "3",
    "affiliation": [
        {
            "@_fa": "true",
            "affilname": "Southwest Jiaotong University",
            "affiliation-city": "Chengdu",
            "affiliation-country": "China"
        },
        {
            "@_fa": "true",
            "affilname": "Key Laboratory of Comprehensive Transportation of Sichuan Province",
            "affiliation-city": "Chengdu",
            "affiliation-country": "China"
        }
    ],
    "prism:aggregationType": "Conference Proceeding",
    "subtype": "cp",
    "subtypeDescription": "Conference Paper",
    "source-id": "21100274209",
    "openaccess": "0",
    "openaccessFlag": false
}