{
    "@_fa": "true",
    "link": [
        {
            "@_fa": "true",
            "@ref": "self",
            "@href": "https://api.elsevier.com/content/abstract/scopus_id/84890769960"
        },
        {
            "@_fa": "true",
            "@ref": "author-affiliation",
            "@href": "https://api.elsevier.com/content/abstract/scopus_id/84890769960?field=author,affiliation"
        },
        {
            "@_fa": "true",
            "@ref": "scopus",
            "@href": "https://www.scopus.com/inward/record.uri?partnerID=HzOxMe3b&scp=84890769960&origin=inward"
        },
        {
            "@_fa": "true",
            "@ref": "scopus-citedby",
            "@href": "https://www.scopus.com/inward/citedby.uri?partnerID=HzOxMe3b&scp=84890769960&origin=inward"
        }
    ],
    "prism:url": "https://api.elsevier.com/content/abstract/scopus_id/84890769960",
    "dc:identifier": "SCOPUS_ID:84890769960",
    "eid": "2-s2.0-84890769960",
    "dc:title": "Laying a basis for service systems in process control",
    "dc:creator": "Evertz L.",
    "prism:publicationName": "IEEE International Conference on Emerging Technologies and Factory Automation, ETFA",
    "prism:issn": "19460740",
    "prism:eIssn": "19460759",
    "prism:isbn": [
        {
            "@_fa": "true",
            "$": "[9781479908622]"
        }
    ],
    "prism:pageRange": null,
    "prism:coverDate": "2013-12-24",
    "prism:coverDisplayDate": "2013",
    "prism:doi": "10.1109/ETFA.2013.6648048",
    "citedby-count": "8",
    "affiliation": [
        {
            "@_fa": "true",
            "affilname": "Rheinisch-Westf\u00e4lische Technische Hochschule Aachen",
            "affiliation-city": "Aachen",
            "affiliation-country": "Germany"
        }
    ],
    "prism:aggregationType": "Conference Proceeding",
    "subtype": "cp",
    "subtypeDescription": "Conference Paper",
    "article-number": "6648048",
    "source-id": "21100275520",
    "openaccess": "0",
    "openaccessFlag": false
}