{
    "@_fa": "true",
    "link": [
        {
            "@_fa": "true",
            "@ref": "self",
            "@href": "https://api.elsevier.com/content/abstract/scopus_id/84890473082"
        },
        {
            "@_fa": "true",
            "@ref": "author-affiliation",
            "@href": "https://api.elsevier.com/content/abstract/scopus_id/84890473082?field=author,affiliation"
        },
        {
            "@_fa": "true",
            "@ref": "scopus",
            "@href": "https://www.scopus.com/inward/record.uri?partnerID=HzOxMe3b&scp=84890473082&origin=inward"
        },
        {
            "@_fa": "true",
            "@ref": "scopus-citedby",
            "@href": "https://www.scopus.com/inward/citedby.uri?partnerID=HzOxMe3b&scp=84890473082&origin=inward"
        }
    ],
    "prism:url": "https://api.elsevier.com/content/abstract/scopus_id/84890473082",
    "dc:identifier": "SCOPUS_ID:84890473082",
    "eid": "2-s2.0-84890473082",
    "dc:title": "Hydrolytic conversion of a metal-organic polyhedron into a metal-organic framework",
    "dc:creator": "Mallick A.",
    "prism:publicationName": "Angewandte Chemie - International Edition",
    "prism:issn": "14337851",
    "prism:eIssn": "15213773",
    "prism:volume": "52",
    "prism:issueIdentifier": "51",
    "prism:pageRange": "13755-13759",
    "prism:coverDate": "2013-12-16",
    "prism:coverDisplayDate": "16 December 2013",
    "prism:doi": "10.1002/anie.201307486",
    "citedby-count": "74",
    "affiliation": [
        {
            "@_fa": "true",
            "affilname": "National Chemical Laboratory India",
            "affiliation-city": "Pune",
            "affiliation-country": "India"
        }
    ],
    "prism:aggregationType": "Journal",
    "subtype": "ar",
    "subtypeDescription": "Article",
    "source-id": "22687",
    "openaccess": "0",
    "openaccessFlag": false
}