{
    "@_fa": "true",
    "link": [
        {
            "@_fa": "true",
            "@ref": "self",
            "@href": "https://api.elsevier.com/content/abstract/scopus_id/84891125756"
        },
        {
            "@_fa": "true",
            "@ref": "author-affiliation",
            "@href": "https://api.elsevier.com/content/abstract/scopus_id/84891125756?field=author,affiliation"
        },
        {
            "@_fa": "true",
            "@ref": "scopus",
            "@href": "https://www.scopus.com/inward/record.uri?partnerID=HzOxMe3b&scp=84891125756&origin=inward"
        },
        {
            "@_fa": "true",
            "@ref": "scopus-citedby",
            "@href": "https://www.scopus.com/inward/citedby.uri?partnerID=HzOxMe3b&scp=84891125756&origin=inward"
        }
    ],
    "prism:url": "https://api.elsevier.com/content/abstract/scopus_id/84891125756",
    "dc:identifier": "SCOPUS_ID:84891125756",
    "eid": "2-s2.0-84891125756",
    "dc:title": "Fault tolerant rotor position and velocity estimation using binary Hall-effect sensors for low cost vector control drives",
    "dc:creator": "Scelba G.",
    "prism:publicationName": "2013 IEEE Energy Conversion Congress and Exposition, ECCE 2013",
    "prism:isbn": [
        {
            "@_fa": "true",
            "$": "[9781479903351]"
        }
    ],
    "prism:pageRange": "2123-2130",
    "prism:coverDate": "2013-12-31",
    "prism:coverDisplayDate": "2013",
    "prism:doi": "10.1109/ECCE.2013.6646969",
    "citedby-count": "6",
    "affiliation": [
        {
            "@_fa": "true",
            "affilname": "Universit\u00e0 degli Studi di Catania",
            "affiliation-city": "Catania",
            "affiliation-country": "Italy"
        }
    ],
    "prism:aggregationType": "Conference Proceeding",
    "subtype": "cp",
    "subtypeDescription": "Conference Paper",
    "article-number": "6646969",
    "source-id": "21100276767",
    "openaccess": "0",
    "openaccessFlag": false
}