{
    "@_fa": "true",
    "link": [
        {
            "@_fa": "true",
            "@ref": "self",
            "@href": "https://api.elsevier.com/content/abstract/scopus_id/84891135002"
        },
        {
            "@_fa": "true",
            "@ref": "author-affiliation",
            "@href": "https://api.elsevier.com/content/abstract/scopus_id/84891135002?field=author,affiliation"
        },
        {
            "@_fa": "true",
            "@ref": "scopus",
            "@href": "https://www.scopus.com/inward/record.uri?partnerID=HzOxMe3b&scp=84891135002&origin=inward"
        },
        {
            "@_fa": "true",
            "@ref": "scopus-citedby",
            "@href": "https://www.scopus.com/inward/citedby.uri?partnerID=HzOxMe3b&scp=84891135002&origin=inward"
        }
    ],
    "prism:url": "https://api.elsevier.com/content/abstract/scopus_id/84891135002",
    "dc:identifier": "SCOPUS_ID:84891135002",
    "eid": "2-s2.0-84891135002",
    "dc:title": "Preparing for a career in the paper industry: The value of a student intern experience",
    "dc:creator": "Swallow M.",
    "prism:publicationName": "IEEE Conference Record of Annual Pulp and Paper Industry Technical Conference",
    "prism:issn": "01902172",
    "prism:isbn": [
        {
            "@_fa": "true",
            "$": "[9781467350983]"
        }
    ],
    "prism:pageRange": "39-42",
    "prism:coverDate": "2013-12-31",
    "prism:coverDisplayDate": "2013",
    "prism:doi": "10.1109/PPIC.2013.6656042",
    "citedby-count": "2",
    "affiliation": [
        {
            "@_fa": "true",
            "affilname": "NewPage Corp.",
            "affiliation-city": null,
            "affiliation-country": "United States"
        }
    ],
    "prism:aggregationType": "Conference Proceeding",
    "subtype": "cp",
    "subtypeDescription": "Conference Paper",
    "article-number": "6656042",
    "source-id": "97855",
    "openaccess": "0",
    "openaccessFlag": false
}