{
    "@_fa": "true",
    "link": [
        {
            "@_fa": "true",
            "@ref": "self",
            "@href": "https://api.elsevier.com/content/abstract/scopus_id/84900663504"
        },
        {
            "@_fa": "true",
            "@ref": "author-affiliation",
            "@href": "https://api.elsevier.com/content/abstract/scopus_id/84900663504?field=author,affiliation"
        },
        {
            "@_fa": "true",
            "@ref": "scopus",
            "@href": "https://www.scopus.com/inward/record.uri?partnerID=HzOxMe3b&scp=84900663504&origin=inward"
        },
        {
            "@_fa": "true",
            "@ref": "scopus-citedby",
            "@href": "https://www.scopus.com/inward/citedby.uri?partnerID=HzOxMe3b&scp=84900663504&origin=inward"
        }
    ],
    "prism:url": "https://api.elsevier.com/content/abstract/scopus_id/84900663504",
    "dc:identifier": "SCOPUS_ID:84900663504",
    "eid": "2-s2.0-84900663504",
    "dc:title": "A novel metric for cache size allocation scheme in Content Centric Networking",
    "dc:creator": "Cui X.",
    "prism:publicationName": "IET Seminar Digest",
    "prism:isbn": [
        {
            "@_fa": "true",
            "$": "[9781849198196]"
        }
    ],
    "prism:volume": "2013",
    "prism:issueIdentifier": "6",
    "prism:pageRange": null,
    "prism:coverDate": "2013-12-01",
    "prism:coverDisplayDate": "2013",
    "prism:doi": "10.1049/ic.2013.0221",
    "citedby-count": "5",
    "affiliation": [
        {
            "@_fa": "true",
            "affilname": "Ministry of Education of the People's Republic of China",
            "affiliation-city": "Beijing",
            "affiliation-country": "China"
        }
    ],
    "prism:aggregationType": "Conference Proceeding",
    "subtype": "cp",
    "subtypeDescription": "Conference Paper",
    "article-number": "0221",
    "source-id": "5100154507",
    "openaccess": "0",
    "openaccessFlag": false
}