{
    "@_fa": "true",
    "link": [
        {
            "@_fa": "true",
            "@ref": "self",
            "@href": "https://api.elsevier.com/content/abstract/scopus_id/84889014298"
        },
        {
            "@_fa": "true",
            "@ref": "author-affiliation",
            "@href": "https://api.elsevier.com/content/abstract/scopus_id/84889014298?field=author,affiliation"
        },
        {
            "@_fa": "true",
            "@ref": "scopus",
            "@href": "https://www.scopus.com/inward/record.uri?partnerID=HzOxMe3b&scp=84889014298&origin=inward"
        },
        {
            "@_fa": "true",
            "@ref": "scopus-citedby",
            "@href": "https://www.scopus.com/inward/citedby.uri?partnerID=HzOxMe3b&scp=84889014298&origin=inward"
        }
    ],
    "prism:url": "https://api.elsevier.com/content/abstract/scopus_id/84889014298",
    "dc:identifier": "SCOPUS_ID:84889014298",
    "eid": "2-s2.0-84889014298",
    "dc:title": "Linux variability anomalies: What causes them and how do they get fixed?",
    "dc:creator": "Nadi S.",
    "prism:publicationName": "IEEE International Working Conference on Mining Software Repositories",
    "prism:issn": "21601852",
    "prism:eIssn": "21601860",
    "prism:isbn": [
        {
            "@_fa": "true",
            "$": "[9781467329361]"
        }
    ],
    "prism:pageRange": "111-120",
    "prism:coverDate": "2013-12-09",
    "prism:coverDisplayDate": "2013",
    "prism:doi": "10.1109/MSR.2013.6624017",
    "citedby-count": "18",
    "affiliation": [
        {
            "@_fa": "true",
            "affilname": "David R. Cheriton School of Computer Science",
            "affiliation-city": "Waterloo",
            "affiliation-country": "Canada"
        }
    ],
    "prism:aggregationType": "Conference Proceeding",
    "subtype": "cp",
    "subtypeDescription": "Conference Paper",
    "article-number": "6624017",
    "source-id": "21100211102",
    "openaccess": "0",
    "openaccessFlag": false,
    "freetoread": {
        "value": [
            {
                "$": "all"
            },
            {
                "$": "repository"
            },
            {
                "$": "repositoryam"
            }
        ]
    },
    "freetoreadLabel": {
        "value": [
            {
                "$": "All Open Access"
            },
            {
                "$": "Green"
            }
        ]
    }
}