{
    "@_fa": "true",
    "link": [
        {
            "@_fa": "true",
            "@ref": "self",
            "@href": "https://api.elsevier.com/content/abstract/scopus_id/84887037943"
        },
        {
            "@_fa": "true",
            "@ref": "author-affiliation",
            "@href": "https://api.elsevier.com/content/abstract/scopus_id/84887037943?field=author,affiliation"
        },
        {
            "@_fa": "true",
            "@ref": "scopus",
            "@href": "https://www.scopus.com/inward/record.uri?partnerID=HzOxMe3b&scp=84887037943&origin=inward"
        },
        {
            "@_fa": "true",
            "@ref": "scopus-citedby",
            "@href": "https://www.scopus.com/inward/citedby.uri?partnerID=HzOxMe3b&scp=84887037943&origin=inward"
        }
    ],
    "prism:url": "https://api.elsevier.com/content/abstract/scopus_id/84887037943",
    "dc:identifier": "SCOPUS_ID:84887037943",
    "eid": "2-s2.0-84887037943",
    "dc:title": "Collagen grafted 3D polycaprolactone scaffolds for enhanced cartilage regeneration",
    "dc:creator": "Cai Y.",
    "prism:publicationName": "Journal of Materials Chemistry B",
    "prism:issn": "20507518",
    "prism:eIssn": "2050750X",
    "prism:volume": "1",
    "prism:issueIdentifier": "43",
    "prism:pageRange": "5971-5976",
    "prism:coverDate": "2013-12-21",
    "prism:coverDisplayDate": "21 December 2013",
    "prism:doi": "10.1039/c3tb20680g",
    "citedby-count": "61",
    "affiliation": [
        {
            "@_fa": "true",
            "affilname": "National University of Singapore",
            "affiliation-city": "Singapore City",
            "affiliation-country": "Singapore"
        }
    ],
    "prism:aggregationType": "Journal",
    "subtype": "ar",
    "subtypeDescription": "Article",
    "source-id": "21100229202",
    "openaccess": "0",
    "openaccessFlag": false
}