{
    "@_fa": "true",
    "link": [
        {
            "@_fa": "true",
            "@ref": "self",
            "@href": "https://api.elsevier.com/content/abstract/scopus_id/84891356680"
        },
        {
            "@_fa": "true",
            "@ref": "author-affiliation",
            "@href": "https://api.elsevier.com/content/abstract/scopus_id/84891356680?field=author,affiliation"
        },
        {
            "@_fa": "true",
            "@ref": "scopus",
            "@href": "https://www.scopus.com/inward/record.uri?partnerID=HzOxMe3b&scp=84891356680&origin=inward"
        },
        {
            "@_fa": "true",
            "@ref": "scopus-citedby",
            "@href": "https://www.scopus.com/inward/citedby.uri?partnerID=HzOxMe3b&scp=84891356680&origin=inward"
        }
    ],
    "prism:url": "https://api.elsevier.com/content/abstract/scopus_id/84891356680",
    "dc:identifier": "SCOPUS_ID:84891356680",
    "eid": "2-s2.0-84891356680",
    "dc:title": "Optically controlled thermophoretic trapping of single nano-objects",
    "dc:creator": "Braun M.",
    "prism:publicationName": "ACS Nano",
    "prism:issn": "19360851",
    "prism:eIssn": "1936086X",
    "prism:volume": "7",
    "prism:issueIdentifier": "12",
    "prism:pageRange": "11200-11208",
    "prism:coverDate": "2013-12-23",
    "prism:coverDisplayDate": "23 December 2013",
    "prism:doi": "10.1021/nn404980k",
    "citedby-count": "132",
    "affiliation": [
        {
            "@_fa": "true",
            "affilname": "Universit\u00e4t Leipzig",
            "affiliation-city": "Leipzig",
            "affiliation-country": "Germany"
        }
    ],
    "prism:aggregationType": "Journal",
    "subtype": "ar",
    "subtypeDescription": "Article",
    "source-id": "11500153511",
    "openaccess": "0",
    "openaccessFlag": false
}