{
    "@_fa": "true",
    "link": [
        {
            "@_fa": "true",
            "@ref": "self",
            "@href": "https://api.elsevier.com/content/abstract/scopus_id/84890054309"
        },
        {
            "@_fa": "true",
            "@ref": "author-affiliation",
            "@href": "https://api.elsevier.com/content/abstract/scopus_id/84890054309?field=author,affiliation"
        },
        {
            "@_fa": "true",
            "@ref": "scopus",
            "@href": "https://www.scopus.com/inward/record.uri?partnerID=HzOxMe3b&scp=84890054309&origin=inward"
        },
        {
            "@_fa": "true",
            "@ref": "scopus-citedby",
            "@href": "https://www.scopus.com/inward/citedby.uri?partnerID=HzOxMe3b&scp=84890054309&origin=inward"
        }
    ],
    "prism:url": "https://api.elsevier.com/content/abstract/scopus_id/84890054309",
    "dc:identifier": "SCOPUS_ID:84890054309",
    "eid": "2-s2.0-84890054309",
    "dc:title": "Bond graph and computational fluid dynamics in traffic flow",
    "dc:creator": "Catalin C.",
    "prism:publicationName": "2013 2nd International Conference on Systems and Computer Science, ICSCS 2013",
    "prism:isbn": [
        {
            "@_fa": "true",
            "$": "[9781479920204]"
        }
    ],
    "prism:pageRange": "246-251",
    "prism:coverDate": "2013-12-16",
    "prism:coverDisplayDate": "2013",
    "prism:doi": "10.1109/IcConSCS.2013.6632055",
    "citedby-count": "1",
    "affiliation": [
        {
            "@_fa": "true",
            "affilname": "University Politehnica of Bucharest",
            "affiliation-city": "Bucharest",
            "affiliation-country": "Romania"
        }
    ],
    "prism:aggregationType": "Conference Proceeding",
    "subtype": "cp",
    "subtypeDescription": "Conference Paper",
    "article-number": "6632055",
    "source-id": "21100274250",
    "openaccess": "0",
    "openaccessFlag": false
}