{
    "@_fa": "true",
    "link": [
        {
            "@_fa": "true",
            "@ref": "self",
            "@href": "https://api.elsevier.com/content/abstract/scopus_id/84890051187"
        },
        {
            "@_fa": "true",
            "@ref": "author-affiliation",
            "@href": "https://api.elsevier.com/content/abstract/scopus_id/84890051187?field=author,affiliation"
        },
        {
            "@_fa": "true",
            "@ref": "scopus",
            "@href": "https://www.scopus.com/inward/record.uri?partnerID=HzOxMe3b&scp=84890051187&origin=inward"
        },
        {
            "@_fa": "true",
            "@ref": "scopus-citedby",
            "@href": "https://www.scopus.com/inward/citedby.uri?partnerID=HzOxMe3b&scp=84890051187&origin=inward"
        }
    ],
    "prism:url": "https://api.elsevier.com/content/abstract/scopus_id/84890051187",
    "dc:identifier": "SCOPUS_ID:84890051187",
    "eid": "2-s2.0-84890051187",
    "dc:title": "Capacity of generalised network multiple-input- multiple-output systems with multicell cooperation",
    "dc:creator": "Pan P.",
    "prism:publicationName": "IET Communications",
    "prism:issn": "17518628",
    "prism:volume": "7",
    "prism:issueIdentifier": "17",
    "prism:pageRange": "1925-1937",
    "prism:coverDate": "2013-12-16",
    "prism:coverDisplayDate": "2013",
    "prism:doi": "10.1049/iet-com.2013.0182",
    "citedby-count": "10",
    "affiliation": [
        {
            "@_fa": "true",
            "affilname": "Hangzhou Dianzi University",
            "affiliation-city": "Hangzhou",
            "affiliation-country": "China"
        }
    ],
    "prism:aggregationType": "Journal",
    "subtype": "ar",
    "subtypeDescription": "Article",
    "source-id": "5300152202",
    "openaccess": "1",
    "openaccessFlag": true,
    "freetoread": {
        "value": [
            {
                "$": "all"
            },
            {
                "$": "publisherfree2read"
            }
        ]
    },
    "freetoreadLabel": {
        "value": [
            {
                "$": "All Open Access"
            },
            {
                "$": "Bronze"
            }
        ]
    }
}