{
    "@_fa": "true",
    "link": [
        {
            "@_fa": "true",
            "@ref": "self",
            "@href": "https://api.elsevier.com/content/abstract/scopus_id/84900362665"
        },
        {
            "@_fa": "true",
            "@ref": "author-affiliation",
            "@href": "https://api.elsevier.com/content/abstract/scopus_id/84900362665?field=author,affiliation"
        },
        {
            "@_fa": "true",
            "@ref": "scopus",
            "@href": "https://www.scopus.com/inward/record.uri?partnerID=HzOxMe3b&scp=84900362665&origin=inward"
        },
        {
            "@_fa": "true",
            "@ref": "scopus-citedby",
            "@href": "https://www.scopus.com/inward/citedby.uri?partnerID=HzOxMe3b&scp=84900362665&origin=inward"
        }
    ],
    "prism:url": "https://api.elsevier.com/content/abstract/scopus_id/84900362665",
    "dc:identifier": "SCOPUS_ID:84900362665",
    "eid": "2-s2.0-84900362665",
    "dc:title": "Identifying and implementing security patterns for a dependable security case - From security patterns to D-case",
    "dc:creator": "Patu V.",
    "prism:publicationName": "Proceedings - 16th IEEE International Conference on Computational Science and Engineering, CSE 2013",
    "prism:pageRange": "138-142",
    "prism:coverDate": "2013-12-01",
    "prism:coverDisplayDate": "2013",
    "prism:doi": "10.1109/CSE.2013.31",
    "citedby-count": "5",
    "affiliation": [
        {
            "@_fa": "true",
            "affilname": "Nagoya University",
            "affiliation-city": "Nagoya",
            "affiliation-country": "Japan"
        }
    ],
    "prism:aggregationType": "Conference Proceeding",
    "subtype": "cp",
    "subtypeDescription": "Conference Paper",
    "article-number": "6755209",
    "source-id": "21100301609",
    "openaccess": "0",
    "openaccessFlag": false
}