{
    "@_fa": "true",
    "link": [
        {
            "@_fa": "true",
            "@ref": "self",
            "@href": "https://api.elsevier.com/content/abstract/scopus_id/84890018173"
        },
        {
            "@_fa": "true",
            "@ref": "author-affiliation",
            "@href": "https://api.elsevier.com/content/abstract/scopus_id/84890018173?field=author,affiliation"
        },
        {
            "@_fa": "true",
            "@ref": "scopus",
            "@href": "https://www.scopus.com/inward/record.uri?partnerID=HzOxMe3b&scp=84890018173&origin=inward"
        },
        {
            "@_fa": "true",
            "@ref": "scopus-citedby",
            "@href": "https://www.scopus.com/inward/citedby.uri?partnerID=HzOxMe3b&scp=84890018173&origin=inward"
        }
    ],
    "prism:url": "https://api.elsevier.com/content/abstract/scopus_id/84890018173",
    "dc:identifier": "SCOPUS_ID:84890018173",
    "eid": "2-s2.0-84890018173",
    "dc:title": "Zhejiang province vessel traffic safety and oil spill accident prevention ability based on ocean economic strategy",
    "dc:creator": "Li S.",
    "prism:publicationName": "ICTE 2013 - Proceedings of the 4th International Conference on Transportation Engineering",
    "prism:isbn": [
        {
            "@_fa": "true",
            "$": "[9780784413159]"
        }
    ],
    "prism:pageRange": "2912-2920",
    "prism:coverDate": "2013-12-16",
    "prism:coverDisplayDate": "2013",
    "prism:doi": "10.1061/9780784413159.421",
    "citedby-count": "0",
    "affiliation": [
        {
            "@_fa": "true",
            "affilname": "Ningbo University",
            "affiliation-city": "Ningbo",
            "affiliation-country": "China"
        }
    ],
    "prism:aggregationType": "Conference Proceeding",
    "subtype": "cp",
    "subtypeDescription": "Conference Paper",
    "source-id": "21100274209",
    "openaccess": "0",
    "openaccessFlag": false
}