{
    "@_fa": "true",
    "link": [
        {
            "@_fa": "true",
            "@ref": "self",
            "@href": "https://api.elsevier.com/content/abstract/scopus_id/84888858040"
        },
        {
            "@_fa": "true",
            "@ref": "author-affiliation",
            "@href": "https://api.elsevier.com/content/abstract/scopus_id/84888858040?field=author,affiliation"
        },
        {
            "@_fa": "true",
            "@ref": "scopus",
            "@href": "https://www.scopus.com/inward/record.uri?partnerID=HzOxMe3b&scp=84888858040&origin=inward"
        },
        {
            "@_fa": "true",
            "@ref": "scopus-citedby",
            "@href": "https://www.scopus.com/inward/citedby.uri?partnerID=HzOxMe3b&scp=84888858040&origin=inward"
        }
    ],
    "prism:url": "https://api.elsevier.com/content/abstract/scopus_id/84888858040",
    "dc:identifier": "SCOPUS_ID:84888858040",
    "eid": "2-s2.0-84888858040",
    "dc:title": "Online Condition monitoring and remaining useful life prediction of particle contaminated lubrication Oil",
    "dc:creator": "Zhu J.",
    "prism:publicationName": "PHM 2013 - 2013 IEEE International Conference on Prognostics and Health Management, Conference Proceedings",
    "prism:isbn": [
        {
            "@_fa": "true",
            "$": "[9781467357227]"
        }
    ],
    "prism:pageRange": null,
    "prism:coverDate": "2013-12-06",
    "prism:coverDisplayDate": "2013",
    "prism:doi": "10.1109/ICPHM.2013.6621415",
    "citedby-count": "20",
    "affiliation": [
        {
            "@_fa": "true",
            "affilname": "College of Engineering",
            "affiliation-city": "Chicago",
            "affiliation-country": "United States"
        }
    ],
    "prism:aggregationType": "Conference Proceeding",
    "subtype": "cp",
    "subtypeDescription": "Conference Paper",
    "article-number": "6621415",
    "source-id": "21100269608",
    "openaccess": "0",
    "openaccessFlag": false
}