{
    "@_fa": "true",
    "link": [
        {
            "@_fa": "true",
            "@ref": "self",
            "@href": "https://api.elsevier.com/content/abstract/scopus_id/84900662221"
        },
        {
            "@_fa": "true",
            "@ref": "author-affiliation",
            "@href": "https://api.elsevier.com/content/abstract/scopus_id/84900662221?field=author,affiliation"
        },
        {
            "@_fa": "true",
            "@ref": "scopus",
            "@href": "https://www.scopus.com/inward/record.uri?partnerID=HzOxMe3b&scp=84900662221&origin=inward"
        },
        {
            "@_fa": "true",
            "@ref": "scopus-citedby",
            "@href": "https://www.scopus.com/inward/citedby.uri?partnerID=HzOxMe3b&scp=84900662221&origin=inward"
        }
    ],
    "prism:url": "https://api.elsevier.com/content/abstract/scopus_id/84900662221",
    "dc:identifier": "SCOPUS_ID:84900662221",
    "eid": "2-s2.0-84900662221",
    "dc:title": "An analysis of software supportable tasks related with ISO/IEC 15408",
    "dc:creator": "Zhang N.",
    "prism:publicationName": "Proceedings - 9th International Conference on Computational Intelligence and Security, CIS 2013",
    "prism:isbn": [
        {
            "@_fa": "true",
            "$": "[9781479925483]"
        }
    ],
    "prism:pageRange": "601-606",
    "prism:coverDate": "2013-12-01",
    "prism:coverDisplayDate": "2013",
    "prism:doi": "10.1109/CIS.2013.132",
    "citedby-count": "6",
    "affiliation": [
        {
            "@_fa": "true",
            "affilname": "Saitama University",
            "affiliation-city": "Saitama",
            "affiliation-country": "Japan"
        }
    ],
    "prism:aggregationType": "Conference Proceeding",
    "subtype": "cp",
    "subtypeDescription": "Conference Paper",
    "article-number": "6746500",
    "source-id": "21100296621",
    "openaccess": "0",
    "openaccessFlag": false
}