{
    "@_fa": "true",
    "link": [
        {
            "@_fa": "true",
            "@ref": "self",
            "@href": "https://api.elsevier.com/content/abstract/scopus_id/84890121308"
        },
        {
            "@_fa": "true",
            "@ref": "author-affiliation",
            "@href": "https://api.elsevier.com/content/abstract/scopus_id/84890121308?field=author,affiliation"
        },
        {
            "@_fa": "true",
            "@ref": "scopus",
            "@href": "https://www.scopus.com/inward/record.uri?partnerID=HzOxMe3b&scp=84890121308&origin=inward"
        },
        {
            "@_fa": "true",
            "@ref": "scopus-citedby",
            "@href": "https://www.scopus.com/inward/citedby.uri?partnerID=HzOxMe3b&scp=84890121308&origin=inward"
        },
        {
            "@_fa": "true",
            "@ref": "full-text",
            "@href": "https://api.elsevier.com/content/article/eid/1-s2.0-S0168583X13006125"
        }
    ],
    "prism:url": "https://api.elsevier.com/content/abstract/scopus_id/84890121308",
    "dc:identifier": "SCOPUS_ID:84890121308",
    "eid": "2-s2.0-84890121308",
    "dc:title": "Data acquisition, remote control and equipment monitoring for ISOLDE RILIS",
    "dc:creator": "Rossel R.E.",
    "prism:publicationName": "Nuclear Instruments and Methods in Physics Research, Section B: Beam Interactions with Materials and Atoms",
    "prism:issn": "0168583X",
    "prism:volume": "317",
    "prism:issueIdentifier": "PART B",
    "prism:pageRange": "557-560",
    "prism:coverDate": "2013-12-15",
    "prism:coverDisplayDate": "15 December 2013",
    "prism:doi": "10.1016/j.nimb.2013.05.048",
    "pii": "S0168583X13006125",
    "citedby-count": "18",
    "affiliation": [
        {
            "@_fa": "true",
            "affilname": "Johannes Gutenberg-Universit\u00e4t Mainz",
            "affiliation-city": "Mainz",
            "affiliation-country": "Germany"
        },
        {
            "@_fa": "true",
            "affilname": "Organisation Europ\u00e9enne pour la Recherche Nucl\u00e9aire",
            "affiliation-city": "Geneva",
            "affiliation-country": "Switzerland"
        },
        {
            "@_fa": "true",
            "affilname": "Hochschule RheinMain",
            "affiliation-city": "Wiesbaden",
            "affiliation-country": "Germany"
        }
    ],
    "prism:aggregationType": "Journal",
    "subtype": "ar",
    "subtypeDescription": "Article",
    "source-id": "29068",
    "openaccess": "0",
    "openaccessFlag": false
}