{
    "@_fa": "true",
    "link": [
        {
            "@_fa": "true",
            "@ref": "self",
            "@href": "https://api.elsevier.com/content/abstract/scopus_id/84897775781"
        },
        {
            "@_fa": "true",
            "@ref": "author-affiliation",
            "@href": "https://api.elsevier.com/content/abstract/scopus_id/84897775781?field=author,affiliation"
        },
        {
            "@_fa": "true",
            "@ref": "scopus",
            "@href": "https://www.scopus.com/inward/record.uri?partnerID=HzOxMe3b&scp=84897775781&origin=inward"
        },
        {
            "@_fa": "true",
            "@ref": "scopus-citedby",
            "@href": "https://www.scopus.com/inward/citedby.uri?partnerID=HzOxMe3b&scp=84897775781&origin=inward"
        }
    ],
    "prism:url": "https://api.elsevier.com/content/abstract/scopus_id/84897775781",
    "dc:identifier": "SCOPUS_ID:84897775781",
    "eid": "2-s2.0-84897775781",
    "dc:title": "Evidence-based-practice radiologic technology (EBPRT) teaching strategy which curriculum is based on continuous professional development gate",
    "dc:creator": "Almugeeth R.",
    "prism:publicationName": "Proceedings - 2013 4th International Conference on e-Learning Best Practices in Management, Design and Development of e-Courses: Standards of Excellence and Creativity, ECONF 2013",
    "prism:isbn": [
        {
            "@_fa": "true",
            "$": "[9780769550367]"
        }
    ],
    "prism:pageRange": "27-32",
    "prism:coverDate": "2013-12-01",
    "prism:coverDisplayDate": "2013",
    "prism:doi": "10.1109/ECONF.2013.10",
    "citedby-count": "0",
    "affiliation": [
        {
            "@_fa": "true",
            "affilname": "King Saud University",
            "affiliation-city": "Riyadh",
            "affiliation-country": "Saudi Arabia"
        }
    ],
    "prism:aggregationType": "Conference Proceeding",
    "subtype": "cp",
    "subtypeDescription": "Conference Paper",
    "article-number": "6745518",
    "source-id": "21100294609",
    "openaccess": "0",
    "openaccessFlag": false
}