{
    "@_fa": "true",
    "link": [
        {
            "@_fa": "true",
            "@ref": "self",
            "@href": "https://api.elsevier.com/content/abstract/scopus_id/84889561415"
        },
        {
            "@_fa": "true",
            "@ref": "author-affiliation",
            "@href": "https://api.elsevier.com/content/abstract/scopus_id/84889561415?field=author,affiliation"
        },
        {
            "@_fa": "true",
            "@ref": "scopus",
            "@href": "https://www.scopus.com/inward/record.uri?partnerID=HzOxMe3b&scp=84889561415&origin=inward"
        },
        {
            "@_fa": "true",
            "@ref": "scopus-citedby",
            "@href": "https://www.scopus.com/inward/citedby.uri?partnerID=HzOxMe3b&scp=84889561415&origin=inward"
        }
    ],
    "prism:url": "https://api.elsevier.com/content/abstract/scopus_id/84889561415",
    "dc:identifier": "SCOPUS_ID:84889561415",
    "eid": "2-s2.0-84889561415",
    "dc:title": "Case studies of tools used in teaching structural dynamics",
    "dc:creator": "Veggeberg K.",
    "prism:publicationName": "Conference Proceedings of the Society for Experimental Mechanics Series",
    "prism:issn": "21915644",
    "prism:eIssn": "21915652",
    "prism:isbn": [
        {
            "@_fa": "true",
            "$": "[9781461465454]"
        }
    ],
    "prism:volume": "6",
    "prism:pageRange": "225-231",
    "prism:coverDate": "2013-12-11",
    "prism:coverDisplayDate": "2013",
    "prism:doi": "10.1007/978-1-4614-6546-1_23",
    "citedby-count": "0",
    "affiliation": [
        {
            "@_fa": "true",
            "affilname": "National Instruments",
            "affiliation-city": "Austin",
            "affiliation-country": "United States"
        }
    ],
    "prism:aggregationType": "Conference Proceeding",
    "subtype": "cp",
    "subtypeDescription": "Conference Paper",
    "source-id": "19900191871",
    "openaccess": "0",
    "openaccessFlag": false
}