{
    "@_fa": "true",
    "link": [
        {
            "@_fa": "true",
            "@ref": "self",
            "@href": "https://api.elsevier.com/content/abstract/scopus_id/84890372000"
        },
        {
            "@_fa": "true",
            "@ref": "author-affiliation",
            "@href": "https://api.elsevier.com/content/abstract/scopus_id/84890372000?field=author,affiliation"
        },
        {
            "@_fa": "true",
            "@ref": "scopus",
            "@href": "https://www.scopus.com/inward/record.uri?partnerID=HzOxMe3b&scp=84890372000&origin=inward"
        },
        {
            "@_fa": "true",
            "@ref": "scopus-citedby",
            "@href": "https://www.scopus.com/inward/citedby.uri?partnerID=HzOxMe3b&scp=84890372000&origin=inward"
        }
    ],
    "prism:url": "https://api.elsevier.com/content/abstract/scopus_id/84890372000",
    "dc:identifier": "SCOPUS_ID:84890372000",
    "eid": "2-s2.0-84890372000",
    "dc:title": "Risk management in production planning of perishable goods",
    "dc:creator": "Amorim P.",
    "prism:publicationName": "Industrial and Engineering Chemistry Research",
    "prism:issn": "08885885",
    "prism:eIssn": "15205045",
    "prism:volume": "52",
    "prism:issueIdentifier": "49",
    "prism:pageRange": "17538-17553",
    "prism:coverDate": "2013-12-11",
    "prism:coverDisplayDate": "11 December 2013",
    "prism:doi": "10.1021/ie402514c",
    "citedby-count": "28",
    "affiliation": [
        {
            "@_fa": "true",
            "affilname": "Institute for Systems and Computer Engineering, Technology and Science",
            "affiliation-city": "Porto",
            "affiliation-country": "Portugal"
        }
    ],
    "prism:aggregationType": "Journal",
    "subtype": "ar",
    "subtypeDescription": "Article",
    "source-id": "13057",
    "openaccess": "0",
    "openaccessFlag": false
}