{
    "@_fa": "true",
    "link": [
        {
            "@_fa": "true",
            "@ref": "self",
            "@href": "https://api.elsevier.com/content/abstract/scopus_id/84890680167"
        },
        {
            "@_fa": "true",
            "@ref": "author-affiliation",
            "@href": "https://api.elsevier.com/content/abstract/scopus_id/84890680167?field=author,affiliation"
        },
        {
            "@_fa": "true",
            "@ref": "scopus",
            "@href": "https://www.scopus.com/inward/record.uri?partnerID=HzOxMe3b&scp=84890680167&origin=inward"
        },
        {
            "@_fa": "true",
            "@ref": "scopus-citedby",
            "@href": "https://www.scopus.com/inward/citedby.uri?partnerID=HzOxMe3b&scp=84890680167&origin=inward"
        }
    ],
    "prism:url": "https://api.elsevier.com/content/abstract/scopus_id/84890680167",
    "dc:identifier": "SCOPUS_ID:84890680167",
    "eid": "2-s2.0-84890680167",
    "dc:title": "Scalable fragile watermarking for image authentication",
    "dc:creator": "Piper A.",
    "prism:publicationName": "IET Information Security",
    "prism:issn": "17518709",
    "prism:eIssn": "17518717",
    "prism:volume": "7",
    "prism:issueIdentifier": "4",
    "prism:pageRange": "300-311",
    "prism:coverDate": "2013-12-24",
    "prism:coverDisplayDate": "2013",
    "prism:doi": "10.1049/iet-ifs.2010.0059",
    "citedby-count": "23",
    "affiliation": [
        {
            "@_fa": "true",
            "affilname": "University of Wollongong",
            "affiliation-city": "Wollongong",
            "affiliation-country": "Australia"
        }
    ],
    "prism:aggregationType": "Journal",
    "subtype": "ar",
    "subtypeDescription": "Article",
    "source-id": "5400152640",
    "openaccess": "1",
    "openaccessFlag": true,
    "freetoread": {
        "value": [
            {
                "$": "all"
            },
            {
                "$": "publisherfree2read"
            }
        ]
    },
    "freetoreadLabel": {
        "value": [
            {
                "$": "All Open Access"
            },
            {
                "$": "Bronze"
            }
        ]
    }
}