{
    "@_fa": "true",
    "link": [
        {
            "@_fa": "true",
            "@ref": "self",
            "@href": "https://api.elsevier.com/content/abstract/scopus_id/84985994128"
        },
        {
            "@_fa": "true",
            "@ref": "author-affiliation",
            "@href": "https://api.elsevier.com/content/abstract/scopus_id/84985994128?field=author,affiliation"
        },
        {
            "@_fa": "true",
            "@ref": "scopus",
            "@href": "https://www.scopus.com/inward/record.uri?partnerID=HzOxMe3b&scp=84985994128&origin=inward"
        },
        {
            "@_fa": "true",
            "@ref": "scopus-citedby",
            "@href": "https://www.scopus.com/inward/citedby.uri?partnerID=HzOxMe3b&scp=84985994128&origin=inward"
        }
    ],
    "prism:url": "https://api.elsevier.com/content/abstract/scopus_id/84985994128",
    "dc:identifier": "SCOPUS_ID:84985994128",
    "eid": "2-s2.0-84985994128",
    "dc:title": "Aldous Huxley and evolving borders of social space: The changing 20th century society in his essays from the 1920s",
    "dc:creator": "Jod\u0142owska J.",
    "prism:publicationName": "Second Language Learning and Teaching",
    "prism:eIssn": "21937648",
    "prism:volume": "6",
    "prism:pageRange": "235-246",
    "prism:coverDate": "2013-12-01",
    "prism:coverDisplayDate": "1 December 2013",
    "prism:doi": "10.1007/978-3-642-21994-8_22",
    "citedby-count": "0",
    "affiliation": [
        {
            "@_fa": "true",
            "affilname": "University of Warsaw",
            "affiliation-city": "Warsaw",
            "affiliation-country": "Poland"
        }
    ],
    "prism:aggregationType": "Journal",
    "subtype": "ar",
    "subtypeDescription": "Article",
    "source-id": "21100370014",
    "openaccess": "0",
    "openaccessFlag": false
}