{
    "@_fa": "true",
    "link": [
        {
            "@_fa": "true",
            "@ref": "self",
            "@href": "https://api.elsevier.com/content/abstract/scopus_id/84888607150"
        },
        {
            "@_fa": "true",
            "@ref": "author-affiliation",
            "@href": "https://api.elsevier.com/content/abstract/scopus_id/84888607150?field=author,affiliation"
        },
        {
            "@_fa": "true",
            "@ref": "scopus",
            "@href": "https://www.scopus.com/inward/record.uri?partnerID=HzOxMe3b&scp=84888607150&origin=inward"
        },
        {
            "@_fa": "true",
            "@ref": "scopus-citedby",
            "@href": "https://www.scopus.com/inward/citedby.uri?partnerID=HzOxMe3b&scp=84888607150&origin=inward"
        }
    ],
    "prism:url": "https://api.elsevier.com/content/abstract/scopus_id/84888607150",
    "dc:identifier": "SCOPUS_ID:84888607150",
    "eid": "2-s2.0-84888607150",
    "dc:title": "Hill Climbing and simulated annealing in large scale next release problem",
    "dc:creator": "Mau\u0161a G.",
    "prism:publicationName": "IEEE EuroCon 2013",
    "prism:isbn": [
        {
            "@_fa": "true",
            "$": "[9781467322324]"
        }
    ],
    "prism:pageRange": "452-459",
    "prism:coverDate": "2013-12-04",
    "prism:coverDisplayDate": "2013",
    "prism:doi": "10.1109/EUROCON.2013.6625021",
    "citedby-count": "5",
    "affiliation": [
        {
            "@_fa": "true",
            "affilname": "Faculty of Engineering, University of Rijeka",
            "affiliation-city": "Rijeka",
            "affiliation-country": "Croatia"
        }
    ],
    "prism:aggregationType": "Conference Proceeding",
    "subtype": "cp",
    "subtypeDescription": "Conference Paper",
    "article-number": "6625021",
    "source-id": "21100269002",
    "openaccess": "0",
    "openaccessFlag": false
}