{
    "@_fa": "true",
    "link": [
        {
            "@_fa": "true",
            "@ref": "self",
            "@href": "https://api.elsevier.com/content/abstract/scopus_id/84951929949"
        },
        {
            "@_fa": "true",
            "@ref": "author-affiliation",
            "@href": "https://api.elsevier.com/content/abstract/scopus_id/84951929949?field=author,affiliation"
        },
        {
            "@_fa": "true",
            "@ref": "scopus",
            "@href": "https://www.scopus.com/inward/record.uri?partnerID=HzOxMe3b&scp=84951929949&origin=inward"
        },
        {
            "@_fa": "true",
            "@ref": "scopus-citedby",
            "@href": "https://www.scopus.com/inward/citedby.uri?partnerID=HzOxMe3b&scp=84951929949&origin=inward"
        }
    ],
    "prism:url": "https://api.elsevier.com/content/abstract/scopus_id/84951929949",
    "dc:identifier": "SCOPUS_ID:84951929949",
    "eid": "2-s2.0-84951929949",
    "dc:title": "Design",
    "prism:publicationName": "Springer Series in Reliability Engineering",
    "prism:issn": "16147839",
    "prism:eIssn": "2196999X",
    "prism:volume": "69",
    "prism:pageRange": "287-295",
    "prism:coverDate": "2013-12-01",
    "prism:coverDisplayDate": "1 December 2013",
    "prism:doi": "10.1007/978-1-4471-4917-0_9",
    "citedby-count": "0",
    "prism:aggregationType": "Book Series",
    "subtype": "ch",
    "subtypeDescription": "Book Chapter",
    "source-id": "21100431907",
    "openaccess": "0",
    "openaccessFlag": false
}