{
    "@_fa": "true",
    "link": [
        {
            "@_fa": "true",
            "@ref": "self",
            "@href": "https://api.elsevier.com/content/abstract/scopus_id/84890512697"
        },
        {
            "@_fa": "true",
            "@ref": "author-affiliation",
            "@href": "https://api.elsevier.com/content/abstract/scopus_id/84890512697?field=author,affiliation"
        },
        {
            "@_fa": "true",
            "@ref": "scopus",
            "@href": "https://www.scopus.com/inward/record.uri?partnerID=HzOxMe3b&scp=84890512697&origin=inward"
        },
        {
            "@_fa": "true",
            "@ref": "scopus-citedby",
            "@href": "https://www.scopus.com/inward/citedby.uri?partnerID=HzOxMe3b&scp=84890512697&origin=inward"
        }
    ],
    "prism:url": "https://api.elsevier.com/content/abstract/scopus_id/84890512697",
    "dc:identifier": "SCOPUS_ID:84890512697",
    "eid": "2-s2.0-84890512697",
    "dc:title": "Reverse engineering of initial and boundary conditions with Telemac and algorithmic differentiation",
    "dc:creator": "Merkel U.",
    "prism:publicationName": "WasserWirtschaft",
    "prism:issn": "00430978",
    "prism:volume": "103",
    "prism:issueIdentifier": "12",
    "prism:pageRange": "22-27",
    "prism:coverDate": "2013-12-23",
    "prism:coverDisplayDate": "2013",
    "prism:doi": "10.1365/s35147-013-0843-y",
    "citedby-count": "1",
    "prism:aggregationType": "Journal",
    "subtype": "ar",
    "subtypeDescription": "Article",
    "source-id": "110004",
    "openaccess": "0",
    "openaccessFlag": false
}