{
    "@_fa": "true",
    "link": [
        {
            "@_fa": "true",
            "@ref": "self",
            "@href": "https://api.elsevier.com/content/abstract/scopus_id/84889029394"
        },
        {
            "@_fa": "true",
            "@ref": "author-affiliation",
            "@href": "https://api.elsevier.com/content/abstract/scopus_id/84889029394?field=author,affiliation"
        },
        {
            "@_fa": "true",
            "@ref": "scopus",
            "@href": "https://www.scopus.com/inward/record.uri?partnerID=HzOxMe3b&scp=84889029394&origin=inward"
        },
        {
            "@_fa": "true",
            "@ref": "scopus-citedby",
            "@href": "https://www.scopus.com/inward/citedby.uri?partnerID=HzOxMe3b&scp=84889029394&origin=inward"
        }
    ],
    "prism:url": "https://api.elsevier.com/content/abstract/scopus_id/84889029394",
    "dc:identifier": "SCOPUS_ID:84889029394",
    "eid": "2-s2.0-84889029394",
    "dc:title": "TDDHQ: Achieving higher quality testing in test driven development",
    "dc:creator": "Cauevic A.",
    "prism:publicationName": "Proceedings - 39th Euromicro Conference Series on Software Engineering and Advanced Applications, SEAA 2013",
    "prism:isbn": [
        {
            "@_fa": "true",
            "$": "[9780769550916]"
        }
    ],
    "prism:pageRange": "33-36",
    "prism:coverDate": "2013-12-09",
    "prism:coverDisplayDate": "2013",
    "prism:doi": "10.1109/SEAA.2013.47",
    "citedby-count": "5",
    "affiliation": [
        {
            "@_fa": "true",
            "affilname": "M\u00e4lardalen University",
            "affiliation-city": "Vasteras",
            "affiliation-country": "Sweden"
        }
    ],
    "prism:aggregationType": "Conference Proceeding",
    "subtype": "cp",
    "subtypeDescription": "Conference Paper",
    "article-number": "6619485",
    "source-id": "21100269640",
    "openaccess": "0",
    "openaccessFlag": false
}