{
    "@_fa": "true",
    "link": [
        {
            "@_fa": "true",
            "@ref": "self",
            "@href": "https://api.elsevier.com/content/abstract/scopus_id/84890055898"
        },
        {
            "@_fa": "true",
            "@ref": "author-affiliation",
            "@href": "https://api.elsevier.com/content/abstract/scopus_id/84890055898?field=author,affiliation"
        },
        {
            "@_fa": "true",
            "@ref": "scopus",
            "@href": "https://www.scopus.com/inward/record.uri?partnerID=HzOxMe3b&scp=84890055898&origin=inward"
        },
        {
            "@_fa": "true",
            "@ref": "scopus-citedby",
            "@href": "https://www.scopus.com/inward/citedby.uri?partnerID=HzOxMe3b&scp=84890055898&origin=inward"
        }
    ],
    "prism:url": "https://api.elsevier.com/content/abstract/scopus_id/84890055898",
    "dc:identifier": "SCOPUS_ID:84890055898",
    "eid": "2-s2.0-84890055898",
    "dc:title": "Design and implementation of cigarette product quality management information system based on ERP and PDM",
    "dc:creator": "Cen Y.",
    "prism:publicationName": "Proceedings of the IEEE International Conference on Software Engineering and Service Sciences, ICSESS",
    "prism:issn": "23270586",
    "prism:eIssn": "23270594",
    "prism:isbn": [
        {
            "@_fa": "true",
            "$": "[9781467349970]"
        }
    ],
    "prism:pageRange": "170-174",
    "prism:coverDate": "2013-12-16",
    "prism:coverDisplayDate": "2013",
    "prism:doi": "10.1109/ICSESS.2013.6615281",
    "citedby-count": "2",
    "affiliation": [
        {
            "@_fa": "true",
            "affilname": "China Tobacco Zhejiang Industrial Co., Ltd.",
            "affiliation-city": "Hangzhou",
            "affiliation-country": "China"
        }
    ],
    "prism:aggregationType": "Conference Proceeding",
    "subtype": "cp",
    "subtypeDescription": "Conference Paper",
    "article-number": "6615281",
    "source-id": "21100274216",
    "openaccess": "0",
    "openaccessFlag": false
}