{
    "@_fa": "true",
    "link": [
        {
            "@_fa": "true",
            "@ref": "self",
            "@href": "https://api.elsevier.com/content/abstract/scopus_id/84900357158"
        },
        {
            "@_fa": "true",
            "@ref": "author-affiliation",
            "@href": "https://api.elsevier.com/content/abstract/scopus_id/84900357158?field=author,affiliation"
        },
        {
            "@_fa": "true",
            "@ref": "scopus",
            "@href": "https://www.scopus.com/inward/record.uri?partnerID=HzOxMe3b&scp=84900357158&origin=inward"
        },
        {
            "@_fa": "true",
            "@ref": "scopus-citedby",
            "@href": "https://www.scopus.com/inward/citedby.uri?partnerID=HzOxMe3b&scp=84900357158&origin=inward"
        }
    ],
    "prism:url": "https://api.elsevier.com/content/abstract/scopus_id/84900357158",
    "dc:identifier": "SCOPUS_ID:84900357158",
    "eid": "2-s2.0-84900357158",
    "dc:title": "Statistical context-sensitive spelling correction using typing error rate",
    "dc:creator": "Kim M.",
    "prism:publicationName": "Proceedings - 16th IEEE International Conference on Computational Science and Engineering, CSE 2013",
    "prism:pageRange": "1242-1246",
    "prism:coverDate": "2013-12-01",
    "prism:coverDisplayDate": "2013",
    "prism:doi": "10.1109/CSE.2013.185",
    "citedby-count": "6",
    "affiliation": [
        {
            "@_fa": "true",
            "affilname": "Pusan National University",
            "affiliation-city": "Busan",
            "affiliation-country": "South Korea"
        }
    ],
    "prism:aggregationType": "Conference Proceeding",
    "subtype": "cp",
    "subtypeDescription": "Conference Paper",
    "article-number": "6755367",
    "source-id": "21100301609",
    "openaccess": "0",
    "openaccessFlag": false
}