{
    "@_fa": "true",
    "link": [
        {
            "@_fa": "true",
            "@ref": "self",
            "@href": "https://api.elsevier.com/content/abstract/scopus_id/84889639601"
        },
        {
            "@_fa": "true",
            "@ref": "author-affiliation",
            "@href": "https://api.elsevier.com/content/abstract/scopus_id/84889639601?field=author,affiliation"
        },
        {
            "@_fa": "true",
            "@ref": "scopus",
            "@href": "https://www.scopus.com/inward/record.uri?partnerID=HzOxMe3b&scp=84889639601&origin=inward"
        },
        {
            "@_fa": "true",
            "@ref": "scopus-citedby",
            "@href": "https://www.scopus.com/inward/citedby.uri?partnerID=HzOxMe3b&scp=84889639601&origin=inward"
        }
    ],
    "prism:url": "https://api.elsevier.com/content/abstract/scopus_id/84889639601",
    "dc:identifier": "SCOPUS_ID:84889639601",
    "eid": "2-s2.0-84889639601",
    "dc:title": "Sensitivity analysis for the scenarios on deterioration or loss of safety functions expected in disposal system due to human error on application of engineering technology",
    "dc:creator": "Takeda S.",
    "prism:publicationName": "Materials Research Society Symposium Proceedings",
    "prism:issn": "02729172",
    "prism:isbn": [
        {
            "@_fa": "true",
            "$": "[9781605114958]"
        }
    ],
    "prism:volume": "1518",
    "prism:pageRange": "237-242",
    "prism:coverDate": "2013-12-12",
    "prism:coverDisplayDate": "2013",
    "prism:doi": "10.1557/opl.2013.89",
    "citedby-count": "0",
    "affiliation": [
        {
            "@_fa": "true",
            "affilname": "Japan Atomic Energy Agency",
            "affiliation-city": "Kashiwa",
            "affiliation-country": "Japan"
        }
    ],
    "prism:aggregationType": "Conference Proceeding",
    "subtype": "cp",
    "subtypeDescription": "Conference Paper",
    "source-id": "28698",
    "openaccess": "0",
    "openaccessFlag": false
}