{
    "@_fa": "true",
    "link": [
        {
            "@_fa": "true",
            "@ref": "self",
            "@href": "https://api.elsevier.com/content/abstract/scopus_id/84888043284"
        },
        {
            "@_fa": "true",
            "@ref": "author-affiliation",
            "@href": "https://api.elsevier.com/content/abstract/scopus_id/84888043284?field=author,affiliation"
        },
        {
            "@_fa": "true",
            "@ref": "scopus",
            "@href": "https://www.scopus.com/inward/record.uri?partnerID=HzOxMe3b&scp=84888043284&origin=inward"
        },
        {
            "@_fa": "true",
            "@ref": "scopus-citedby",
            "@href": "https://www.scopus.com/inward/citedby.uri?partnerID=HzOxMe3b&scp=84888043284&origin=inward"
        }
    ],
    "prism:url": "https://api.elsevier.com/content/abstract/scopus_id/84888043284",
    "dc:identifier": "SCOPUS_ID:84888043284",
    "eid": "2-s2.0-84888043284",
    "dc:title": "Antioxidant activity of selected stilbenoids and their bioproduction in hairy root cultures of muscadine grape (vitis rotundifolia michx.)",
    "dc:creator": "Nopo-Olazabal C.",
    "prism:publicationName": "Journal of Agricultural and Food Chemistry",
    "prism:issn": "00218561",
    "prism:eIssn": "15205118",
    "prism:volume": "61",
    "prism:issueIdentifier": "48",
    "prism:pageRange": "11744-11758",
    "prism:coverDate": "2013-12-04",
    "prism:coverDisplayDate": "4 December 2013",
    "prism:doi": "10.1021/jf400760k",
    "citedby-count": "46",
    "affiliation": [
        {
            "@_fa": "true",
            "affilname": "Arkansas State University",
            "affiliation-city": "Jonesboro",
            "affiliation-country": "United States"
        }
    ],
    "pubmed-id": "23668830",
    "prism:aggregationType": "Journal",
    "subtype": "cp",
    "subtypeDescription": "Conference Paper",
    "source-id": "33722",
    "openaccess": "0",
    "openaccessFlag": false
}