{
    "@_fa": "true",
    "link": [
        {
            "@_fa": "true",
            "@ref": "self",
            "@href": "https://api.elsevier.com/content/abstract/scopus_id/84890600026"
        },
        {
            "@_fa": "true",
            "@ref": "author-affiliation",
            "@href": "https://api.elsevier.com/content/abstract/scopus_id/84890600026?field=author,affiliation"
        },
        {
            "@_fa": "true",
            "@ref": "scopus",
            "@href": "https://www.scopus.com/inward/record.uri?partnerID=HzOxMe3b&scp=84890600026&origin=inward"
        },
        {
            "@_fa": "true",
            "@ref": "scopus-citedby",
            "@href": "https://www.scopus.com/inward/citedby.uri?partnerID=HzOxMe3b&scp=84890600026&origin=inward"
        }
    ],
    "prism:url": "https://api.elsevier.com/content/abstract/scopus_id/84890600026",
    "dc:identifier": "SCOPUS_ID:84890600026",
    "eid": "2-s2.0-84890600026",
    "dc:title": "A reference architecture for service-oriented control procedures and its implementation with SysML and Grafchart",
    "dc:creator": "Ollinger L.",
    "prism:publicationName": "IEEE International Conference on Emerging Technologies and Factory Automation, ETFA",
    "prism:issn": "19460740",
    "prism:eIssn": "19460759",
    "prism:isbn": [
        {
            "@_fa": "true",
            "$": "[9781479908622]"
        }
    ],
    "prism:pageRange": null,
    "prism:coverDate": "2013-12-24",
    "prism:coverDisplayDate": "2013",
    "prism:doi": "10.1109/ETFA.2013.6648044",
    "citedby-count": "6",
    "affiliation": [
        {
            "@_fa": "true",
            "affilname": "German Research Center for Artificial Intelligence (DFKI)",
            "affiliation-city": "Kaiserslautern",
            "affiliation-country": "Germany"
        }
    ],
    "prism:aggregationType": "Conference Proceeding",
    "subtype": "cp",
    "subtypeDescription": "Conference Paper",
    "article-number": "6648044",
    "source-id": "21100275520",
    "openaccess": "0",
    "openaccessFlag": false,
    "freetoread": {
        "value": [
            {
                "$": "all"
            },
            {
                "$": "repository"
            },
            {
                "$": "repositoryvor"
            }
        ]
    },
    "freetoreadLabel": {
        "value": [
            {
                "$": "All Open Access"
            },
            {
                "$": "Green"
            }
        ]
    }
}