{
    "@_fa": "true",
    "link": [
        {
            "@_fa": "true",
            "@ref": "self",
            "@href": "https://api.elsevier.com/content/abstract/scopus_id/84890675107"
        },
        {
            "@_fa": "true",
            "@ref": "author-affiliation",
            "@href": "https://api.elsevier.com/content/abstract/scopus_id/84890675107?field=author,affiliation"
        },
        {
            "@_fa": "true",
            "@ref": "scopus",
            "@href": "https://www.scopus.com/inward/record.uri?partnerID=HzOxMe3b&scp=84890675107&origin=inward"
        },
        {
            "@_fa": "true",
            "@ref": "scopus-citedby",
            "@href": "https://www.scopus.com/inward/citedby.uri?partnerID=HzOxMe3b&scp=84890675107&origin=inward"
        }
    ],
    "prism:url": "https://api.elsevier.com/content/abstract/scopus_id/84890675107",
    "dc:identifier": "SCOPUS_ID:84890675107",
    "eid": "2-s2.0-84890675107",
    "dc:title": "Emergence of scaling in human-interest dynamics",
    "dc:creator": "Zhao Z.D.",
    "prism:publicationName": "Scientific Reports",
    "prism:eIssn": "20452322",
    "prism:volume": "3",
    "prism:pageRange": null,
    "prism:coverDate": "2013-12-11",
    "prism:coverDisplayDate": "11 December 2013",
    "prism:doi": "10.1038/srep03472",
    "pii": "SREP03472",
    "citedby-count": "76",
    "affiliation": [
        {
            "@_fa": "true",
            "affilname": "Ira A. Fulton Schools of Engineering",
            "affiliation-city": "Tempe",
            "affiliation-country": "United States"
        },
        {
            "@_fa": "true",
            "affilname": "University of Electronic Science and Technology of China",
            "affiliation-city": "Chengdu",
            "affiliation-country": "China"
        }
    ],
    "pubmed-id": "24326949",
    "prism:aggregationType": "Journal",
    "subtype": "ar",
    "subtypeDescription": "Article",
    "article-number": "3472",
    "source-id": "21100200805",
    "openaccess": "1",
    "openaccessFlag": true,
    "freetoread": {
        "value": [
            {
                "$": "all"
            },
            {
                "$": "publisherfullgold"
            }
        ]
    },
    "freetoreadLabel": {
        "value": [
            {
                "$": "All Open Access"
            },
            {
                "$": "Gold"
            }
        ]
    }
}