{
    "@_fa": "true",
    "link": [
        {
            "@_fa": "true",
            "@ref": "self",
            "@href": "https://api.elsevier.com/content/abstract/scopus_id/84990051159"
        },
        {
            "@_fa": "true",
            "@ref": "author-affiliation",
            "@href": "https://api.elsevier.com/content/abstract/scopus_id/84990051159?field=author,affiliation"
        },
        {
            "@_fa": "true",
            "@ref": "scopus",
            "@href": "https://www.scopus.com/inward/record.uri?partnerID=HzOxMe3b&scp=84990051159&origin=inward"
        },
        {
            "@_fa": "true",
            "@ref": "scopus-citedby",
            "@href": "https://www.scopus.com/inward/citedby.uri?partnerID=HzOxMe3b&scp=84990051159&origin=inward"
        }
    ],
    "prism:url": "https://api.elsevier.com/content/abstract/scopus_id/84990051159",
    "dc:identifier": "SCOPUS_ID:84990051159",
    "eid": "2-s2.0-84990051159",
    "dc:title": "Review and analysis of augmented reality literature for construction industry",
    "dc:creator": "Rankohi S.",
    "prism:publicationName": "Visualization in Engineering",
    "prism:eIssn": "22137459",
    "prism:volume": "1",
    "prism:issueIdentifier": "1",
    "prism:pageRange": null,
    "prism:coverDate": "2013-12-01",
    "prism:coverDisplayDate": "1 December 2013",
    "prism:doi": "10.1186/2213-7459-1-9",
    "citedby-count": "141",
    "affiliation": [
        {
            "@_fa": "true",
            "affilname": "University of New Brunswick",
            "affiliation-city": "Fredericton",
            "affiliation-country": "Canada"
        }
    ],
    "prism:aggregationType": "Journal",
    "subtype": "re",
    "subtypeDescription": "Review",
    "article-number": "9",
    "source-id": "21100856541",
    "openaccess": "1",
    "openaccessFlag": true,
    "freetoread": {
        "value": [
            {
                "$": "all"
            },
            {
                "$": "publisherhybridgold"
            }
        ]
    },
    "freetoreadLabel": {
        "value": [
            {
                "$": "All Open Access"
            },
            {
                "$": "Hybrid Gold"
            }
        ]
    }
}