{
    "@_fa": "true",
    "link": [
        {
            "@_fa": "true",
            "@ref": "self",
            "@href": "https://api.elsevier.com/content/abstract/scopus_id/84883879626"
        },
        {
            "@_fa": "true",
            "@ref": "author-affiliation",
            "@href": "https://api.elsevier.com/content/abstract/scopus_id/84883879626?field=author,affiliation"
        },
        {
            "@_fa": "true",
            "@ref": "scopus",
            "@href": "https://www.scopus.com/inward/record.uri?partnerID=HzOxMe3b&scp=84883879626&origin=inward"
        },
        {
            "@_fa": "true",
            "@ref": "scopus-citedby",
            "@href": "https://www.scopus.com/inward/citedby.uri?partnerID=HzOxMe3b&scp=84883879626&origin=inward"
        }
    ],
    "prism:url": "https://api.elsevier.com/content/abstract/scopus_id/84883879626",
    "dc:identifier": "SCOPUS_ID:84883879626",
    "eid": "2-s2.0-84883879626",
    "dc:title": "Processing and characterization of supercritical CO<inf>2</inf> batch foamed poly(lactic acid)/poly(ethylene glycol) scaffold for tissue engineering application",
    "dc:creator": "Zhang W.",
    "prism:publicationName": "Journal of Applied Polymer Science",
    "prism:issn": "00218995",
    "prism:eIssn": "10974628",
    "prism:volume": "130",
    "prism:issueIdentifier": "5",
    "prism:pageRange": "3066-3073",
    "prism:coverDate": "2013-12-05",
    "prism:coverDisplayDate": "5 December 2013",
    "prism:doi": "10.1002/app.39523",
    "citedby-count": "58",
    "affiliation": [
        {
            "@_fa": "true",
            "affilname": "South China University of Technology",
            "affiliation-city": "Guangzhou",
            "affiliation-country": "China"
        }
    ],
    "prism:aggregationType": "Journal",
    "subtype": "ar",
    "subtypeDescription": "Article",
    "source-id": "13554",
    "openaccess": "0",
    "openaccessFlag": false
}