{
    "@_fa": "true",
    "link": [
        {
            "@_fa": "true",
            "@ref": "self",
            "@href": "https://api.elsevier.com/content/abstract/scopus_id/84890519888"
        },
        {
            "@_fa": "true",
            "@ref": "author-affiliation",
            "@href": "https://api.elsevier.com/content/abstract/scopus_id/84890519888?field=author,affiliation"
        },
        {
            "@_fa": "true",
            "@ref": "scopus",
            "@href": "https://www.scopus.com/inward/record.uri?partnerID=HzOxMe3b&scp=84890519888&origin=inward"
        },
        {
            "@_fa": "true",
            "@ref": "scopus-citedby",
            "@href": "https://www.scopus.com/inward/citedby.uri?partnerID=HzOxMe3b&scp=84890519888&origin=inward"
        }
    ],
    "prism:url": "https://api.elsevier.com/content/abstract/scopus_id/84890519888",
    "dc:identifier": "SCOPUS_ID:84890519888",
    "eid": "2-s2.0-84890519888",
    "dc:title": "NSTX-U Digital Coil Protection System software design",
    "dc:creator": "Erickson K.G.",
    "prism:publicationName": "2013 IEEE 25th Symposium on Fusion Engineering, SOFE 2013",
    "prism:isbn": [
        {
            "@_fa": "true",
            "$": "[9781479901715]"
        }
    ],
    "prism:pageRange": null,
    "prism:coverDate": "2013-12-23",
    "prism:coverDisplayDate": "2013",
    "prism:doi": "10.1109/SOFE.2013.6635500",
    "citedby-count": "1",
    "affiliation": [
        {
            "@_fa": "true",
            "affilname": "Princeton Plasma Physics Laboratory",
            "affiliation-city": "Princeton",
            "affiliation-country": "United States"
        }
    ],
    "prism:aggregationType": "Conference Proceeding",
    "subtype": "cp",
    "subtypeDescription": "Conference Paper",
    "article-number": "6635500",
    "source-id": "21100275403",
    "openaccess": "0",
    "openaccessFlag": false
}