{
    "@_fa": "true",
    "link": [
        {
            "@_fa": "true",
            "@ref": "self",
            "@href": "https://api.elsevier.com/content/abstract/scopus_id/84901818036"
        },
        {
            "@_fa": "true",
            "@ref": "author-affiliation",
            "@href": "https://api.elsevier.com/content/abstract/scopus_id/84901818036?field=author,affiliation"
        },
        {
            "@_fa": "true",
            "@ref": "scopus",
            "@href": "https://www.scopus.com/inward/record.uri?partnerID=HzOxMe3b&scp=84901818036&origin=inward"
        },
        {
            "@_fa": "true",
            "@ref": "scopus-citedby",
            "@href": "https://www.scopus.com/inward/citedby.uri?partnerID=HzOxMe3b&scp=84901818036&origin=inward"
        }
    ],
    "prism:url": "https://api.elsevier.com/content/abstract/scopus_id/84901818036",
    "dc:identifier": "SCOPUS_ID:84901818036",
    "eid": "2-s2.0-84901818036",
    "dc:title": "Dipeptide derived from benzylcystine forms unbranched nanotubes in aqueous solution",
    "dc:creator": "Banerji B.",
    "prism:publicationName": "Journal of Nanostructure in Chemistry",
    "prism:issn": "20089244",
    "prism:eIssn": "21938865",
    "prism:volume": "3",
    "prism:issueIdentifier": "1",
    "prism:pageRange": null,
    "prism:coverDate": "2013-12-01",
    "prism:coverDisplayDate": "December 2013",
    "prism:doi": "10.1186/2193-8865-3-12",
    "citedby-count": "14",
    "affiliation": [
        {
            "@_fa": "true",
            "affilname": "Indian Institute of Chemical Biology",
            "affiliation-city": "Kolkata",
            "affiliation-country": "India"
        }
    ],
    "prism:aggregationType": "Journal",
    "subtype": "ar",
    "subtypeDescription": "Article",
    "article-number": "12",
    "source-id": "21101099106",
    "openaccess": "1",
    "openaccessFlag": true,
    "freetoread": {
        "value": [
            {
                "$": "all"
            },
            {
                "$": "publisherhybridgold"
            }
        ]
    },
    "freetoreadLabel": {
        "value": [
            {
                "$": "All Open Access"
            },
            {
                "$": "Hybrid Gold"
            }
        ]
    }
}