{
    "@_fa": "true",
    "link": [
        {
            "@_fa": "true",
            "@ref": "self",
            "@href": "https://api.elsevier.com/content/abstract/scopus_id/84896797791"
        },
        {
            "@_fa": "true",
            "@ref": "author-affiliation",
            "@href": "https://api.elsevier.com/content/abstract/scopus_id/84896797791?field=author,affiliation"
        },
        {
            "@_fa": "true",
            "@ref": "scopus",
            "@href": "https://www.scopus.com/inward/record.uri?partnerID=HzOxMe3b&scp=84896797791&origin=inward"
        },
        {
            "@_fa": "true",
            "@ref": "scopus-citedby",
            "@href": "https://www.scopus.com/inward/citedby.uri?partnerID=HzOxMe3b&scp=84896797791&origin=inward"
        }
    ],
    "prism:url": "https://api.elsevier.com/content/abstract/scopus_id/84896797791",
    "dc:identifier": "SCOPUS_ID:84896797791",
    "eid": "2-s2.0-84896797791",
    "dc:title": "Spray drying of karkade (hibiscus sabdariffa l.) calyces and evaluation of the product",
    "dc:creator": "Sulieman A.M.",
    "prism:publicationName": "International Journal of Food Engineering",
    "prism:issn": "21945764",
    "prism:eIssn": "15563758",
    "prism:volume": "10",
    "prism:issueIdentifier": "1",
    "prism:pageRange": "157-165",
    "prism:coverDate": "2013-12-12",
    "prism:coverDisplayDate": "12 December 2013",
    "prism:doi": "10.1515/ijfe-2013-0045",
    "citedby-count": "5",
    "affiliation": [
        {
            "@_fa": "true",
            "affilname": "University of Ha'il",
            "affiliation-city": "Ha'il",
            "affiliation-country": "Saudi Arabia"
        }
    ],
    "prism:aggregationType": "Journal",
    "subtype": "ar",
    "subtypeDescription": "Article",
    "source-id": "4000152112",
    "openaccess": "0",
    "openaccessFlag": false
}