{
    "@_fa": "true",
    "link": [
        {
            "@_fa": "true",
            "@ref": "self",
            "@href": "https://api.elsevier.com/content/abstract/scopus_id/84886865631"
        },
        {
            "@_fa": "true",
            "@ref": "author-affiliation",
            "@href": "https://api.elsevier.com/content/abstract/scopus_id/84886865631?field=author,affiliation"
        },
        {
            "@_fa": "true",
            "@ref": "scopus",
            "@href": "https://www.scopus.com/inward/record.uri?partnerID=HzOxMe3b&scp=84886865631&origin=inward"
        },
        {
            "@_fa": "true",
            "@ref": "scopus-citedby",
            "@href": "https://www.scopus.com/inward/citedby.uri?partnerID=HzOxMe3b&scp=84886865631&origin=inward"
        }
    ],
    "prism:url": "https://api.elsevier.com/content/abstract/scopus_id/84886865631",
    "dc:identifier": "SCOPUS_ID:84886865631",
    "eid": "2-s2.0-84886865631",
    "dc:title": "Bottom-up solution chemistry approaches for nanostructured thermoelectric materials",
    "dc:creator": "Benoit R.",
    "prism:publicationName": "Journal of Materials Chemistry A",
    "prism:issn": "20507488",
    "prism:eIssn": "20507496",
    "prism:volume": "1",
    "prism:issueIdentifier": "45",
    "prism:pageRange": "14221-14226",
    "prism:coverDate": "2013-12-07",
    "prism:coverDisplayDate": "7 December 2013",
    "prism:doi": "10.1039/c3ta12896b",
    "citedby-count": "12",
    "affiliation": [
        {
            "@_fa": "true",
            "affilname": "Universit\u00e9 d'Orl\u00e9ans",
            "affiliation-city": "Orleans",
            "affiliation-country": "France"
        }
    ],
    "prism:aggregationType": "Journal",
    "subtype": "ar",
    "subtypeDescription": "Article",
    "source-id": "21100232403",
    "openaccess": "0",
    "openaccessFlag": false,
    "freetoread": {
        "value": [
            {
                "$": "all"
            },
            {
                "$": "repository"
            },
            {
                "$": "repositoryam"
            }
        ]
    },
    "freetoreadLabel": {
        "value": [
            {
                "$": "All Open Access"
            },
            {
                "$": "Green"
            }
        ]
    }
}