{
    "@_fa": "true",
    "link": [
        {
            "@_fa": "true",
            "@ref": "self",
            "@href": "https://api.elsevier.com/content/abstract/scopus_id/84890092567"
        },
        {
            "@_fa": "true",
            "@ref": "author-affiliation",
            "@href": "https://api.elsevier.com/content/abstract/scopus_id/84890092567?field=author,affiliation"
        },
        {
            "@_fa": "true",
            "@ref": "scopus",
            "@href": "https://www.scopus.com/inward/record.uri?partnerID=HzOxMe3b&scp=84890092567&origin=inward"
        },
        {
            "@_fa": "true",
            "@ref": "scopus-citedby",
            "@href": "https://www.scopus.com/inward/citedby.uri?partnerID=HzOxMe3b&scp=84890092567&origin=inward"
        }
    ],
    "prism:url": "https://api.elsevier.com/content/abstract/scopus_id/84890092567",
    "dc:identifier": "SCOPUS_ID:84890092567",
    "eid": "2-s2.0-84890092567",
    "dc:title": "Minimisation of image watermarking side effects through subjective optimisation",
    "dc:creator": "Golestani H.",
    "prism:publicationName": "IET Image Processing",
    "prism:issn": "17519659",
    "prism:volume": "7",
    "prism:issueIdentifier": "8",
    "prism:pageRange": "733-741",
    "prism:coverDate": "2013-12-16",
    "prism:coverDisplayDate": "2013",
    "prism:doi": "10.1049/iet-ipr.2013.0086",
    "citedby-count": "9",
    "affiliation": [
        {
            "@_fa": "true",
            "affilname": "Sharif University of Technology",
            "affiliation-city": "Tehran",
            "affiliation-country": "Iran"
        }
    ],
    "prism:aggregationType": "Journal",
    "subtype": "ar",
    "subtypeDescription": "Article",
    "source-id": "5400152646",
    "openaccess": "1",
    "openaccessFlag": true,
    "freetoread": {
        "value": [
            {
                "$": "all"
            },
            {
                "$": "publisherfree2read"
            }
        ]
    },
    "freetoreadLabel": {
        "value": [
            {
                "$": "All Open Access"
            },
            {
                "$": "Bronze"
            }
        ]
    }
}