{
    "@_fa": "true",
    "link": [
        {
            "@_fa": "true",
            "@ref": "self",
            "@href": "https://api.elsevier.com/content/abstract/scopus_id/84930074461"
        },
        {
            "@_fa": "true",
            "@ref": "author-affiliation",
            "@href": "https://api.elsevier.com/content/abstract/scopus_id/84930074461?field=author,affiliation"
        },
        {
            "@_fa": "true",
            "@ref": "scopus",
            "@href": "https://www.scopus.com/inward/record.uri?partnerID=HzOxMe3b&scp=84930074461&origin=inward"
        },
        {
            "@_fa": "true",
            "@ref": "scopus-citedby",
            "@href": "https://www.scopus.com/inward/citedby.uri?partnerID=HzOxMe3b&scp=84930074461&origin=inward"
        }
    ],
    "prism:url": "https://api.elsevier.com/content/abstract/scopus_id/84930074461",
    "dc:identifier": "SCOPUS_ID:84930074461",
    "eid": "2-s2.0-84930074461",
    "dc:title": "Polar oxide thin films for MEMS applications",
    "dc:creator": "Muralt P.",
    "prism:publicationName": "Chemical Solution Deposition of Functional Oxide Thin Films",
    "prism:isbn": [
        {
            "@_fa": "true",
            "$": "[9783211993118, 321199310X, 9783211993101]"
        }
    ],
    "prism:volume": "9783211993118",
    "prism:pageRange": "593-620",
    "prism:coverDate": "2013-12-01",
    "prism:coverDisplayDate": "1 December 2013",
    "prism:doi": "10.1007/978-3-211-99311-8_24",
    "citedby-count": "8",
    "affiliation": [
        {
            "@_fa": "true",
            "affilname": "\u00c9cole Polytechnique F\u00e9d\u00e9rale de Lausanne",
            "affiliation-city": "Lausanne",
            "affiliation-country": "Switzerland"
        }
    ],
    "prism:aggregationType": "Book",
    "subtype": "ch",
    "subtypeDescription": "Book Chapter",
    "source-id": "21100394004",
    "openaccess": "0",
    "openaccessFlag": false
}