{
    "@_fa": "true",
    "link": [
        {
            "@_fa": "true",
            "@ref": "self",
            "@href": "https://api.elsevier.com/content/abstract/scopus_id/84897808402"
        },
        {
            "@_fa": "true",
            "@ref": "author-affiliation",
            "@href": "https://api.elsevier.com/content/abstract/scopus_id/84897808402?field=author,affiliation"
        },
        {
            "@_fa": "true",
            "@ref": "scopus",
            "@href": "https://www.scopus.com/inward/record.uri?partnerID=HzOxMe3b&scp=84897808402&origin=inward"
        },
        {
            "@_fa": "true",
            "@ref": "scopus-citedby",
            "@href": "https://www.scopus.com/inward/citedby.uri?partnerID=HzOxMe3b&scp=84897808402&origin=inward"
        }
    ],
    "prism:url": "https://api.elsevier.com/content/abstract/scopus_id/84897808402",
    "dc:identifier": "SCOPUS_ID:84897808402",
    "eid": "2-s2.0-84897808402",
    "dc:title": "Study on silver sintered die attach material with different metal surfaces for high temperature and high pressure (300\u00b0c/30kpsi) applications",
    "dc:creator": "Wai L.C.",
    "prism:publicationName": "Proceedings of the 2013 IEEE 15th Electronics Packaging Technology Conference, EPTC 2013",
    "prism:isbn": [
        {
            "@_fa": "true",
            "$": "[9781479928330]"
        }
    ],
    "prism:pageRange": "335-340",
    "prism:coverDate": "2013-12-01",
    "prism:coverDisplayDate": "2013",
    "prism:doi": "10.1109/EPTC.2013.6745738",
    "citedby-count": "16",
    "affiliation": [
        {
            "@_fa": "true",
            "affilname": "A-Star, Institute of Microelectronics",
            "affiliation-city": "Singapore City",
            "affiliation-country": "Singapore"
        }
    ],
    "prism:aggregationType": "Conference Proceeding",
    "subtype": "cp",
    "subtypeDescription": "Conference Paper",
    "article-number": "6745738",
    "source-id": "21100294603",
    "openaccess": "0",
    "openaccessFlag": false
}