{
    "@_fa": "true",
    "link": [
        {
            "@_fa": "true",
            "@ref": "self",
            "@href": "https://api.elsevier.com/content/abstract/scopus_id/84929533126"
        },
        {
            "@_fa": "true",
            "@ref": "author-affiliation",
            "@href": "https://api.elsevier.com/content/abstract/scopus_id/84929533126?field=author,affiliation"
        },
        {
            "@_fa": "true",
            "@ref": "scopus",
            "@href": "https://www.scopus.com/inward/record.uri?partnerID=HzOxMe3b&scp=84929533126&origin=inward"
        },
        {
            "@_fa": "true",
            "@ref": "scopus-citedby",
            "@href": "https://www.scopus.com/inward/citedby.uri?partnerID=HzOxMe3b&scp=84929533126&origin=inward"
        }
    ],
    "prism:url": "https://api.elsevier.com/content/abstract/scopus_id/84929533126",
    "dc:identifier": "SCOPUS_ID:84929533126",
    "eid": "2-s2.0-84929533126",
    "dc:title": "Moving toward evidence-based software production",
    "dc:creator": "Weiss D.M.",
    "prism:publicationName": "Perspectives on the Future of Software Engineering: Essays in Honor of Dieter Rombach",
    "prism:isbn": [
        {
            "@_fa": "true",
            "$": "[9783642373954, 3642373941, 9783642373947]"
        }
    ],
    "prism:volume": "9783642373954",
    "prism:pageRange": "275-298",
    "prism:coverDate": "2013-12-01",
    "prism:coverDisplayDate": "1 December 2013",
    "prism:doi": "10.1007/978-3-642-37395-4_18",
    "citedby-count": "0",
    "affiliation": [
        {
            "@_fa": "true",
            "affilname": "Department of Computer Science",
            "affiliation-city": "Ames",
            "affiliation-country": "United States"
        }
    ],
    "prism:aggregationType": "Book",
    "subtype": "ch",
    "subtypeDescription": "Book Chapter",
    "source-id": "21100390442",
    "openaccess": "0",
    "openaccessFlag": false
}