{
    "@_fa": "true",
    "link": [
        {
            "@_fa": "true",
            "@ref": "self",
            "@href": "https://api.elsevier.com/content/abstract/scopus_id/84890050268"
        },
        {
            "@_fa": "true",
            "@ref": "author-affiliation",
            "@href": "https://api.elsevier.com/content/abstract/scopus_id/84890050268?field=author,affiliation"
        },
        {
            "@_fa": "true",
            "@ref": "scopus",
            "@href": "https://www.scopus.com/inward/record.uri?partnerID=HzOxMe3b&scp=84890050268&origin=inward"
        },
        {
            "@_fa": "true",
            "@ref": "scopus-citedby",
            "@href": "https://www.scopus.com/inward/citedby.uri?partnerID=HzOxMe3b&scp=84890050268&origin=inward"
        }
    ],
    "prism:url": "https://api.elsevier.com/content/abstract/scopus_id/84890050268",
    "dc:identifier": "SCOPUS_ID:84890050268",
    "eid": "2-s2.0-84890050268",
    "dc:title": "Platform based approach for automation of workflows in a system of systems",
    "dc:creator": "Ploom T.",
    "prism:publicationName": "c2013 IEEE 7th International Symposium on the Maintenance and Evolution of Service-Oriented and Cloud-Based Systems, MESOCA 2013",
    "prism:isbn": [
        {
            "@_fa": "true",
            "$": "[9781467348898]"
        }
    ],
    "prism:pageRange": "12-21",
    "prism:coverDate": "2013-12-16",
    "prism:coverDisplayDate": "2013",
    "prism:doi": "10.1109/MESOCA.2013.6632730",
    "citedby-count": "3",
    "affiliation": [
        {
            "@_fa": "true",
            "affilname": "Credit Suisse group",
            "affiliation-city": "Zurich",
            "affiliation-country": "Switzerland"
        }
    ],
    "prism:aggregationType": "Conference Proceeding",
    "subtype": "cp",
    "subtypeDescription": "Conference Paper",
    "article-number": "6632730",
    "source-id": "21100274230",
    "openaccess": "0",
    "openaccessFlag": false
}