{
    "@_fa": "true",
    "link": [
        {
            "@_fa": "true",
            "@ref": "self",
            "@href": "https://api.elsevier.com/content/abstract/scopus_id/84890221412"
        },
        {
            "@_fa": "true",
            "@ref": "author-affiliation",
            "@href": "https://api.elsevier.com/content/abstract/scopus_id/84890221412?field=author,affiliation"
        },
        {
            "@_fa": "true",
            "@ref": "scopus",
            "@href": "https://www.scopus.com/inward/record.uri?partnerID=HzOxMe3b&scp=84890221412&origin=inward"
        },
        {
            "@_fa": "true",
            "@ref": "scopus-citedby",
            "@href": "https://www.scopus.com/inward/citedby.uri?partnerID=HzOxMe3b&scp=84890221412&origin=inward"
        }
    ],
    "prism:url": "https://api.elsevier.com/content/abstract/scopus_id/84890221412",
    "dc:identifier": "SCOPUS_ID:84890221412",
    "eid": "2-s2.0-84890221412",
    "dc:title": "Optimisation of quasi-resonant induction cookers",
    "dc:creator": "Sheikhian I.",
    "prism:publicationName": "2013 15th European Conference on Power Electronics and Applications, EPE 2013",
    "prism:isbn": [
        {
            "@_fa": "true",
            "$": "[9781479901166]"
        }
    ],
    "prism:pageRange": null,
    "prism:coverDate": "2013-12-17",
    "prism:coverDisplayDate": "2013",
    "prism:doi": "10.1109/EPE.2013.6631837",
    "citedby-count": "9",
    "affiliation": [
        {
            "@_fa": "true",
            "affilname": "Universit\u00e4t Bremen",
            "affiliation-city": "Bremen",
            "affiliation-country": "Germany"
        }
    ],
    "prism:aggregationType": "Conference Proceeding",
    "subtype": "cp",
    "subtypeDescription": "Conference Paper",
    "article-number": "6631837",
    "source-id": "21100274262",
    "openaccess": "0",
    "openaccessFlag": false
}