{
    "@_fa": "true",
    "link": [
        {
            "@_fa": "true",
            "@ref": "self",
            "@href": "https://api.elsevier.com/content/abstract/scopus_id/84893508270"
        },
        {
            "@_fa": "true",
            "@ref": "author-affiliation",
            "@href": "https://api.elsevier.com/content/abstract/scopus_id/84893508270?field=author,affiliation"
        },
        {
            "@_fa": "true",
            "@ref": "scopus",
            "@href": "https://www.scopus.com/inward/record.uri?partnerID=HzOxMe3b&scp=84893508270&origin=inward"
        },
        {
            "@_fa": "true",
            "@ref": "scopus-citedby",
            "@href": "https://www.scopus.com/inward/citedby.uri?partnerID=HzOxMe3b&scp=84893508270&origin=inward"
        }
    ],
    "prism:url": "https://api.elsevier.com/content/abstract/scopus_id/84893508270",
    "dc:identifier": "SCOPUS_ID:84893508270",
    "eid": "2-s2.0-84893508270",
    "dc:title": "Optimisation of the Schizosaccharomyces pombe urg1 expression system",
    "dc:creator": "Watson A.",
    "prism:publicationName": "PLoS ONE",
    "prism:eIssn": "19326203",
    "prism:volume": "8",
    "prism:issueIdentifier": "12",
    "prism:pageRange": null,
    "prism:coverDate": "2013-12-20",
    "prism:coverDisplayDate": "20 December 2013",
    "prism:doi": "10.1371/journal.pone.0083800",
    "citedby-count": "19",
    "affiliation": [
        {
            "@_fa": "true",
            "affilname": "Genome Damage and Stability Centre",
            "affiliation-city": "Brighton",
            "affiliation-country": "United Kingdom"
        }
    ],
    "pubmed-id": "24376751",
    "prism:aggregationType": "Journal",
    "subtype": "ar",
    "subtypeDescription": "Article",
    "article-number": "e83800",
    "source-id": "10600153309",
    "openaccess": "1",
    "openaccessFlag": true,
    "freetoread": {
        "value": [
            {
                "$": "all"
            },
            {
                "$": "publisherfullgold"
            },
            {
                "$": "repository"
            },
            {
                "$": "repositoryvor"
            },
            {
                "$": "repositoryam"
            }
        ]
    },
    "freetoreadLabel": {
        "value": [
            {
                "$": "All Open Access"
            },
            {
                "$": "Gold"
            },
            {
                "$": "Green"
            }
        ]
    }
}