{
    "@_fa": "true",
    "link": [
        {
            "@_fa": "true",
            "@ref": "self",
            "@href": "https://api.elsevier.com/content/abstract/scopus_id/84889565893"
        },
        {
            "@_fa": "true",
            "@ref": "author-affiliation",
            "@href": "https://api.elsevier.com/content/abstract/scopus_id/84889565893?field=author,affiliation"
        },
        {
            "@_fa": "true",
            "@ref": "scopus",
            "@href": "https://www.scopus.com/inward/record.uri?partnerID=HzOxMe3b&scp=84889565893&origin=inward"
        },
        {
            "@_fa": "true",
            "@ref": "scopus-citedby",
            "@href": "https://www.scopus.com/inward/citedby.uri?partnerID=HzOxMe3b&scp=84889565893&origin=inward"
        }
    ],
    "prism:url": "https://api.elsevier.com/content/abstract/scopus_id/84889565893",
    "dc:identifier": "SCOPUS_ID:84889565893",
    "eid": "2-s2.0-84889565893",
    "dc:title": "Research on the evaluation of AEC projects information management model based on smart construction theory in China",
    "dc:creator": "Wu Y.",
    "prism:publicationName": "ICCREM 2013: Construction and Operation in the Context of Sustainability - Proceedings of the 2013 International Conference on Construction and Real Estate Management",
    "prism:isbn": [
        {
            "@_fa": "true",
            "$": "[9780784413135]"
        }
    ],
    "prism:pageRange": "593-615",
    "prism:coverDate": "2013-12-11",
    "prism:coverDisplayDate": "2013",
    "prism:doi": "10.1061/9780784413135.057",
    "citedby-count": "3",
    "affiliation": [
        {
            "@_fa": "true",
            "affilname": "Harbin Institute of Technology",
            "affiliation-city": "Harbin",
            "affiliation-country": "China"
        }
    ],
    "prism:aggregationType": "Conference Proceeding",
    "subtype": "cp",
    "subtypeDescription": "Conference Paper",
    "source-id": "21100272904",
    "openaccess": "0",
    "openaccessFlag": false
}