{
    "@_fa": "true",
    "link": [
        {
            "@_fa": "true",
            "@ref": "self",
            "@href": "https://api.elsevier.com/content/abstract/scopus_id/84888599866"
        },
        {
            "@_fa": "true",
            "@ref": "author-affiliation",
            "@href": "https://api.elsevier.com/content/abstract/scopus_id/84888599866?field=author,affiliation"
        },
        {
            "@_fa": "true",
            "@ref": "scopus",
            "@href": "https://www.scopus.com/inward/record.uri?partnerID=HzOxMe3b&scp=84888599866&origin=inward"
        },
        {
            "@_fa": "true",
            "@ref": "scopus-citedby",
            "@href": "https://www.scopus.com/inward/citedby.uri?partnerID=HzOxMe3b&scp=84888599866&origin=inward"
        }
    ],
    "prism:url": "https://api.elsevier.com/content/abstract/scopus_id/84888599866",
    "dc:identifier": "SCOPUS_ID:84888599866",
    "eid": "2-s2.0-84888599866",
    "dc:title": "The Bacillus BioBrick Box: Generation and evaluation of essential genetic building blocks for standardized work with Bacillus subtilis",
    "dc:creator": "Radeck J.",
    "prism:publicationName": "Journal of Biological Engineering",
    "prism:eIssn": "17541611",
    "prism:volume": "7",
    "prism:issueIdentifier": "1",
    "prism:pageRange": null,
    "prism:coverDate": "2013-12-02",
    "prism:coverDisplayDate": "2 December 2013",
    "prism:doi": "10.1186/1754-1611-7-29",
    "citedby-count": "164",
    "affiliation": [
        {
            "@_fa": "true",
            "affilname": "Ludwig-Maximilians-Universit\u00e4t M\u00fcnchen",
            "affiliation-city": "Munich",
            "affiliation-country": "Germany"
        }
    ],
    "prism:aggregationType": "Journal",
    "subtype": "ar",
    "subtypeDescription": "Article",
    "article-number": "29",
    "source-id": "11700154619",
    "openaccess": "1",
    "openaccessFlag": true,
    "freetoread": {
        "value": [
            {
                "$": "all"
            },
            {
                "$": "publisherfullgold"
            }
        ]
    },
    "freetoreadLabel": {
        "value": [
            {
                "$": "All Open Access"
            },
            {
                "$": "Gold"
            }
        ]
    }
}