{
    "@_fa": "true",
    "link": [
        {
            "@_fa": "true",
            "@ref": "self",
            "@href": "https://api.elsevier.com/content/abstract/scopus_id/84890488187"
        },
        {
            "@_fa": "true",
            "@ref": "author-affiliation",
            "@href": "https://api.elsevier.com/content/abstract/scopus_id/84890488187?field=author,affiliation"
        },
        {
            "@_fa": "true",
            "@ref": "scopus",
            "@href": "https://www.scopus.com/inward/record.uri?partnerID=HzOxMe3b&scp=84890488187&origin=inward"
        },
        {
            "@_fa": "true",
            "@ref": "scopus-citedby",
            "@href": "https://www.scopus.com/inward/citedby.uri?partnerID=HzOxMe3b&scp=84890488187&origin=inward"
        }
    ],
    "prism:url": "https://api.elsevier.com/content/abstract/scopus_id/84890488187",
    "dc:identifier": "SCOPUS_ID:84890488187",
    "eid": "2-s2.0-84890488187",
    "dc:title": "Shock-wave propagation in an elastic rod with a viscoplastic external resistance",
    "dc:creator": "Shatskii I.",
    "prism:publicationName": "Journal of Applied Mechanics and Technical Physics",
    "prism:issn": "00218944",
    "prism:eIssn": "15738620",
    "prism:volume": "54",
    "prism:issueIdentifier": "6",
    "prism:pageRange": "1016-1020",
    "prism:coverDate": "2013-12-23",
    "prism:coverDisplayDate": "2013",
    "prism:doi": "10.1134/S0021894413060163",
    "citedby-count": "26",
    "affiliation": [
        {
            "@_fa": "true",
            "affilname": "Institute for Applied Problems in Mechanics and Mathematics(IAPMM)",
            "affiliation-city": "Lviv",
            "affiliation-country": "Ukraine"
        }
    ],
    "prism:aggregationType": "Journal",
    "subtype": "ar",
    "subtypeDescription": "Article",
    "source-id": "21139",
    "openaccess": "0",
    "openaccessFlag": false
}