{
    "@_fa": "true",
    "link": [
        {
            "@_fa": "true",
            "@ref": "self",
            "@href": "https://api.elsevier.com/content/abstract/scopus_id/84891100521"
        },
        {
            "@_fa": "true",
            "@ref": "author-affiliation",
            "@href": "https://api.elsevier.com/content/abstract/scopus_id/84891100521?field=author,affiliation"
        },
        {
            "@_fa": "true",
            "@ref": "scopus",
            "@href": "https://www.scopus.com/inward/record.uri?partnerID=HzOxMe3b&scp=84891100521&origin=inward"
        },
        {
            "@_fa": "true",
            "@ref": "scopus-citedby",
            "@href": "https://www.scopus.com/inward/citedby.uri?partnerID=HzOxMe3b&scp=84891100521&origin=inward"
        }
    ],
    "prism:url": "https://api.elsevier.com/content/abstract/scopus_id/84891100521",
    "dc:identifier": "SCOPUS_ID:84891100521",
    "eid": "2-s2.0-84891100521",
    "dc:title": "Design of an expert system to automatically calibrate impedance control for powered knee prostheses",
    "dc:creator": "Wang D.",
    "prism:publicationName": "IEEE International Conference on Rehabilitation Robotics",
    "prism:issn": "19457898",
    "prism:eIssn": "19457901",
    "prism:isbn": [
        {
            "@_fa": "true",
            "$": "[9781467360241]"
        }
    ],
    "prism:pageRange": null,
    "prism:coverDate": "2013-12-31",
    "prism:coverDisplayDate": "2013",
    "prism:doi": "10.1109/ICORR.2013.6650442",
    "citedby-count": "11",
    "affiliation": [
        {
            "@_fa": "true",
            "affilname": "University of Rhode Island\u2019s College of Engineering",
            "affiliation-city": "Kingston",
            "affiliation-country": "United States"
        }
    ],
    "pubmed-id": "24187260",
    "prism:aggregationType": "Conference Proceeding",
    "subtype": "cp",
    "subtypeDescription": "Conference Paper",
    "article-number": "6650442",
    "source-id": "20300195002",
    "openaccess": "0",
    "openaccessFlag": false
}