{
    "@_fa": "true",
    "link": [
        {
            "@_fa": "true",
            "@ref": "self",
            "@href": "https://api.elsevier.com/content/abstract/scopus_id/84890320607"
        },
        {
            "@_fa": "true",
            "@ref": "author-affiliation",
            "@href": "https://api.elsevier.com/content/abstract/scopus_id/84890320607?field=author,affiliation"
        },
        {
            "@_fa": "true",
            "@ref": "scopus",
            "@href": "https://www.scopus.com/inward/record.uri?partnerID=HzOxMe3b&scp=84890320607&origin=inward"
        },
        {
            "@_fa": "true",
            "@ref": "scopus-citedby",
            "@href": "https://www.scopus.com/inward/citedby.uri?partnerID=HzOxMe3b&scp=84890320607&origin=inward"
        }
    ],
    "prism:url": "https://api.elsevier.com/content/abstract/scopus_id/84890320607",
    "dc:identifier": "SCOPUS_ID:84890320607",
    "eid": "2-s2.0-84890320607",
    "dc:title": "Guiding principles in the galvanic replacement reaction of an underpotentially deposited metal layer for site-selective deposition and shape and size control of satellite nanocrystals",
    "dc:creator": "Yu Y.",
    "prism:publicationName": "Chemistry of Materials",
    "prism:issn": "08974756",
    "prism:eIssn": "15205002",
    "prism:volume": "25",
    "prism:issueIdentifier": "23",
    "prism:pageRange": "4746-4756",
    "prism:coverDate": "2013-12-10",
    "prism:coverDisplayDate": "10 December 2013",
    "prism:doi": "10.1021/cm402734r",
    "citedby-count": "38",
    "affiliation": [
        {
            "@_fa": "true",
            "affilname": "National University of Singapore",
            "affiliation-city": "Singapore City",
            "affiliation-country": "Singapore"
        }
    ],
    "prism:aggregationType": "Journal",
    "subtype": "ar",
    "subtypeDescription": "Article",
    "source-id": "12878",
    "openaccess": "0",
    "openaccessFlag": false
}