{
    "@_fa": "true",
    "link": [
        {
            "@_fa": "true",
            "@ref": "self",
            "@href": "https://api.elsevier.com/content/abstract/scopus_id/84897757892"
        },
        {
            "@_fa": "true",
            "@ref": "author-affiliation",
            "@href": "https://api.elsevier.com/content/abstract/scopus_id/84897757892?field=author,affiliation"
        },
        {
            "@_fa": "true",
            "@ref": "scopus",
            "@href": "https://www.scopus.com/inward/record.uri?partnerID=HzOxMe3b&scp=84897757892&origin=inward"
        },
        {
            "@_fa": "true",
            "@ref": "scopus-citedby",
            "@href": "https://www.scopus.com/inward/citedby.uri?partnerID=HzOxMe3b&scp=84897757892&origin=inward"
        }
    ],
    "prism:url": "https://api.elsevier.com/content/abstract/scopus_id/84897757892",
    "dc:identifier": "SCOPUS_ID:84897757892",
    "eid": "2-s2.0-84897757892",
    "dc:title": "An extendable opensource architecture of E-learning system",
    "dc:creator": "Khan M.",
    "prism:publicationName": "Proceedings - 2013 4th International Conference on e-Learning Best Practices in Management, Design and Development of e-Courses: Standards of Excellence and Creativity, ECONF 2013",
    "prism:isbn": [
        {
            "@_fa": "true",
            "$": "[9780769550367]"
        }
    ],
    "prism:pageRange": "22-26",
    "prism:coverDate": "2013-12-01",
    "prism:coverDisplayDate": "2013",
    "prism:doi": "10.1109/ECONF.2013.51",
    "citedby-count": "4",
    "affiliation": [
        {
            "@_fa": "true",
            "affilname": "Umm Al-Qura University",
            "affiliation-city": "Makkah",
            "affiliation-country": "Saudi Arabia"
        }
    ],
    "prism:aggregationType": "Conference Proceeding",
    "subtype": "cp",
    "subtypeDescription": "Conference Paper",
    "article-number": "6745517",
    "source-id": "21100294609",
    "openaccess": "0",
    "openaccessFlag": false
}