{
    "@_fa": "true",
    "link": [
        {
            "@_fa": "true",
            "@ref": "self",
            "@href": "https://api.elsevier.com/content/abstract/scopus_id/84900369569"
        },
        {
            "@_fa": "true",
            "@ref": "author-affiliation",
            "@href": "https://api.elsevier.com/content/abstract/scopus_id/84900369569?field=author,affiliation"
        },
        {
            "@_fa": "true",
            "@ref": "scopus",
            "@href": "https://www.scopus.com/inward/record.uri?partnerID=HzOxMe3b&scp=84900369569&origin=inward"
        },
        {
            "@_fa": "true",
            "@ref": "scopus-citedby",
            "@href": "https://www.scopus.com/inward/citedby.uri?partnerID=HzOxMe3b&scp=84900369569&origin=inward"
        }
    ],
    "prism:url": "https://api.elsevier.com/content/abstract/scopus_id/84900369569",
    "dc:identifier": "SCOPUS_ID:84900369569",
    "eid": "2-s2.0-84900369569",
    "dc:title": "Dynamic-width reconfigurable parallel prefix circuits",
    "dc:creator": "El-Boghdadi H.",
    "prism:publicationName": "Proceedings - 16th IEEE International Conference on Computational Science and Engineering, CSE 2013",
    "prism:pageRange": "109-116",
    "prism:coverDate": "2013-12-01",
    "prism:coverDisplayDate": "2013",
    "prism:doi": "10.1109/CSE.2013.27",
    "citedby-count": "0",
    "affiliation": [
        {
            "@_fa": "true",
            "affilname": "Faculty of Engineering",
            "affiliation-city": "Cairo",
            "affiliation-country": "Egypt"
        }
    ],
    "prism:aggregationType": "Conference Proceeding",
    "subtype": "cp",
    "subtypeDescription": "Conference Paper",
    "article-number": "6755205",
    "source-id": "21100301609",
    "openaccess": "0",
    "openaccessFlag": false
}