{
    "@_fa": "true",
    "link": [
        {
            "@_fa": "true",
            "@ref": "self",
            "@href": "https://api.elsevier.com/content/abstract/scopus_id/84929290979"
        },
        {
            "@_fa": "true",
            "@ref": "author-affiliation",
            "@href": "https://api.elsevier.com/content/abstract/scopus_id/84929290979?field=author,affiliation"
        },
        {
            "@_fa": "true",
            "@ref": "scopus",
            "@href": "https://www.scopus.com/inward/record.uri?partnerID=HzOxMe3b&scp=84929290979&origin=inward"
        },
        {
            "@_fa": "true",
            "@ref": "scopus-citedby",
            "@href": "https://www.scopus.com/inward/citedby.uri?partnerID=HzOxMe3b&scp=84929290979&origin=inward"
        }
    ],
    "prism:url": "https://api.elsevier.com/content/abstract/scopus_id/84929290979",
    "dc:identifier": "SCOPUS_ID:84929290979",
    "eid": "2-s2.0-84929290979",
    "dc:title": "Miscellaneous topics",
    "dc:creator": "Schr\u00f6der W.",
    "prism:publicationName": "High Performance Computing in Science and Engineering '12: Transactions of the High Performance Computing Center, Stuttgart (HLRS) 2012",
    "prism:isbn": [
        {
            "@_fa": "true",
            "$": "[9783642333743, 3642333737, 9783642333736]"
        }
    ],
    "prism:volume": "9783642333743",
    "prism:pageRange": "431-434",
    "prism:coverDate": "2013-12-01",
    "prism:coverDisplayDate": "1 December 2013",
    "prism:doi": "10.1007/978-3-642-33374-3_6",
    "citedby-count": "0",
    "affiliation": [
        {
            "@_fa": "true",
            "affilname": "Rheinisch-Westf\u00e4lische Technische Hochschule Aachen",
            "affiliation-city": "Aachen",
            "affiliation-country": "Germany"
        }
    ],
    "prism:aggregationType": "Book",
    "subtype": "ed",
    "subtypeDescription": "Editorial",
    "source-id": "21100390208",
    "openaccess": "0",
    "openaccessFlag": false
}