{
    "@_fa": "true",
    "link": [
        {
            "@_fa": "true",
            "@ref": "self",
            "@href": "https://api.elsevier.com/content/abstract/scopus_id/84900586162"
        },
        {
            "@_fa": "true",
            "@ref": "author-affiliation",
            "@href": "https://api.elsevier.com/content/abstract/scopus_id/84900586162?field=author,affiliation"
        },
        {
            "@_fa": "true",
            "@ref": "scopus",
            "@href": "https://www.scopus.com/inward/record.uri?partnerID=HzOxMe3b&scp=84900586162&origin=inward"
        },
        {
            "@_fa": "true",
            "@ref": "scopus-citedby",
            "@href": "https://www.scopus.com/inward/citedby.uri?partnerID=HzOxMe3b&scp=84900586162&origin=inward"
        }
    ],
    "prism:url": "https://api.elsevier.com/content/abstract/scopus_id/84900586162",
    "dc:identifier": "SCOPUS_ID:84900586162",
    "eid": "2-s2.0-84900586162",
    "dc:title": "Design of auto-running of dbe in deep space TT&amp;C station",
    "dc:creator": "Yiwen J.",
    "prism:publicationName": "IET Seminar Digest",
    "prism:isbn": [
        {
            "@_fa": "true",
            "$": "[9781849198196]"
        }
    ],
    "prism:volume": "2013",
    "prism:issueIdentifier": "6",
    "prism:pageRange": null,
    "prism:coverDate": "2013-12-01",
    "prism:coverDisplayDate": "2013",
    "prism:doi": "10.1049/ic.2013.0217",
    "citedby-count": "0",
    "affiliation": [
        {
            "@_fa": "true",
            "affilname": "Academy of Equipment",
            "affiliation-city": null,
            "affiliation-country": "China"
        }
    ],
    "prism:aggregationType": "Conference Proceeding",
    "subtype": "cp",
    "subtypeDescription": "Conference Paper",
    "article-number": "0217",
    "source-id": "5100154507",
    "openaccess": "0",
    "openaccessFlag": false
}