{
    "@_fa": "true",
    "link": [
        {
            "@_fa": "true",
            "@ref": "self",
            "@href": "https://api.elsevier.com/content/abstract/scopus_id/84890479991"
        },
        {
            "@_fa": "true",
            "@ref": "author-affiliation",
            "@href": "https://api.elsevier.com/content/abstract/scopus_id/84890479991?field=author,affiliation"
        },
        {
            "@_fa": "true",
            "@ref": "scopus",
            "@href": "https://www.scopus.com/inward/record.uri?partnerID=HzOxMe3b&scp=84890479991&origin=inward"
        },
        {
            "@_fa": "true",
            "@ref": "scopus-citedby",
            "@href": "https://www.scopus.com/inward/citedby.uri?partnerID=HzOxMe3b&scp=84890479991&origin=inward"
        }
    ],
    "prism:url": "https://api.elsevier.com/content/abstract/scopus_id/84890479991",
    "dc:identifier": "SCOPUS_ID:84890479991",
    "eid": "2-s2.0-84890479991",
    "dc:title": "Dynamic feature deployment and composition for dynamic software product lines",
    "dc:creator": "Lee J.",
    "prism:publicationName": "ACM International Conference Proceeding Series",
    "prism:isbn": [
        {
            "@_fa": "true",
            "$": "[9781450323253]"
        }
    ],
    "prism:pageRange": "114-116",
    "prism:coverDate": "2013-12-23",
    "prism:coverDisplayDate": "2013",
    "prism:doi": "10.1145/2499777.2500717",
    "citedby-count": "3",
    "affiliation": [
        {
            "@_fa": "true",
            "affilname": "Lancaster University",
            "affiliation-city": "Lancaster",
            "affiliation-country": "United Kingdom"
        }
    ],
    "prism:aggregationType": "Conference Proceeding",
    "subtype": "cp",
    "subtypeDescription": "Conference Paper",
    "source-id": "11600154611",
    "openaccess": "0",
    "openaccessFlag": false
}