{
    "@_fa": "true",
    "link": [
        {
            "@_fa": "true",
            "@ref": "self",
            "@href": "https://api.elsevier.com/content/abstract/scopus_id/84888997641"
        },
        {
            "@_fa": "true",
            "@ref": "author-affiliation",
            "@href": "https://api.elsevier.com/content/abstract/scopus_id/84888997641?field=author,affiliation"
        },
        {
            "@_fa": "true",
            "@ref": "scopus",
            "@href": "https://www.scopus.com/inward/record.uri?partnerID=HzOxMe3b&scp=84888997641&origin=inward"
        },
        {
            "@_fa": "true",
            "@ref": "scopus-citedby",
            "@href": "https://www.scopus.com/inward/citedby.uri?partnerID=HzOxMe3b&scp=84888997641&origin=inward"
        }
    ],
    "prism:url": "https://api.elsevier.com/content/abstract/scopus_id/84888997641",
    "dc:identifier": "SCOPUS_ID:84888997641",
    "eid": "2-s2.0-84888997641",
    "dc:title": "A framework for innovation system customization for product line-based software businesses",
    "dc:creator": "Stallinger F.",
    "prism:publicationName": "Proceedings - 39th Euromicro Conference Series on Software Engineering and Advanced Applications, SEAA 2013",
    "prism:isbn": [
        {
            "@_fa": "true",
            "$": "[9780769550916]"
        }
    ],
    "prism:pageRange": "94-97",
    "prism:coverDate": "2013-12-09",
    "prism:coverDisplayDate": "2013",
    "prism:doi": "10.1109/SEAA.2013.67",
    "citedby-count": "1",
    "affiliation": [
        {
            "@_fa": "true",
            "affilname": "Software Competence Center Hagenberg",
            "affiliation-city": "Hagenberg",
            "affiliation-country": "Austria"
        }
    ],
    "prism:aggregationType": "Conference Proceeding",
    "subtype": "cp",
    "subtypeDescription": "Conference Paper",
    "article-number": "6619495",
    "source-id": "21100269640",
    "openaccess": "0",
    "openaccessFlag": false
}