{
    "@_fa": "true",
    "link": [
        {
            "@_fa": "true",
            "@ref": "self",
            "@href": "https://api.elsevier.com/content/abstract/scopus_id/84890521203"
        },
        {
            "@_fa": "true",
            "@ref": "author-affiliation",
            "@href": "https://api.elsevier.com/content/abstract/scopus_id/84890521203?field=author,affiliation"
        },
        {
            "@_fa": "true",
            "@ref": "scopus",
            "@href": "https://www.scopus.com/inward/record.uri?partnerID=HzOxMe3b&scp=84890521203&origin=inward"
        },
        {
            "@_fa": "true",
            "@ref": "scopus-citedby",
            "@href": "https://www.scopus.com/inward/citedby.uri?partnerID=HzOxMe3b&scp=84890521203&origin=inward"
        }
    ],
    "prism:url": "https://api.elsevier.com/content/abstract/scopus_id/84890521203",
    "dc:identifier": "SCOPUS_ID:84890521203",
    "eid": "2-s2.0-84890521203",
    "dc:title": "Discussion of \"prediction of missing rainfall data using conventional and artificial neural network techniques,\" by U.C. Roman, P.L. Patel, and P.D. Porey, journal of hydraulic engineering, September 2012, Vol. 18, No. 3, pp. 224-231.",
    "dc:creator": "Bozorg Haddad O.",
    "prism:publicationName": "ISH Journal of Hydraulic Engineering",
    "prism:issn": "09715010",
    "prism:eIssn": "21643040",
    "prism:volume": "19",
    "prism:issueIdentifier": "2",
    "prism:pageRange": "76-77",
    "prism:coverDate": "2013-12-23",
    "prism:coverDisplayDate": "2013",
    "prism:doi": "10.1080/09715010.2013.772762",
    "citedby-count": "5",
    "affiliation": [
        {
            "@_fa": "true",
            "affilname": "University of Tehran",
            "affiliation-city": "Tehran",
            "affiliation-country": "Iran"
        }
    ],
    "prism:aggregationType": "Journal",
    "subtype": "no",
    "subtypeDescription": "Note",
    "source-id": "21100274232",
    "openaccess": "0",
    "openaccessFlag": false
}