{
    "@_fa": "true",
    "link": [
        {
            "@_fa": "true",
            "@ref": "self",
            "@href": "https://api.elsevier.com/content/abstract/scopus_id/84888627417"
        },
        {
            "@_fa": "true",
            "@ref": "author-affiliation",
            "@href": "https://api.elsevier.com/content/abstract/scopus_id/84888627417?field=author,affiliation"
        },
        {
            "@_fa": "true",
            "@ref": "scopus",
            "@href": "https://www.scopus.com/inward/record.uri?partnerID=HzOxMe3b&scp=84888627417&origin=inward"
        },
        {
            "@_fa": "true",
            "@ref": "scopus-citedby",
            "@href": "https://www.scopus.com/inward/citedby.uri?partnerID=HzOxMe3b&scp=84888627417&origin=inward"
        }
    ],
    "prism:url": "https://api.elsevier.com/content/abstract/scopus_id/84888627417",
    "dc:identifier": "SCOPUS_ID:84888627417",
    "eid": "2-s2.0-84888627417",
    "dc:title": "Nanoscale all-angle waveguide based on plasmon Band Effect in Triangular Array of MWCNTs",
    "dc:creator": "Mobini A.",
    "prism:publicationName": "Journal of Lightwave Technology",
    "prism:issn": "07338724",
    "prism:volume": "31",
    "prism:issueIdentifier": "23",
    "prism:pageRange": "3859-3864",
    "prism:coverDate": "2013-12-04",
    "prism:coverDisplayDate": "2013",
    "prism:doi": "10.1109/JLT.2013.2288598",
    "citedby-count": "4",
    "affiliation": [
        {
            "@_fa": "true",
            "affilname": "Tarbiat Modares University",
            "affiliation-city": "Tehran",
            "affiliation-country": "Iran"
        }
    ],
    "prism:aggregationType": "Journal",
    "subtype": "ar",
    "subtypeDescription": "Article",
    "article-number": "6657700",
    "source-id": "12178",
    "openaccess": "0",
    "openaccessFlag": false
}