{
    "@_fa": "true",
    "link": [
        {
            "@_fa": "true",
            "@ref": "self",
            "@href": "https://api.elsevier.com/content/abstract/scopus_id/84889011412"
        },
        {
            "@_fa": "true",
            "@ref": "author-affiliation",
            "@href": "https://api.elsevier.com/content/abstract/scopus_id/84889011412?field=author,affiliation"
        },
        {
            "@_fa": "true",
            "@ref": "scopus",
            "@href": "https://www.scopus.com/inward/record.uri?partnerID=HzOxMe3b&scp=84889011412&origin=inward"
        },
        {
            "@_fa": "true",
            "@ref": "scopus-citedby",
            "@href": "https://www.scopus.com/inward/citedby.uri?partnerID=HzOxMe3b&scp=84889011412&origin=inward"
        }
    ],
    "prism:url": "https://api.elsevier.com/content/abstract/scopus_id/84889011412",
    "dc:identifier": "SCOPUS_ID:84889011412",
    "eid": "2-s2.0-84889011412",
    "dc:title": "Emergencia: Pro-active decision support for emergency coordination through actionable emergency plans",
    "dc:creator": "Gonz\u00e1lez-Deleito N.",
    "prism:publicationName": "IEEE International Conference on Industrial Informatics (INDIN)",
    "prism:issn": "19354576",
    "prism:isbn": [
        {
            "@_fa": "true",
            "$": "[9781479907526]"
        }
    ],
    "prism:pageRange": "780-785",
    "prism:coverDate": "2013-12-09",
    "prism:coverDisplayDate": "2013",
    "prism:doi": "10.1109/INDIN.2013.6622983",
    "citedby-count": "0",
    "affiliation": [
        {
            "@_fa": "true",
            "affilname": "Sirris",
            "affiliation-city": "Brussels",
            "affiliation-country": "Belgium"
        }
    ],
    "prism:aggregationType": "Conference Proceeding",
    "subtype": "cp",
    "subtypeDescription": "Conference Paper",
    "article-number": "6622983",
    "source-id": "10900153316",
    "openaccess": "0",
    "openaccessFlag": false
}