{
    "@_fa": "true",
    "link": [
        {
            "@_fa": "true",
            "@ref": "self",
            "@href": "https://api.elsevier.com/content/abstract/scopus_id/84885325543"
        },
        {
            "@_fa": "true",
            "@ref": "author-affiliation",
            "@href": "https://api.elsevier.com/content/abstract/scopus_id/84885325543?field=author,affiliation"
        },
        {
            "@_fa": "true",
            "@ref": "scopus",
            "@href": "https://www.scopus.com/inward/record.uri?partnerID=HzOxMe3b&scp=84885325543&origin=inward"
        },
        {
            "@_fa": "true",
            "@ref": "scopus-citedby",
            "@href": "https://www.scopus.com/inward/citedby.uri?partnerID=HzOxMe3b&scp=84885325543&origin=inward"
        },
        {
            "@_fa": "true",
            "@ref": "full-text",
            "@href": "https://api.elsevier.com/content/article/eid/1-s2.0-S0022460X13006846"
        }
    ],
    "prism:url": "https://api.elsevier.com/content/abstract/scopus_id/84885325543",
    "dc:identifier": "SCOPUS_ID:84885325543",
    "eid": "2-s2.0-84885325543",
    "dc:title": "Comparison of restoring force models for the identification of structures with hysteresis and degradation",
    "dc:creator": "Ceravolo R.",
    "prism:publicationName": "Journal of Sound and Vibration",
    "prism:issn": "0022460X",
    "prism:eIssn": "10958568",
    "prism:volume": "332",
    "prism:issueIdentifier": "26",
    "prism:pageRange": "6982-6999",
    "prism:coverDate": "2013-12-23",
    "prism:coverDisplayDate": "23 December 2013",
    "prism:doi": "10.1016/j.jsv.2013.08.019",
    "pii": "S0022460X13006846",
    "citedby-count": "33",
    "affiliation": [
        {
            "@_fa": "true",
            "affilname": "Politecnico di Torino",
            "affiliation-city": "Turin",
            "affiliation-country": "Italy"
        }
    ],
    "prism:aggregationType": "Journal",
    "subtype": "ar",
    "subtypeDescription": "Article",
    "source-id": "13030",
    "openaccess": "0",
    "openaccessFlag": false
}