{
    "@_fa": "true",
    "link": [
        {
            "@_fa": "true",
            "@ref": "self",
            "@href": "https://api.elsevier.com/content/abstract/scopus_id/84903679092"
        },
        {
            "@_fa": "true",
            "@ref": "author-affiliation",
            "@href": "https://api.elsevier.com/content/abstract/scopus_id/84903679092?field=author,affiliation"
        },
        {
            "@_fa": "true",
            "@ref": "scopus",
            "@href": "https://www.scopus.com/inward/record.uri?partnerID=HzOxMe3b&scp=84903679092&origin=inward"
        },
        {
            "@_fa": "true",
            "@ref": "scopus-citedby",
            "@href": "https://www.scopus.com/inward/citedby.uri?partnerID=HzOxMe3b&scp=84903679092&origin=inward"
        }
    ],
    "prism:url": "https://api.elsevier.com/content/abstract/scopus_id/84903679092",
    "dc:identifier": "SCOPUS_ID:84903679092",
    "eid": "2-s2.0-84903679092",
    "dc:title": "Unravelling the biodiversity of nanoscale signatures of spider silk fibres",
    "dc:creator": "Silva L.P.",
    "prism:publicationName": "Nature Communications",
    "prism:eIssn": "20411723",
    "prism:volume": "4",
    "prism:pageRange": null,
    "prism:coverDate": "2013-12-18",
    "prism:coverDisplayDate": "18 December 2013",
    "prism:doi": "10.1038/ncomms4014",
    "citedby-count": "26",
    "affiliation": [
        {
            "@_fa": "true",
            "affilname": "Embrapa Recursos Geneticos e Biotecnologia",
            "affiliation-city": "Brasilia",
            "affiliation-country": "Brazil"
        }
    ],
    "pubmed-id": "24345771",
    "prism:aggregationType": "Journal",
    "subtype": "ar",
    "subtypeDescription": "Article",
    "article-number": "3014",
    "source-id": "19700182758",
    "openaccess": "1",
    "openaccessFlag": true,
    "freetoread": {
        "value": [
            {
                "$": "all"
            },
            {
                "$": "publisherfree2read"
            }
        ]
    },
    "freetoreadLabel": {
        "value": [
            {
                "$": "All Open Access"
            },
            {
                "$": "Bronze"
            }
        ]
    }
}