{
    "@_fa": "true",
    "link": [
        {
            "@_fa": "true",
            "@ref": "self",
            "@href": "https://api.elsevier.com/content/abstract/scopus_id/84890142675"
        },
        {
            "@_fa": "true",
            "@ref": "author-affiliation",
            "@href": "https://api.elsevier.com/content/abstract/scopus_id/84890142675?field=author,affiliation"
        },
        {
            "@_fa": "true",
            "@ref": "scopus",
            "@href": "https://www.scopus.com/inward/record.uri?partnerID=HzOxMe3b&scp=84890142675&origin=inward"
        },
        {
            "@_fa": "true",
            "@ref": "scopus-citedby",
            "@href": "https://www.scopus.com/inward/citedby.uri?partnerID=HzOxMe3b&scp=84890142675&origin=inward"
        }
    ],
    "prism:url": "https://api.elsevier.com/content/abstract/scopus_id/84890142675",
    "dc:identifier": "SCOPUS_ID:84890142675",
    "eid": "2-s2.0-84890142675",
    "dc:title": "Integrated coreless transformer for high temperatures design and evaluation",
    "dc:creator": "Bergogne D.",
    "prism:publicationName": "2013 15th European Conference on Power Electronics and Applications, EPE 2013",
    "prism:isbn": [
        {
            "@_fa": "true",
            "$": "[9781479901166]"
        }
    ],
    "prism:pageRange": null,
    "prism:coverDate": "2013-12-17",
    "prism:coverDisplayDate": "2013",
    "prism:doi": "10.1109/EPE.2013.6632000",
    "citedby-count": "7",
    "affiliation": [
        {
            "@_fa": "true",
            "affilname": "Universit\u00e9 de Lyon",
            "affiliation-city": "Lyon",
            "affiliation-country": "France"
        }
    ],
    "prism:aggregationType": "Conference Proceeding",
    "subtype": "cp",
    "subtypeDescription": "Conference Paper",
    "article-number": "6632000",
    "source-id": "21100274262",
    "openaccess": "0",
    "openaccessFlag": false,
    "freetoread": {
        "value": [
            {
                "$": "all"
            },
            {
                "$": "repository"
            },
            {
                "$": "repositoryam"
            }
        ]
    },
    "freetoreadLabel": {
        "value": [
            {
                "$": "All Open Access"
            },
            {
                "$": "Green"
            }
        ]
    }
}