{
    "@_fa": "true",
    "link": [
        {
            "@_fa": "true",
            "@ref": "self",
            "@href": "https://api.elsevier.com/content/abstract/scopus_id/84888634683"
        },
        {
            "@_fa": "true",
            "@ref": "author-affiliation",
            "@href": "https://api.elsevier.com/content/abstract/scopus_id/84888634683?field=author,affiliation"
        },
        {
            "@_fa": "true",
            "@ref": "scopus",
            "@href": "https://www.scopus.com/inward/record.uri?partnerID=HzOxMe3b&scp=84888634683&origin=inward"
        },
        {
            "@_fa": "true",
            "@ref": "scopus-citedby",
            "@href": "https://www.scopus.com/inward/citedby.uri?partnerID=HzOxMe3b&scp=84888634683&origin=inward"
        }
    ],
    "prism:url": "https://api.elsevier.com/content/abstract/scopus_id/84888634683",
    "dc:identifier": "SCOPUS_ID:84888634683",
    "eid": "2-s2.0-84888634683",
    "dc:title": "Waves in active and passive sub-micron semiconductor structure. Detection and generation of the terahertz waves",
    "dc:creator": "Abdulkadyrov V.",
    "prism:publicationName": "Proceedings - 2013 International Kharkov Symposium on Physics and Engineering of Microwaves, Millimeter and Submillimeter Waves, MSMW 2013",
    "prism:isbn": [
        {
            "@_fa": "true",
            "$": "[9781479910663]"
        }
    ],
    "prism:pageRange": "274-276",
    "prism:coverDate": "2013-12-04",
    "prism:coverDisplayDate": "2013",
    "prism:doi": "10.1109/MSMW.2013.6622025",
    "citedby-count": "0",
    "affiliation": [
        {
            "@_fa": "true",
            "affilname": "O. Ya. Usikov Institute for Radiophysics and Electronics of the National Academy of Sciences of Ukraine",
            "affiliation-city": "Kharkiv",
            "affiliation-country": "Ukraine"
        }
    ],
    "prism:aggregationType": "Conference Proceeding",
    "subtype": "cp",
    "subtypeDescription": "Conference Paper",
    "article-number": "6622025",
    "source-id": "21100269001",
    "openaccess": "0",
    "openaccessFlag": false
}