{
    "@_fa": "true",
    "link": [
        {
            "@_fa": "true",
            "@ref": "self",
            "@href": "https://api.elsevier.com/content/abstract/scopus_id/84885290943"
        },
        {
            "@_fa": "true",
            "@ref": "author-affiliation",
            "@href": "https://api.elsevier.com/content/abstract/scopus_id/84885290943?field=author,affiliation"
        },
        {
            "@_fa": "true",
            "@ref": "scopus",
            "@href": "https://www.scopus.com/inward/record.uri?partnerID=HzOxMe3b&scp=84885290943&origin=inward"
        },
        {
            "@_fa": "true",
            "@ref": "scopus-citedby",
            "@href": "https://www.scopus.com/inward/citedby.uri?partnerID=HzOxMe3b&scp=84885290943&origin=inward"
        },
        {
            "@_fa": "true",
            "@ref": "full-text",
            "@href": "https://api.elsevier.com/content/article/eid/1-s2.0-S0022460X1300727X"
        }
    ],
    "prism:url": "https://api.elsevier.com/content/abstract/scopus_id/84885290943",
    "dc:identifier": "SCOPUS_ID:84885290943",
    "eid": "2-s2.0-84885290943",
    "dc:title": "Frequency response design of uncertain systems using performance indices and meta-models",
    "dc:creator": "Savage G.J.",
    "prism:publicationName": "Journal of Sound and Vibration",
    "prism:issn": "0022460X",
    "prism:eIssn": "10958568",
    "prism:volume": "332",
    "prism:issueIdentifier": "26",
    "prism:pageRange": "6949-6967",
    "prism:coverDate": "2013-12-23",
    "prism:coverDisplayDate": "23 December 2013",
    "prism:doi": "10.1016/j.jsv.2013.08.039",
    "pii": "S0022460X1300727X",
    "citedby-count": "4",
    "affiliation": [
        {
            "@_fa": "true",
            "affilname": "University of Waterloo",
            "affiliation-city": "Waterloo",
            "affiliation-country": "Canada"
        }
    ],
    "prism:aggregationType": "Journal",
    "subtype": "ar",
    "subtypeDescription": "Article",
    "source-id": "13030",
    "openaccess": "0",
    "openaccessFlag": false
}