{
    "@_fa": "true",
    "link": [
        {
            "@_fa": "true",
            "@ref": "self",
            "@href": "https://api.elsevier.com/content/abstract/scopus_id/84890036100"
        },
        {
            "@_fa": "true",
            "@ref": "author-affiliation",
            "@href": "https://api.elsevier.com/content/abstract/scopus_id/84890036100?field=author,affiliation"
        },
        {
            "@_fa": "true",
            "@ref": "scopus",
            "@href": "https://www.scopus.com/inward/record.uri?partnerID=HzOxMe3b&scp=84890036100&origin=inward"
        },
        {
            "@_fa": "true",
            "@ref": "scopus-citedby",
            "@href": "https://www.scopus.com/inward/citedby.uri?partnerID=HzOxMe3b&scp=84890036100&origin=inward"
        }
    ],
    "prism:url": "https://api.elsevier.com/content/abstract/scopus_id/84890036100",
    "dc:identifier": "SCOPUS_ID:84890036100",
    "eid": "2-s2.0-84890036100",
    "dc:title": "The analysis of abnormal conditions for a type of 10-bit D/A converter",
    "dc:creator": "Yang P.",
    "prism:publicationName": "QR2MSE 2013 - Proceedings of 2013 International Conference on Quality, Reliability, Risk, Maintenance, and Safety Engineering",
    "prism:isbn": [
        {
            "@_fa": "true",
            "$": "[9781479910144]"
        }
    ],
    "prism:pageRange": "921-925",
    "prism:coverDate": "2013-12-16",
    "prism:coverDisplayDate": "2013",
    "prism:doi": "10.1109/QR2MSE.2013.6625718",
    "citedby-count": "0",
    "affiliation": [
        {
            "@_fa": "true",
            "affilname": "CETC",
            "affiliation-city": "Chongqing",
            "affiliation-country": "China"
        }
    ],
    "prism:aggregationType": "Conference Proceeding",
    "subtype": "cp",
    "subtypeDescription": "Conference Paper",
    "article-number": "6625718",
    "source-id": "21100274210",
    "openaccess": "0",
    "openaccessFlag": false
}