{
    "@_fa": "true",
    "link": [
        {
            "@_fa": "true",
            "@ref": "self",
            "@href": "https://api.elsevier.com/content/abstract/scopus_id/84889040894"
        },
        {
            "@_fa": "true",
            "@ref": "author-affiliation",
            "@href": "https://api.elsevier.com/content/abstract/scopus_id/84889040894?field=author,affiliation"
        },
        {
            "@_fa": "true",
            "@ref": "scopus",
            "@href": "https://www.scopus.com/inward/record.uri?partnerID=HzOxMe3b&scp=84889040894&origin=inward"
        },
        {
            "@_fa": "true",
            "@ref": "scopus-citedby",
            "@href": "https://www.scopus.com/inward/citedby.uri?partnerID=HzOxMe3b&scp=84889040894&origin=inward"
        }
    ],
    "prism:url": "https://api.elsevier.com/content/abstract/scopus_id/84889040894",
    "dc:identifier": "SCOPUS_ID:84889040894",
    "eid": "2-s2.0-84889040894",
    "dc:title": "Eigenvalue-based spectrum sensing using the exact distribution of the maximum eigenvalue of a Wishart matrix",
    "dc:creator": "Pillay N.",
    "prism:publicationName": "IET Signal Processing",
    "prism:issn": "17519675",
    "prism:eIssn": "17519683",
    "prism:volume": "7",
    "prism:issueIdentifier": "9",
    "prism:pageRange": "833-842",
    "prism:coverDate": "2013-12-09",
    "prism:coverDisplayDate": "2013",
    "prism:doi": "10.1049/iet-spr.2012.0320",
    "citedby-count": "11",
    "affiliation": [
        {
            "@_fa": "true",
            "affilname": "University of KwaZulu-Natal",
            "affiliation-city": "Durban",
            "affiliation-country": "South Africa"
        }
    ],
    "prism:aggregationType": "Journal",
    "subtype": "ar",
    "subtypeDescription": "Article",
    "source-id": "6100153106",
    "openaccess": "1",
    "openaccessFlag": true,
    "freetoread": {
        "value": [
            {
                "$": "all"
            },
            {
                "$": "publisherfree2read"
            }
        ]
    },
    "freetoreadLabel": {
        "value": [
            {
                "$": "All Open Access"
            },
            {
                "$": "Bronze"
            }
        ]
    }
}