{
    "@_fa": "true",
    "link": [
        {
            "@_fa": "true",
            "@ref": "self",
            "@href": "https://api.elsevier.com/content/abstract/scopus_id/84888004893"
        },
        {
            "@_fa": "true",
            "@ref": "author-affiliation",
            "@href": "https://api.elsevier.com/content/abstract/scopus_id/84888004893?field=author,affiliation"
        },
        {
            "@_fa": "true",
            "@ref": "scopus",
            "@href": "https://www.scopus.com/inward/record.uri?partnerID=HzOxMe3b&scp=84888004893&origin=inward"
        },
        {
            "@_fa": "true",
            "@ref": "scopus-citedby",
            "@href": "https://www.scopus.com/inward/citedby.uri?partnerID=HzOxMe3b&scp=84888004893&origin=inward"
        },
        {
            "@_fa": "true",
            "@ref": "full-text",
            "@href": "https://api.elsevier.com/content/article/eid/1-s2.0-S0360319913023720"
        }
    ],
    "prism:url": "https://api.elsevier.com/content/abstract/scopus_id/84888004893",
    "dc:identifier": "SCOPUS_ID:84888004893",
    "eid": "2-s2.0-84888004893",
    "dc:title": "Galliosilicate glasses for viscous sealants in solid oxide fuel cell stacks: Part III: Behavior in air and humidified hydrogen",
    "dc:creator": "Jin T.",
    "prism:publicationName": "International Journal of Hydrogen Energy",
    "prism:issn": "03603199",
    "prism:volume": "38",
    "prism:issueIdentifier": "36",
    "prism:pageRange": "16308-16319",
    "prism:coverDate": "2013-12-13",
    "prism:coverDisplayDate": "13 December 2013",
    "prism:doi": "10.1016/j.ijhydene.2013.09.124",
    "pii": "S0360319913023720",
    "citedby-count": "6",
    "affiliation": [
        {
            "@_fa": "true",
            "affilname": "Inamori School of Engineering",
            "affiliation-city": "Alfred",
            "affiliation-country": "United States"
        }
    ],
    "prism:aggregationType": "Journal",
    "subtype": "ar",
    "subtypeDescription": "Article",
    "source-id": "26991",
    "openaccess": "0",
    "openaccessFlag": false
}