{
    "@_fa": "true",
    "link": [
        {
            "@_fa": "true",
            "@ref": "self",
            "@href": "https://api.elsevier.com/content/abstract/scopus_id/84888593040"
        },
        {
            "@_fa": "true",
            "@ref": "author-affiliation",
            "@href": "https://api.elsevier.com/content/abstract/scopus_id/84888593040?field=author,affiliation"
        },
        {
            "@_fa": "true",
            "@ref": "scopus",
            "@href": "https://www.scopus.com/inward/record.uri?partnerID=HzOxMe3b&scp=84888593040&origin=inward"
        },
        {
            "@_fa": "true",
            "@ref": "scopus-citedby",
            "@href": "https://www.scopus.com/inward/citedby.uri?partnerID=HzOxMe3b&scp=84888593040&origin=inward"
        }
    ],
    "prism:url": "https://api.elsevier.com/content/abstract/scopus_id/84888593040",
    "dc:identifier": "SCOPUS_ID:84888593040",
    "eid": "2-s2.0-84888593040",
    "dc:title": "Compartmental analysis of washout effect in rat brain: In-beam OpenPET measurement using a <sup>11</sup>C beam",
    "dc:creator": "Hirano Y.",
    "prism:publicationName": "Physics in Medicine and Biology",
    "prism:issn": "00319155",
    "prism:eIssn": "13616560",
    "prism:volume": "58",
    "prism:issueIdentifier": "23",
    "prism:pageRange": "8281-8294",
    "prism:coverDate": "2013-12-07",
    "prism:coverDisplayDate": "7 December 2013",
    "prism:doi": "10.1088/0031-9155/58/23/8281",
    "citedby-count": "20",
    "affiliation": [
        {
            "@_fa": "true",
            "affilname": "National Institute of Radiological Sciences Chiba",
            "affiliation-city": "Chiba",
            "affiliation-country": "Japan"
        }
    ],
    "pubmed-id": "24216504",
    "prism:aggregationType": "Journal",
    "subtype": "ar",
    "subtypeDescription": "Article",
    "source-id": "29203",
    "openaccess": "0",
    "openaccessFlag": false
}