{
    "@_fa": "true",
    "link": [
        {
            "@_fa": "true",
            "@ref": "self",
            "@href": "https://api.elsevier.com/content/abstract/scopus_id/84889787359"
        },
        {
            "@_fa": "true",
            "@ref": "author-affiliation",
            "@href": "https://api.elsevier.com/content/abstract/scopus_id/84889787359?field=author,affiliation"
        },
        {
            "@_fa": "true",
            "@ref": "scopus",
            "@href": "https://www.scopus.com/inward/record.uri?partnerID=HzOxMe3b&scp=84889787359&origin=inward"
        },
        {
            "@_fa": "true",
            "@ref": "scopus-citedby",
            "@href": "https://www.scopus.com/inward/citedby.uri?partnerID=HzOxMe3b&scp=84889787359&origin=inward"
        }
    ],
    "prism:url": "https://api.elsevier.com/content/abstract/scopus_id/84889787359",
    "dc:identifier": "SCOPUS_ID:84889787359",
    "eid": "2-s2.0-84889787359",
    "dc:title": "Developing a system to assess the skills of japanese way of tea by analysing the forming sound: A case study",
    "dc:creator": "Aiba E.",
    "prism:publicationName": "Proceedings of the Human Factors and Ergonomics Society",
    "prism:issn": "10711813",
    "prism:isbn": [
        {
            "@_fa": "true",
            "$": "[9780945289432]"
        }
    ],
    "prism:pageRange": "2057-2061",
    "prism:coverDate": "2013-12-13",
    "prism:coverDisplayDate": "2013",
    "prism:doi": "10.1177/1541931213571459",
    "citedby-count": "9",
    "affiliation": [
        {
            "@_fa": "true",
            "affilname": "Kyoto Institute of Technology",
            "affiliation-city": "Kyoto",
            "affiliation-country": "Japan"
        },
        {
            "@_fa": "true",
            "affilname": "National Institute of Advanced Industrial Science and Technology",
            "affiliation-city": "Tsukuba",
            "affiliation-country": "Japan"
        },
        {
            "@_fa": "true",
            "affilname": "Japan Society for the Promotion of Science",
            "affiliation-city": "Tokyo",
            "affiliation-country": "Japan"
        }
    ],
    "prism:aggregationType": "Conference Proceeding",
    "subtype": "cp",
    "subtypeDescription": "Conference Paper",
    "source-id": "29757",
    "openaccess": "0",
    "openaccessFlag": false
}