{
    "@_fa": "true",
    "link": [
        {
            "@_fa": "true",
            "@ref": "self",
            "@href": "https://api.elsevier.com/content/abstract/scopus_id/84889058388"
        },
        {
            "@_fa": "true",
            "@ref": "author-affiliation",
            "@href": "https://api.elsevier.com/content/abstract/scopus_id/84889058388?field=author,affiliation"
        },
        {
            "@_fa": "true",
            "@ref": "scopus",
            "@href": "https://www.scopus.com/inward/record.uri?partnerID=HzOxMe3b&scp=84889058388&origin=inward"
        },
        {
            "@_fa": "true",
            "@ref": "scopus-citedby",
            "@href": "https://www.scopus.com/inward/citedby.uri?partnerID=HzOxMe3b&scp=84889058388&origin=inward"
        }
    ],
    "prism:url": "https://api.elsevier.com/content/abstract/scopus_id/84889058388",
    "dc:identifier": "SCOPUS_ID:84889058388",
    "eid": "2-s2.0-84889058388",
    "dc:title": "Developing a communication module on copyright for Canadian engineering students",
    "dc:creator": "Teslenko T.",
    "prism:publicationName": "IEEE International Professional Communication Conference",
    "prism:issn": "2158091X",
    "prism:eIssn": "21581002",
    "prism:isbn": [
        {
            "@_fa": "true",
            "$": "[9781479900121]"
        }
    ],
    "prism:pageRange": null,
    "prism:coverDate": "2013-12-09",
    "prism:coverDisplayDate": "2013",
    "prism:doi": "10.1109/IPCC.2013.6623924",
    "citedby-count": "0",
    "affiliation": [
        {
            "@_fa": "true",
            "affilname": "The University of British Columbia",
            "affiliation-city": "Vancouver",
            "affiliation-country": "Canada"
        }
    ],
    "prism:aggregationType": "Conference Proceeding",
    "subtype": "cp",
    "subtypeDescription": "Conference Paper",
    "article-number": "6623924",
    "source-id": "110577",
    "openaccess": "0",
    "openaccessFlag": false
}