{
    "@_fa": "true",
    "link": [
        {
            "@_fa": "true",
            "@ref": "self",
            "@href": "https://api.elsevier.com/content/abstract/scopus_id/84888326219"
        },
        {
            "@_fa": "true",
            "@ref": "author-affiliation",
            "@href": "https://api.elsevier.com/content/abstract/scopus_id/84888326219?field=author,affiliation"
        },
        {
            "@_fa": "true",
            "@ref": "scopus",
            "@href": "https://www.scopus.com/inward/record.uri?partnerID=HzOxMe3b&scp=84888326219&origin=inward"
        },
        {
            "@_fa": "true",
            "@ref": "scopus-citedby",
            "@href": "https://www.scopus.com/inward/citedby.uri?partnerID=HzOxMe3b&scp=84888326219&origin=inward"
        }
    ],
    "prism:url": "https://api.elsevier.com/content/abstract/scopus_id/84888326219",
    "dc:identifier": "SCOPUS_ID:84888326219",
    "eid": "2-s2.0-84888326219",
    "dc:title": "Room temperature phosphorescence of the 1-bromonaphthalene/b-cyclodextrin inclusion complex: Comparison between right-angle and front-face illumination geometry",
    "dc:creator": "Pacheco M.",
    "prism:publicationName": "Analytical Methods",
    "prism:issn": "17599660",
    "prism:eIssn": "17599679",
    "prism:volume": "5",
    "prism:issueIdentifier": "24",
    "prism:pageRange": "6908-6910",
    "prism:coverDate": "2013-12-02",
    "prism:coverDisplayDate": "2013",
    "prism:doi": "10.1039/c3ay41599f",
    "citedby-count": "6",
    "affiliation": [
        {
            "@_fa": "true",
            "affilname": "Facultad de Ciencias Exactas, Universidad Nacional de La Plata",
            "affiliation-city": "La Plata",
            "affiliation-country": "Argentina"
        }
    ],
    "prism:aggregationType": "Journal",
    "subtype": "ar",
    "subtypeDescription": "Article",
    "source-id": "19700175229",
    "openaccess": "0",
    "openaccessFlag": false,
    "freetoread": {
        "value": [
            {
                "$": "all"
            },
            {
                "$": "repository"
            },
            {
                "$": "repositoryvor"
            }
        ]
    },
    "freetoreadLabel": {
        "value": [
            {
                "$": "All Open Access"
            },
            {
                "$": "Green"
            }
        ]
    }
}