{
    "@_fa": "true",
    "link": [
        {
            "@_fa": "true",
            "@ref": "self",
            "@href": "https://api.elsevier.com/content/abstract/scopus_id/84888322441"
        },
        {
            "@_fa": "true",
            "@ref": "author-affiliation",
            "@href": "https://api.elsevier.com/content/abstract/scopus_id/84888322441?field=author,affiliation"
        },
        {
            "@_fa": "true",
            "@ref": "scopus",
            "@href": "https://www.scopus.com/inward/record.uri?partnerID=HzOxMe3b&scp=84888322441&origin=inward"
        },
        {
            "@_fa": "true",
            "@ref": "scopus-citedby",
            "@href": "https://www.scopus.com/inward/citedby.uri?partnerID=HzOxMe3b&scp=84888322441&origin=inward"
        }
    ],
    "prism:url": "https://api.elsevier.com/content/abstract/scopus_id/84888322441",
    "dc:identifier": "SCOPUS_ID:84888322441",
    "eid": "2-s2.0-84888322441",
    "dc:title": "A distributed pool architecture for highly constrained optimization problems in complex systems design",
    "dc:creator": "Pandey V.",
    "prism:publicationName": "Journal of Computing and Information Science in Engineering",
    "prism:issn": "15309827",
    "prism:volume": "13",
    "prism:issueIdentifier": "3",
    "prism:pageRange": null,
    "prism:coverDate": "2013-12-02",
    "prism:coverDisplayDate": "2013",
    "prism:doi": "10.1115/1.4024713",
    "citedby-count": "3",
    "affiliation": [
        {
            "@_fa": "true",
            "affilname": "School of Engineering and Computer Science",
            "affiliation-city": "Rochester",
            "affiliation-country": "United States"
        }
    ],
    "prism:aggregationType": "Journal",
    "subtype": "ar",
    "subtypeDescription": "Article",
    "article-number": "031006",
    "source-id": "20952",
    "openaccess": "0",
    "openaccessFlag": false
}