{
    "@_fa": "true",
    "link": [
        {
            "@_fa": "true",
            "@ref": "self",
            "@href": "https://api.elsevier.com/content/abstract/scopus_id/84891109219"
        },
        {
            "@_fa": "true",
            "@ref": "author-affiliation",
            "@href": "https://api.elsevier.com/content/abstract/scopus_id/84891109219?field=author,affiliation"
        },
        {
            "@_fa": "true",
            "@ref": "scopus",
            "@href": "https://www.scopus.com/inward/record.uri?partnerID=HzOxMe3b&scp=84891109219&origin=inward"
        },
        {
            "@_fa": "true",
            "@ref": "scopus-citedby",
            "@href": "https://www.scopus.com/inward/citedby.uri?partnerID=HzOxMe3b&scp=84891109219&origin=inward"
        }
    ],
    "prism:url": "https://api.elsevier.com/content/abstract/scopus_id/84891109219",
    "dc:identifier": "SCOPUS_ID:84891109219",
    "eid": "2-s2.0-84891109219",
    "dc:title": "Towards machine learning based design pattern recognition",
    "dc:creator": "Alhusain S.",
    "prism:publicationName": "2013 13th UK Workshop on Computational Intelligence, UKCI 2013",
    "prism:isbn": [
        {
            "@_fa": "true",
            "$": "[9781479915682]"
        }
    ],
    "prism:pageRange": "244-251",
    "prism:coverDate": "2013-12-31",
    "prism:coverDisplayDate": "2013",
    "prism:doi": "10.1109/UKCI.2013.6651312",
    "citedby-count": "43",
    "affiliation": [
        {
            "@_fa": "true",
            "affilname": "De Montfort University",
            "affiliation-city": "Leicester",
            "affiliation-country": "United Kingdom"
        }
    ],
    "prism:aggregationType": "Conference Proceeding",
    "subtype": "cp",
    "subtypeDescription": "Conference Paper",
    "article-number": "6651312",
    "source-id": "21100276768",
    "openaccess": "0",
    "openaccessFlag": false
}