{
    "@_fa": "true",
    "link": [
        {
            "@_fa": "true",
            "@ref": "self",
            "@href": "https://api.elsevier.com/content/abstract/scopus_id/84897889238"
        },
        {
            "@_fa": "true",
            "@ref": "author-affiliation",
            "@href": "https://api.elsevier.com/content/abstract/scopus_id/84897889238?field=author,affiliation"
        },
        {
            "@_fa": "true",
            "@ref": "scopus",
            "@href": "https://www.scopus.com/inward/record.uri?partnerID=HzOxMe3b&scp=84897889238&origin=inward"
        },
        {
            "@_fa": "true",
            "@ref": "scopus-citedby",
            "@href": "https://www.scopus.com/inward/citedby.uri?partnerID=HzOxMe3b&scp=84897889238&origin=inward"
        }
    ],
    "prism:url": "https://api.elsevier.com/content/abstract/scopus_id/84897889238",
    "dc:identifier": "SCOPUS_ID:84897889238",
    "eid": "2-s2.0-84897889238",
    "dc:title": "Developing a lean measurement system to enhance process improvement",
    "dc:creator": "Lewis P.",
    "prism:publicationName": "International Journal of Metrology and Quality Engineering",
    "prism:issn": "21076839",
    "prism:eIssn": "21076847",
    "prism:volume": "4",
    "prism:issueIdentifier": "3",
    "prism:pageRange": "145-151",
    "prism:coverDate": "2013-12-01",
    "prism:coverDisplayDate": "2013",
    "prism:doi": "10.1051/ijmqe/2013058",
    "citedby-count": "8",
    "affiliation": [
        {
            "@_fa": "true",
            "affilname": "Coventry University",
            "affiliation-city": "Coventry",
            "affiliation-country": "United Kingdom"
        }
    ],
    "prism:aggregationType": "Journal",
    "subtype": "ar",
    "subtypeDescription": "Article",
    "source-id": "21100241603",
    "openaccess": "1",
    "openaccessFlag": true,
    "freetoread": {
        "value": [
            {
                "$": "all"
            },
            {
                "$": "publisherfree2read"
            },
            {
                "$": "repository"
            },
            {
                "$": "repositoryam"
            }
        ]
    },
    "freetoreadLabel": {
        "value": [
            {
                "$": "All Open Access"
            },
            {
                "$": "Bronze"
            },
            {
                "$": "Green"
            }
        ]
    }
}