{
    "@_fa": "true",
    "link": [
        {
            "@_fa": "true",
            "@ref": "self",
            "@href": "https://api.elsevier.com/content/abstract/scopus_id/84892411701"
        },
        {
            "@_fa": "true",
            "@ref": "author-affiliation",
            "@href": "https://api.elsevier.com/content/abstract/scopus_id/84892411701?field=author,affiliation"
        },
        {
            "@_fa": "true",
            "@ref": "scopus",
            "@href": "https://www.scopus.com/inward/record.uri?partnerID=HzOxMe3b&scp=84892411701&origin=inward"
        },
        {
            "@_fa": "true",
            "@ref": "scopus-citedby",
            "@href": "https://www.scopus.com/inward/citedby.uri?partnerID=HzOxMe3b&scp=84892411701&origin=inward"
        },
        {
            "@_fa": "true",
            "@ref": "full-text",
            "@href": "https://api.elsevier.com/content/article/eid/1-s2.0-S0264410X1201095X"
        }
    ],
    "prism:url": "https://api.elsevier.com/content/abstract/scopus_id/84892411701",
    "dc:identifier": "SCOPUS_ID:84892411701",
    "eid": "2-s2.0-84892411701",
    "dc:title": "Foreword",
    "dc:creator": "Yu W.",
    "prism:publicationName": "Vaccine",
    "prism:issn": "0264410X",
    "prism:eIssn": "18732518",
    "prism:volume": "31",
    "prism:issueIdentifier": "S9",
    "prism:pageRange": null,
    "prism:coverDate": "2013-12-27",
    "prism:coverDisplayDate": "27 December 2013",
    "prism:doi": "10.1016/j.vaccine.2012.07.070",
    "pii": "S0264410X1201095X",
    "citedby-count": "1",
    "affiliation": [
        {
            "@_fa": "true",
            "affilname": "Chinese Center for Disease Control and Prevention",
            "affiliation-city": "Beijing",
            "affiliation-country": "China"
        }
    ],
    "pubmed-id": "24331016",
    "prism:aggregationType": "Journal",
    "subtype": "ed",
    "subtypeDescription": "Editorial",
    "source-id": "21376",
    "openaccess": "0",
    "openaccessFlag": false
}