{
    "@_fa": "true",
    "link": [
        {
            "@_fa": "true",
            "@ref": "self",
            "@href": "https://api.elsevier.com/content/abstract/scopus_id/84890843960"
        },
        {
            "@_fa": "true",
            "@ref": "author-affiliation",
            "@href": "https://api.elsevier.com/content/abstract/scopus_id/84890843960?field=author,affiliation"
        },
        {
            "@_fa": "true",
            "@ref": "scopus",
            "@href": "https://www.scopus.com/inward/record.uri?partnerID=HzOxMe3b&scp=84890843960&origin=inward"
        },
        {
            "@_fa": "true",
            "@ref": "scopus-citedby",
            "@href": "https://www.scopus.com/inward/citedby.uri?partnerID=HzOxMe3b&scp=84890843960&origin=inward"
        }
    ],
    "prism:url": "https://api.elsevier.com/content/abstract/scopus_id/84890843960",
    "dc:identifier": "SCOPUS_ID:84890843960",
    "eid": "2-s2.0-84890843960",
    "dc:title": "Cognitive radio autoadaptive spectrum sensing time allocation scheme",
    "dc:creator": "Xu R.",
    "prism:publicationName": "Beijing Youdian Daxue Xuebao/Journal of Beijing University of Posts and Telecommunications",
    "prism:issn": "10075321",
    "prism:volume": "36",
    "prism:issueIdentifier": "5",
    "prism:pageRange": "56-60",
    "prism:coverDate": "2013-12-26",
    "prism:coverDisplayDate": "2013",
    "prism:doi": "10.13190/j.jbupt.2013.05.012",
    "citedby-count": "0",
    "affiliation": [
        {
            "@_fa": "true",
            "affilname": "Beijing University of Posts and Telecommunications",
            "affiliation-city": "Beijing",
            "affiliation-country": "China"
        }
    ],
    "prism:aggregationType": "Journal",
    "subtype": "ar",
    "subtypeDescription": "Article",
    "source-id": "17751",
    "openaccess": "0",
    "openaccessFlag": false
}