{
    "@_fa": "true",
    "link": [
        {
            "@_fa": "true",
            "@ref": "self",
            "@href": "https://api.elsevier.com/content/abstract/scopus_id/84890108074"
        },
        {
            "@_fa": "true",
            "@ref": "author-affiliation",
            "@href": "https://api.elsevier.com/content/abstract/scopus_id/84890108074?field=author,affiliation"
        },
        {
            "@_fa": "true",
            "@ref": "scopus",
            "@href": "https://www.scopus.com/inward/record.uri?partnerID=HzOxMe3b&scp=84890108074&origin=inward"
        },
        {
            "@_fa": "true",
            "@ref": "scopus-citedby",
            "@href": "https://www.scopus.com/inward/citedby.uri?partnerID=HzOxMe3b&scp=84890108074&origin=inward"
        }
    ],
    "prism:url": "https://api.elsevier.com/content/abstract/scopus_id/84890108074",
    "dc:identifier": "SCOPUS_ID:84890108074",
    "eid": "2-s2.0-84890108074",
    "dc:title": "Low complexity wizard amplitude shaping system for peak-to-average power ratio reduction",
    "dc:creator": "Saad W.",
    "prism:publicationName": "IET Communications",
    "prism:issn": "17518628",
    "prism:volume": "7",
    "prism:issueIdentifier": "18",
    "prism:pageRange": "2005-2014",
    "prism:coverDate": "2013-12-16",
    "prism:coverDisplayDate": "2013",
    "prism:doi": "10.1049/iet-com.2013.0024",
    "citedby-count": "3",
    "affiliation": [
        {
            "@_fa": "true",
            "affilname": "Faculty of Electronic Engineering",
            "affiliation-city": "Shibin El Kom",
            "affiliation-country": "Egypt"
        }
    ],
    "prism:aggregationType": "Journal",
    "subtype": "ar",
    "subtypeDescription": "Article",
    "source-id": "5300152202",
    "openaccess": "1",
    "openaccessFlag": true,
    "freetoread": {
        "value": [
            {
                "$": "all"
            },
            {
                "$": "publisherfree2read"
            }
        ]
    },
    "freetoreadLabel": {
        "value": [
            {
                "$": "All Open Access"
            },
            {
                "$": "Bronze"
            }
        ]
    }
}