{
    "@_fa": "true",
    "link": [
        {
            "@_fa": "true",
            "@ref": "self",
            "@href": "https://api.elsevier.com/content/abstract/scopus_id/84891134352"
        },
        {
            "@_fa": "true",
            "@ref": "author-affiliation",
            "@href": "https://api.elsevier.com/content/abstract/scopus_id/84891134352?field=author,affiliation"
        },
        {
            "@_fa": "true",
            "@ref": "scopus",
            "@href": "https://www.scopus.com/inward/record.uri?partnerID=HzOxMe3b&scp=84891134352&origin=inward"
        },
        {
            "@_fa": "true",
            "@ref": "scopus-citedby",
            "@href": "https://www.scopus.com/inward/citedby.uri?partnerID=HzOxMe3b&scp=84891134352&origin=inward"
        }
    ],
    "prism:url": "https://api.elsevier.com/content/abstract/scopus_id/84891134352",
    "dc:identifier": "SCOPUS_ID:84891134352",
    "eid": "2-s2.0-84891134352",
    "dc:title": "Implementation of hybrid fuzzy plus PID controller in real time steam temperature control",
    "dc:creator": "Yusoff Z.M.",
    "prism:publicationName": "Proceedings - 2013 IEEE 3rd International Conference on System Engineering and Technology, ICSET 2013",
    "prism:isbn": [
        {
            "@_fa": "true",
            "$": "[9781479910304]"
        }
    ],
    "prism:pageRange": "356-360",
    "prism:coverDate": "2013-12-31",
    "prism:coverDisplayDate": "2013",
    "prism:doi": "10.1109/ICSEngT.2013.6650199",
    "citedby-count": "4",
    "affiliation": [
        {
            "@_fa": "true",
            "affilname": "Universiti Teknologi MARA",
            "affiliation-city": "Shah Alam",
            "affiliation-country": "Malaysia"
        }
    ],
    "prism:aggregationType": "Conference Proceeding",
    "subtype": "cp",
    "subtypeDescription": "Conference Paper",
    "article-number": "6650199",
    "source-id": "21100970658",
    "openaccess": "0",
    "openaccessFlag": false
}