{
    "@_fa": "true",
    "link": [
        {
            "@_fa": "true",
            "@ref": "self",
            "@href": "https://api.elsevier.com/content/abstract/scopus_id/84888601700"
        },
        {
            "@_fa": "true",
            "@ref": "author-affiliation",
            "@href": "https://api.elsevier.com/content/abstract/scopus_id/84888601700?field=author,affiliation"
        },
        {
            "@_fa": "true",
            "@ref": "scopus",
            "@href": "https://www.scopus.com/inward/record.uri?partnerID=HzOxMe3b&scp=84888601700&origin=inward"
        },
        {
            "@_fa": "true",
            "@ref": "scopus-citedby",
            "@href": "https://www.scopus.com/inward/citedby.uri?partnerID=HzOxMe3b&scp=84888601700&origin=inward"
        }
    ],
    "prism:url": "https://api.elsevier.com/content/abstract/scopus_id/84888601700",
    "dc:identifier": "SCOPUS_ID:84888601700",
    "eid": "2-s2.0-84888601700",
    "dc:title": "Statistics based on the finite atomic functions Kravchenko-Rvachev and their use for the description of scattered sea signal",
    "dc:creator": "Kravchenko V.",
    "prism:publicationName": "Proceedings - 2013 International Kharkov Symposium on Physics and Engineering of Microwaves, Millimeter and Submillimeter Waves, MSMW 2013",
    "prism:isbn": [
        {
            "@_fa": "true",
            "$": "[9781479910663]"
        }
    ],
    "prism:pageRange": "617-619",
    "prism:coverDate": "2013-12-04",
    "prism:coverDisplayDate": "2013",
    "prism:doi": "10.1109/MSMW.2013.6622140",
    "citedby-count": "0",
    "affiliation": [
        {
            "@_fa": "true",
            "affilname": "Institute for Radio-Engineering and Electronics of the RAS",
            "affiliation-city": null,
            "affiliation-country": "Russian Federation"
        }
    ],
    "prism:aggregationType": "Conference Proceeding",
    "subtype": "cp",
    "subtypeDescription": "Conference Paper",
    "article-number": "6622140",
    "source-id": "21100269001",
    "openaccess": "0",
    "openaccessFlag": false
}