{
    "@_fa": "true",
    "link": [
        {
            "@_fa": "true",
            "@ref": "self",
            "@href": "https://api.elsevier.com/content/abstract/scopus_id/84890110127"
        },
        {
            "@_fa": "true",
            "@ref": "author-affiliation",
            "@href": "https://api.elsevier.com/content/abstract/scopus_id/84890110127?field=author,affiliation"
        },
        {
            "@_fa": "true",
            "@ref": "scopus",
            "@href": "https://www.scopus.com/inward/record.uri?partnerID=HzOxMe3b&scp=84890110127&origin=inward"
        },
        {
            "@_fa": "true",
            "@ref": "scopus-citedby",
            "@href": "https://www.scopus.com/inward/citedby.uri?partnerID=HzOxMe3b&scp=84890110127&origin=inward"
        }
    ],
    "prism:url": "https://api.elsevier.com/content/abstract/scopus_id/84890110127",
    "dc:identifier": "SCOPUS_ID:84890110127",
    "eid": "2-s2.0-84890110127",
    "dc:title": "Microstructure-property relationships in M50-NiL and P675 case-hardened bearing steels",
    "dc:creator": "Klecka M.A.",
    "prism:publicationName": "Tribology Transactions",
    "prism:issn": "10402004",
    "prism:eIssn": "1547397X",
    "prism:volume": "56",
    "prism:issueIdentifier": "6",
    "prism:pageRange": "1046-1059",
    "prism:coverDate": "2013-12-16",
    "prism:coverDisplayDate": "2013",
    "prism:doi": "10.1080/10402004.2013.818393",
    "citedby-count": "66",
    "affiliation": [
        {
            "@_fa": "true",
            "affilname": "United Technologies Research Center",
            "affiliation-city": "East Hartford",
            "affiliation-country": "United States"
        }
    ],
    "prism:aggregationType": "Journal",
    "subtype": "ar",
    "subtypeDescription": "Article",
    "source-id": "14372",
    "openaccess": "0",
    "openaccessFlag": false
}