{
    "@_fa": "true",
    "link": [
        {
            "@_fa": "true",
            "@ref": "self",
            "@href": "https://api.elsevier.com/content/abstract/scopus_id/84888863011"
        },
        {
            "@_fa": "true",
            "@ref": "author-affiliation",
            "@href": "https://api.elsevier.com/content/abstract/scopus_id/84888863011?field=author,affiliation"
        },
        {
            "@_fa": "true",
            "@ref": "scopus",
            "@href": "https://www.scopus.com/inward/record.uri?partnerID=HzOxMe3b&scp=84888863011&origin=inward"
        },
        {
            "@_fa": "true",
            "@ref": "scopus-citedby",
            "@href": "https://www.scopus.com/inward/citedby.uri?partnerID=HzOxMe3b&scp=84888863011&origin=inward"
        }
    ],
    "prism:url": "https://api.elsevier.com/content/abstract/scopus_id/84888863011",
    "dc:identifier": "SCOPUS_ID:84888863011",
    "eid": "2-s2.0-84888863011",
    "dc:title": "Support vector clustering-based direct coherency identification of generators in a multi-machine power system",
    "dc:creator": "Agrawal R.",
    "prism:publicationName": "IET Generation, Transmission and Distribution",
    "prism:issn": "17518687",
    "prism:volume": "7",
    "prism:issueIdentifier": "12",
    "prism:pageRange": "1357-1366",
    "prism:coverDate": "2013-12-06",
    "prism:coverDisplayDate": "2013",
    "prism:doi": "10.1049/iet-gtd.2012.0681",
    "citedby-count": "38",
    "affiliation": [
        {
            "@_fa": "true",
            "affilname": "Indian Institute of Science",
            "affiliation-city": "Bengaluru",
            "affiliation-country": "India"
        }
    ],
    "prism:aggregationType": "Journal",
    "subtype": "ar",
    "subtypeDescription": "Article",
    "source-id": "5400152713",
    "openaccess": "1",
    "openaccessFlag": true,
    "freetoread": {
        "value": [
            {
                "$": "all"
            },
            {
                "$": "publisherfree2read"
            }
        ]
    },
    "freetoreadLabel": {
        "value": [
            {
                "$": "All Open Access"
            },
            {
                "$": "Bronze"
            }
        ]
    }
}