{
    "@_fa": "true",
    "link": [
        {
            "@_fa": "true",
            "@ref": "self",
            "@href": "https://api.elsevier.com/content/abstract/scopus_id/84905157889"
        },
        {
            "@_fa": "true",
            "@ref": "author-affiliation",
            "@href": "https://api.elsevier.com/content/abstract/scopus_id/84905157889?field=author,affiliation"
        },
        {
            "@_fa": "true",
            "@ref": "scopus",
            "@href": "https://www.scopus.com/inward/record.uri?partnerID=HzOxMe3b&scp=84905157889&origin=inward"
        },
        {
            "@_fa": "true",
            "@ref": "scopus-citedby",
            "@href": "https://www.scopus.com/inward/citedby.uri?partnerID=HzOxMe3b&scp=84905157889&origin=inward"
        }
    ],
    "prism:url": "https://api.elsevier.com/content/abstract/scopus_id/84905157889",
    "dc:identifier": "SCOPUS_ID:84905157889",
    "eid": "2-s2.0-84905157889",
    "dc:title": "Synthetic Biology: Challenging Life in Order to Grasp, Use, or Extend It",
    "dc:creator": "Ruiz-Mirazo K.",
    "prism:publicationName": "Biological Theory",
    "prism:issn": "15555542",
    "prism:eIssn": "15555550",
    "prism:volume": "8",
    "prism:issueIdentifier": "4",
    "prism:pageRange": "376-382",
    "prism:coverDate": "2013-12-01",
    "prism:coverDisplayDate": "December 2013",
    "prism:doi": "10.1007/s13752-013-0129-8",
    "citedby-count": "17",
    "affiliation": [
        {
            "@_fa": "true",
            "affilname": "CSIC-UPV/EHU - Instituto Biofisika (IBF)",
            "affiliation-city": "Leioa",
            "affiliation-country": "Spain"
        },
        {
            "@_fa": "true",
            "affilname": "Universidad del Pais Vasco",
            "affiliation-city": "Leioa",
            "affiliation-country": "Spain"
        }
    ],
    "prism:aggregationType": "Journal",
    "subtype": "ar",
    "subtypeDescription": "Article",
    "source-id": "21101049622",
    "openaccess": "0",
    "openaccessFlag": false
}