{
    "@_fa": "true",
    "link": [
        {
            "@_fa": "true",
            "@ref": "self",
            "@href": "https://api.elsevier.com/content/abstract/scopus_id/84890874615"
        },
        {
            "@_fa": "true",
            "@ref": "author-affiliation",
            "@href": "https://api.elsevier.com/content/abstract/scopus_id/84890874615?field=author,affiliation"
        },
        {
            "@_fa": "true",
            "@ref": "scopus",
            "@href": "https://www.scopus.com/inward/record.uri?partnerID=HzOxMe3b&scp=84890874615&origin=inward"
        },
        {
            "@_fa": "true",
            "@ref": "scopus-citedby",
            "@href": "https://www.scopus.com/inward/citedby.uri?partnerID=HzOxMe3b&scp=84890874615&origin=inward"
        }
    ],
    "prism:url": "https://api.elsevier.com/content/abstract/scopus_id/84890874615",
    "dc:identifier": "SCOPUS_ID:84890874615",
    "eid": "2-s2.0-84890874615",
    "dc:title": "High-loop-delay sixth-order bandpass continuoustime sigma-delta modulators",
    "dc:creator": "Javidan M.",
    "prism:publicationName": "IET Circuits, Devices and Systems",
    "prism:issn": "1751858X",
    "prism:volume": "7",
    "prism:issueIdentifier": "6",
    "prism:pageRange": "305-312",
    "prism:coverDate": "2013-12-27",
    "prism:coverDisplayDate": "2013",
    "prism:doi": "10.1049/iet-cds.2011.0313",
    "citedby-count": "0",
    "affiliation": [
        {
            "@_fa": "true",
            "affilname": "Laboratoire d'Informatique de Paris 6",
            "affiliation-city": "Paris",
            "affiliation-country": "France"
        }
    ],
    "prism:aggregationType": "Journal",
    "subtype": "ar",
    "subtypeDescription": "Article",
    "source-id": "5400152712",
    "openaccess": "0",
    "openaccessFlag": false,
    "freetoread": {
        "value": [
            {
                "$": "all"
            },
            {
                "$": "repository"
            },
            {
                "$": "repositoryam"
            }
        ]
    },
    "freetoreadLabel": {
        "value": [
            {
                "$": "All Open Access"
            },
            {
                "$": "Green"
            }
        ]
    }
}