{
    "@_fa": "true",
    "link": [
        {
            "@_fa": "true",
            "@ref": "self",
            "@href": "https://api.elsevier.com/content/abstract/scopus_id/84891395673"
        },
        {
            "@_fa": "true",
            "@ref": "author-affiliation",
            "@href": "https://api.elsevier.com/content/abstract/scopus_id/84891395673?field=author,affiliation"
        },
        {
            "@_fa": "true",
            "@ref": "scopus",
            "@href": "https://www.scopus.com/inward/record.uri?partnerID=HzOxMe3b&scp=84891395673&origin=inward"
        },
        {
            "@_fa": "true",
            "@ref": "scopus-citedby",
            "@href": "https://www.scopus.com/inward/citedby.uri?partnerID=HzOxMe3b&scp=84891395673&origin=inward"
        }
    ],
    "prism:url": "https://api.elsevier.com/content/abstract/scopus_id/84891395673",
    "dc:identifier": "SCOPUS_ID:84891395673",
    "eid": "2-s2.0-84891395673",
    "dc:title": "Reorganization of cytoskeleton and transient activation of Ca<sup>2+</sup> channels in mesenchymal stem cells cultured on silicon nanowire arrays",
    "dc:creator": "Liu D.",
    "prism:publicationName": "ACS Applied Materials and Interfaces",
    "prism:issn": "19448244",
    "prism:eIssn": "19448252",
    "prism:volume": "5",
    "prism:issueIdentifier": "24",
    "prism:pageRange": "13295-13304",
    "prism:coverDate": "2013-12-26",
    "prism:coverDisplayDate": "26 December 2013",
    "prism:doi": "10.1021/am404276r",
    "citedby-count": "44",
    "affiliation": [
        {
            "@_fa": "true",
            "affilname": "City University of Hong Kong Shenzhen Research Institute",
            "affiliation-city": "Shenzhen",
            "affiliation-country": "China"
        },
        {
            "@_fa": "true",
            "affilname": "City University of Hong Kong",
            "affiliation-city": "Hong Kong",
            "affiliation-country": "Hong Kong"
        }
    ],
    "pubmed-id": "24308382",
    "prism:aggregationType": "Journal",
    "subtype": "ar",
    "subtypeDescription": "Article",
    "source-id": "19700171101",
    "openaccess": "0",
    "openaccessFlag": false
}