{
    "@_fa": "true",
    "link": [
        {
            "@_fa": "true",
            "@ref": "self",
            "@href": "https://api.elsevier.com/content/abstract/scopus_id/84890078833"
        },
        {
            "@_fa": "true",
            "@ref": "author-affiliation",
            "@href": "https://api.elsevier.com/content/abstract/scopus_id/84890078833?field=author,affiliation"
        },
        {
            "@_fa": "true",
            "@ref": "scopus",
            "@href": "https://www.scopus.com/inward/record.uri?partnerID=HzOxMe3b&scp=84890078833&origin=inward"
        },
        {
            "@_fa": "true",
            "@ref": "scopus-citedby",
            "@href": "https://www.scopus.com/inward/citedby.uri?partnerID=HzOxMe3b&scp=84890078833&origin=inward"
        }
    ],
    "prism:url": "https://api.elsevier.com/content/abstract/scopus_id/84890078833",
    "dc:identifier": "SCOPUS_ID:84890078833",
    "eid": "2-s2.0-84890078833",
    "dc:title": "Bayesian generalised likelihood ratio test-based multiple antenna spectrum sensing for cognitive radios",
    "dc:creator": "Sedighi S.",
    "prism:publicationName": "IET Communications",
    "prism:issn": "17518628",
    "prism:volume": "7",
    "prism:issueIdentifier": "18",
    "prism:pageRange": "2151-2165",
    "prism:coverDate": "2013-12-16",
    "prism:coverDisplayDate": "2013",
    "prism:doi": "10.1049/iet-com.2012.0624",
    "citedby-count": "19",
    "affiliation": [
        {
            "@_fa": "true",
            "affilname": "Imam Khomeini International University",
            "affiliation-city": "Qazvin",
            "affiliation-country": "Iran"
        }
    ],
    "prism:aggregationType": "Journal",
    "subtype": "ar",
    "subtypeDescription": "Article",
    "source-id": "5300152202",
    "openaccess": "1",
    "openaccessFlag": true,
    "freetoread": {
        "value": [
            {
                "$": "all"
            },
            {
                "$": "publisherfree2read"
            }
        ]
    },
    "freetoreadLabel": {
        "value": [
            {
                "$": "All Open Access"
            },
            {
                "$": "Bronze"
            }
        ]
    }
}