{
    "@_fa": "true",
    "link": [
        {
            "@_fa": "true",
            "@ref": "self",
            "@href": "https://api.elsevier.com/content/abstract/scopus_id/84890082773"
        },
        {
            "@_fa": "true",
            "@ref": "author-affiliation",
            "@href": "https://api.elsevier.com/content/abstract/scopus_id/84890082773?field=author,affiliation"
        },
        {
            "@_fa": "true",
            "@ref": "scopus",
            "@href": "https://www.scopus.com/inward/record.uri?partnerID=HzOxMe3b&scp=84890082773&origin=inward"
        },
        {
            "@_fa": "true",
            "@ref": "scopus-citedby",
            "@href": "https://www.scopus.com/inward/citedby.uri?partnerID=HzOxMe3b&scp=84890082773&origin=inward"
        }
    ],
    "prism:url": "https://api.elsevier.com/content/abstract/scopus_id/84890082773",
    "dc:identifier": "SCOPUS_ID:84890082773",
    "eid": "2-s2.0-84890082773",
    "dc:title": "Comparative analysis of brain drain, brain circulation and brain retain: A case study of Indian Institutes of Technology",
    "dc:creator": "Varma R.",
    "prism:publicationName": "Journal of Comparative Policy Analysis: Research and Practice",
    "prism:issn": "13876988",
    "prism:eIssn": "15725448",
    "prism:volume": "15",
    "prism:issueIdentifier": "4",
    "prism:pageRange": "315-330",
    "prism:coverDate": "2013-12-16",
    "prism:coverDisplayDate": "2013",
    "prism:doi": "10.1080/13876988.2013.810376",
    "citedby-count": "32",
    "affiliation": [
        {
            "@_fa": "true",
            "affilname": "The University of New Mexico",
            "affiliation-city": "Albuquerque",
            "affiliation-country": "United States"
        }
    ],
    "prism:aggregationType": "Journal",
    "subtype": "ar",
    "subtypeDescription": "Article",
    "source-id": "19700188160",
    "openaccess": "0",
    "openaccessFlag": false
}