{
    "@_fa": "true",
    "link": [
        {
            "@_fa": "true",
            "@ref": "self",
            "@href": "https://api.elsevier.com/content/abstract/scopus_id/84890518699"
        },
        {
            "@_fa": "true",
            "@ref": "author-affiliation",
            "@href": "https://api.elsevier.com/content/abstract/scopus_id/84890518699?field=author,affiliation"
        },
        {
            "@_fa": "true",
            "@ref": "scopus",
            "@href": "https://www.scopus.com/inward/record.uri?partnerID=HzOxMe3b&scp=84890518699&origin=inward"
        },
        {
            "@_fa": "true",
            "@ref": "scopus-citedby",
            "@href": "https://www.scopus.com/inward/citedby.uri?partnerID=HzOxMe3b&scp=84890518699&origin=inward"
        }
    ],
    "prism:url": "https://api.elsevier.com/content/abstract/scopus_id/84890518699",
    "dc:identifier": "SCOPUS_ID:84890518699",
    "eid": "2-s2.0-84890518699",
    "dc:title": "Clafer tools for product line engineering",
    "dc:creator": "Antkiewicz M.",
    "prism:publicationName": "ACM International Conference Proceeding Series",
    "prism:isbn": [
        {
            "@_fa": "true",
            "$": "[9781450323253]"
        }
    ],
    "prism:pageRange": "130-135",
    "prism:coverDate": "2013-12-23",
    "prism:coverDisplayDate": "2013",
    "prism:doi": "10.1145/2499777.2499779",
    "citedby-count": "50",
    "affiliation": [
        {
            "@_fa": "true",
            "affilname": "University of Waterloo",
            "affiliation-city": "Waterloo",
            "affiliation-country": "Canada"
        }
    ],
    "prism:aggregationType": "Conference Proceeding",
    "subtype": "cp",
    "subtypeDescription": "Conference Paper",
    "source-id": "11600154611",
    "openaccess": "0",
    "openaccessFlag": false
}