{
    "@_fa": "true",
    "link": [
        {
            "@_fa": "true",
            "@ref": "self",
            "@href": "https://api.elsevier.com/content/abstract/scopus_id/84889035187"
        },
        {
            "@_fa": "true",
            "@ref": "author-affiliation",
            "@href": "https://api.elsevier.com/content/abstract/scopus_id/84889035187?field=author,affiliation"
        },
        {
            "@_fa": "true",
            "@ref": "scopus",
            "@href": "https://www.scopus.com/inward/record.uri?partnerID=HzOxMe3b&scp=84889035187&origin=inward"
        },
        {
            "@_fa": "true",
            "@ref": "scopus-citedby",
            "@href": "https://www.scopus.com/inward/citedby.uri?partnerID=HzOxMe3b&scp=84889035187&origin=inward"
        }
    ],
    "prism:url": "https://api.elsevier.com/content/abstract/scopus_id/84889035187",
    "dc:identifier": "SCOPUS_ID:84889035187",
    "eid": "2-s2.0-84889035187",
    "dc:title": "HiL simulation workbench for testing and validating PLC programs",
    "dc:creator": "Machado J.",
    "prism:publicationName": "IEEE International Conference on Industrial Informatics (INDIN)",
    "prism:issn": "19354576",
    "prism:isbn": [
        {
            "@_fa": "true",
            "$": "[9781479907526]"
        }
    ],
    "prism:pageRange": "230-235",
    "prism:coverDate": "2013-12-09",
    "prism:coverDisplayDate": "2013",
    "prism:doi": "10.1109/INDIN.2013.6622887",
    "citedby-count": "6",
    "affiliation": [
        {
            "@_fa": "true",
            "affilname": "University of Mmho",
            "affiliation-city": null,
            "affiliation-country": "Portugal"
        }
    ],
    "prism:aggregationType": "Conference Proceeding",
    "subtype": "cp",
    "subtypeDescription": "Conference Paper",
    "article-number": "6622887",
    "source-id": "10900153316",
    "openaccess": "0",
    "openaccessFlag": false
}