{
    "@_fa": "true",
    "link": [
        {
            "@_fa": "true",
            "@ref": "self",
            "@href": "https://api.elsevier.com/content/abstract/scopus_id/84889040052"
        },
        {
            "@_fa": "true",
            "@ref": "author-affiliation",
            "@href": "https://api.elsevier.com/content/abstract/scopus_id/84889040052?field=author,affiliation"
        },
        {
            "@_fa": "true",
            "@ref": "scopus",
            "@href": "https://www.scopus.com/inward/record.uri?partnerID=HzOxMe3b&scp=84889040052&origin=inward"
        },
        {
            "@_fa": "true",
            "@ref": "scopus-citedby",
            "@href": "https://www.scopus.com/inward/citedby.uri?partnerID=HzOxMe3b&scp=84889040052&origin=inward"
        }
    ],
    "prism:url": "https://api.elsevier.com/content/abstract/scopus_id/84889040052",
    "dc:identifier": "SCOPUS_ID:84889040052",
    "eid": "2-s2.0-84889040052",
    "dc:title": "Preparation and characterisation of N-doped SiO<inf>2</inf> at TiO <inf>2</inf> core-shell structural materials and its photocatalytic property",
    "dc:creator": "Liu H.",
    "prism:publicationName": "Micro and Nano Letters",
    "prism:eIssn": "17500443",
    "prism:volume": "8",
    "prism:issueIdentifier": "11",
    "prism:pageRange": "792-795",
    "prism:coverDate": "2013-12-09",
    "prism:coverDisplayDate": "2013",
    "prism:doi": "10.1049/mnl.2013.0488",
    "citedby-count": "5",
    "affiliation": [
        {
            "@_fa": "true",
            "affilname": "Shaanxi University of Science and Technology",
            "affiliation-city": "Xinyang",
            "affiliation-country": "China"
        }
    ],
    "prism:aggregationType": "Journal",
    "subtype": "ar",
    "subtypeDescription": "Article",
    "source-id": "6100152803",
    "openaccess": "0",
    "openaccessFlag": false
}