{
    "@_fa": "true",
    "link": [
        {
            "@_fa": "true",
            "@ref": "self",
            "@href": "https://api.elsevier.com/content/abstract/scopus_id/84888593732"
        },
        {
            "@_fa": "true",
            "@ref": "author-affiliation",
            "@href": "https://api.elsevier.com/content/abstract/scopus_id/84888593732?field=author,affiliation"
        },
        {
            "@_fa": "true",
            "@ref": "scopus",
            "@href": "https://www.scopus.com/inward/record.uri?partnerID=HzOxMe3b&scp=84888593732&origin=inward"
        },
        {
            "@_fa": "true",
            "@ref": "scopus-citedby",
            "@href": "https://www.scopus.com/inward/citedby.uri?partnerID=HzOxMe3b&scp=84888593732&origin=inward"
        }
    ],
    "prism:url": "https://api.elsevier.com/content/abstract/scopus_id/84888593732",
    "dc:identifier": "SCOPUS_ID:84888593732",
    "eid": "2-s2.0-84888593732",
    "dc:title": "Investigating the influence of respiratory motion on the radiation induced bystander effect in modulated radiotherapy",
    "dc:creator": "Cole A.J.",
    "prism:publicationName": "Physics in Medicine and Biology",
    "prism:issn": "00319155",
    "prism:eIssn": "13616560",
    "prism:volume": "58",
    "prism:issueIdentifier": "23",
    "prism:pageRange": "8311-8322",
    "prism:coverDate": "2013-12-07",
    "prism:coverDisplayDate": "7 December 2013",
    "prism:doi": "10.1088/0031-9155/58/23/8311",
    "citedby-count": "4",
    "affiliation": [
        {
            "@_fa": "true",
            "affilname": "Belfast Health and Social Care Trust",
            "affiliation-city": "Belfast",
            "affiliation-country": "United Kingdom"
        },
        {
            "@_fa": "true",
            "affilname": "Queen's University Belfast",
            "affiliation-city": "Belfast",
            "affiliation-country": "United Kingdom"
        }
    ],
    "pubmed-id": "24216623",
    "prism:aggregationType": "Journal",
    "subtype": "ar",
    "subtypeDescription": "Article",
    "source-id": "29203",
    "openaccess": "0",
    "openaccessFlag": false
}