{
    "@_fa": "true",
    "link": [
        {
            "@_fa": "true",
            "@ref": "self",
            "@href": "https://api.elsevier.com/content/abstract/scopus_id/84888630295"
        },
        {
            "@_fa": "true",
            "@ref": "author-affiliation",
            "@href": "https://api.elsevier.com/content/abstract/scopus_id/84888630295?field=author,affiliation"
        },
        {
            "@_fa": "true",
            "@ref": "scopus",
            "@href": "https://www.scopus.com/inward/record.uri?partnerID=HzOxMe3b&scp=84888630295&origin=inward"
        },
        {
            "@_fa": "true",
            "@ref": "scopus-citedby",
            "@href": "https://www.scopus.com/inward/citedby.uri?partnerID=HzOxMe3b&scp=84888630295&origin=inward"
        }
    ],
    "prism:url": "https://api.elsevier.com/content/abstract/scopus_id/84888630295",
    "dc:identifier": "SCOPUS_ID:84888630295",
    "eid": "2-s2.0-84888630295",
    "dc:title": "E-spline analysis for de-noising and wavelet compression applications",
    "dc:creator": "Fahmy G.",
    "prism:publicationName": "IEEE EuroCon 2013",
    "prism:isbn": [
        {
            "@_fa": "true",
            "$": "[9781467322324]"
        }
    ],
    "prism:pageRange": "1663-1668",
    "prism:coverDate": "2013-12-04",
    "prism:coverDisplayDate": "2013",
    "prism:doi": "10.1109/EUROCON.2013.6625200",
    "citedby-count": "1",
    "affiliation": [
        {
            "@_fa": "true",
            "affilname": "Faculty of Engineering",
            "affiliation-city": "Asyut",
            "affiliation-country": "Egypt"
        }
    ],
    "prism:aggregationType": "Conference Proceeding",
    "subtype": "cp",
    "subtypeDescription": "Conference Paper",
    "article-number": "6625200",
    "source-id": "21100269002",
    "openaccess": "0",
    "openaccessFlag": false
}