{
    "@_fa": "true",
    "link": [
        {
            "@_fa": "true",
            "@ref": "self",
            "@href": "https://api.elsevier.com/content/abstract/scopus_id/84891283453"
        },
        {
            "@_fa": "true",
            "@ref": "author-affiliation",
            "@href": "https://api.elsevier.com/content/abstract/scopus_id/84891283453?field=author,affiliation"
        },
        {
            "@_fa": "true",
            "@ref": "scopus",
            "@href": "https://www.scopus.com/inward/record.uri?partnerID=HzOxMe3b&scp=84891283453&origin=inward"
        },
        {
            "@_fa": "true",
            "@ref": "scopus-citedby",
            "@href": "https://www.scopus.com/inward/citedby.uri?partnerID=HzOxMe3b&scp=84891283453&origin=inward"
        }
    ],
    "prism:url": "https://api.elsevier.com/content/abstract/scopus_id/84891283453",
    "dc:identifier": "SCOPUS_ID:84891283453",
    "eid": "2-s2.0-84891283453",
    "dc:title": "Controlled oxygen release from pyridone endoperoxides promotes cell survival under anoxic conditions",
    "dc:creator": "Benz S.",
    "prism:publicationName": "Journal of Medicinal Chemistry",
    "prism:issn": "00222623",
    "prism:eIssn": "15204804",
    "prism:volume": "56",
    "prism:issueIdentifier": "24",
    "prism:pageRange": "10171-10182",
    "prism:coverDate": "2013-12-27",
    "prism:coverDisplayDate": "27 December 2013",
    "prism:doi": "10.1021/jm4016137",
    "citedby-count": "72",
    "affiliation": [
        {
            "@_fa": "true",
            "affilname": "Universit\u00e4t Z\u00fcrich",
            "affiliation-city": "Zurich",
            "affiliation-country": "Switzerland"
        }
    ],
    "prism:aggregationType": "Journal",
    "subtype": "ar",
    "subtypeDescription": "Article",
    "source-id": "23041",
    "openaccess": "0",
    "openaccessFlag": false,
    "freetoread": {
        "value": [
            {
                "$": "all"
            },
            {
                "$": "repository"
            },
            {
                "$": "repositoryam"
            }
        ]
    },
    "freetoreadLabel": {
        "value": [
            {
                "$": "All Open Access"
            },
            {
                "$": "Green"
            }
        ]
    }
}