{
    "@_fa": "true",
    "link": [
        {
            "@_fa": "true",
            "@ref": "self",
            "@href": "https://api.elsevier.com/content/abstract/scopus_id/84889035413"
        },
        {
            "@_fa": "true",
            "@ref": "author-affiliation",
            "@href": "https://api.elsevier.com/content/abstract/scopus_id/84889035413?field=author,affiliation"
        },
        {
            "@_fa": "true",
            "@ref": "scopus",
            "@href": "https://www.scopus.com/inward/record.uri?partnerID=HzOxMe3b&scp=84889035413&origin=inward"
        },
        {
            "@_fa": "true",
            "@ref": "scopus-citedby",
            "@href": "https://www.scopus.com/inward/citedby.uri?partnerID=HzOxMe3b&scp=84889035413&origin=inward"
        }
    ],
    "prism:url": "https://api.elsevier.com/content/abstract/scopus_id/84889035413",
    "dc:identifier": "SCOPUS_ID:84889035413",
    "eid": "2-s2.0-84889035413",
    "dc:title": "Nanoscale quantum-dot supercrystals",
    "dc:creator": "Baimuratov A.",
    "prism:publicationName": "Proceedings of SPIE - The International Society for Optical Engineering",
    "prism:issn": "0277786X",
    "prism:eIssn": "1996756X",
    "prism:isbn": [
        {
            "@_fa": "true",
            "$": "[9780819496577]"
        }
    ],
    "prism:volume": "8807",
    "prism:pageRange": null,
    "prism:coverDate": "2013-12-09",
    "prism:coverDisplayDate": "2013",
    "prism:doi": "10.1117/12.2023237",
    "citedby-count": "0",
    "affiliation": [
        {
            "@_fa": "true",
            "affilname": "Saint Petersburg National Research University of Information Technologies, Mechanics and Optics University ITMO",
            "affiliation-city": "Saint Petersburg",
            "affiliation-country": "Russian Federation"
        }
    ],
    "prism:aggregationType": "Conference Proceeding",
    "subtype": "cp",
    "subtypeDescription": "Conference Paper",
    "article-number": "88070Q",
    "source-id": "40067",
    "openaccess": "0",
    "openaccessFlag": false
}