{
    "@_fa": "true",
    "link": [
        {
            "@_fa": "true",
            "@ref": "self",
            "@href": "https://api.elsevier.com/content/abstract/scopus_id/84890020793"
        },
        {
            "@_fa": "true",
            "@ref": "author-affiliation",
            "@href": "https://api.elsevier.com/content/abstract/scopus_id/84890020793?field=author,affiliation"
        },
        {
            "@_fa": "true",
            "@ref": "scopus",
            "@href": "https://www.scopus.com/inward/record.uri?partnerID=HzOxMe3b&scp=84890020793&origin=inward"
        },
        {
            "@_fa": "true",
            "@ref": "scopus-citedby",
            "@href": "https://www.scopus.com/inward/citedby.uri?partnerID=HzOxMe3b&scp=84890020793&origin=inward"
        }
    ],
    "prism:url": "https://api.elsevier.com/content/abstract/scopus_id/84890020793",
    "dc:identifier": "SCOPUS_ID:84890020793",
    "eid": "2-s2.0-84890020793",
    "dc:title": "Integrating globally distributed team projects into software engineering courses",
    "dc:creator": "Case S.",
    "prism:publicationName": "2013 3rd International Workshop on Collaborative Teaching of Globally Distributed Software Development, CTGDSD 2013 - Proceedings",
    "prism:isbn": [
        {
            "@_fa": "true",
            "$": "[9781467362948]"
        }
    ],
    "prism:pageRange": "25-29",
    "prism:coverDate": "2013-12-16",
    "prism:coverDisplayDate": "2013",
    "prism:doi": "10.1109/CTGDSD.2013.6635242",
    "citedby-count": "1",
    "affiliation": [
        {
            "@_fa": "true",
            "affilname": "University of West Florida",
            "affiliation-city": "Pensacola",
            "affiliation-country": "United States"
        }
    ],
    "prism:aggregationType": "Conference Proceeding",
    "subtype": "cp",
    "subtypeDescription": "Conference Paper",
    "article-number": "6635242",
    "source-id": "21100274249",
    "openaccess": "0",
    "openaccessFlag": false
}