{
    "@_fa": "true",
    "link": [
        {
            "@_fa": "true",
            "@ref": "self",
            "@href": "https://api.elsevier.com/content/abstract/scopus_id/84889037019"
        },
        {
            "@_fa": "true",
            "@ref": "author-affiliation",
            "@href": "https://api.elsevier.com/content/abstract/scopus_id/84889037019?field=author,affiliation"
        },
        {
            "@_fa": "true",
            "@ref": "scopus",
            "@href": "https://www.scopus.com/inward/record.uri?partnerID=HzOxMe3b&scp=84889037019&origin=inward"
        },
        {
            "@_fa": "true",
            "@ref": "scopus-citedby",
            "@href": "https://www.scopus.com/inward/citedby.uri?partnerID=HzOxMe3b&scp=84889037019&origin=inward"
        }
    ],
    "prism:url": "https://api.elsevier.com/content/abstract/scopus_id/84889037019",
    "dc:identifier": "SCOPUS_ID:84889037019",
    "eid": "2-s2.0-84889037019",
    "dc:title": "Design of oversampled generalised discrete fourier transform filter banks for application to subbandbased blind source separation",
    "dc:creator": "Peng B.",
    "prism:publicationName": "IET Signal Processing",
    "prism:issn": "17519675",
    "prism:eIssn": "17519683",
    "prism:volume": "7",
    "prism:issueIdentifier": "9",
    "prism:pageRange": "843-853",
    "prism:coverDate": "2013-12-09",
    "prism:coverDisplayDate": "2013",
    "prism:doi": "10.1049/iet-spr.2012.0361",
    "citedby-count": "5",
    "affiliation": [
        {
            "@_fa": "true",
            "affilname": "The University of Sheffield",
            "affiliation-city": "Sheffield",
            "affiliation-country": "United Kingdom"
        }
    ],
    "prism:aggregationType": "Journal",
    "subtype": "ar",
    "subtypeDescription": "Article",
    "source-id": "6100153106",
    "openaccess": "1",
    "openaccessFlag": true,
    "freetoread": {
        "value": [
            {
                "$": "all"
            },
            {
                "$": "publisherfree2read"
            }
        ]
    },
    "freetoreadLabel": {
        "value": [
            {
                "$": "All Open Access"
            },
            {
                "$": "Bronze"
            }
        ]
    }
}