{
    "@_fa": "true",
    "link": [
        {
            "@_fa": "true",
            "@ref": "self",
            "@href": "https://api.elsevier.com/content/abstract/scopus_id/84896536537"
        },
        {
            "@_fa": "true",
            "@ref": "author-affiliation",
            "@href": "https://api.elsevier.com/content/abstract/scopus_id/84896536537?field=author,affiliation"
        },
        {
            "@_fa": "true",
            "@ref": "scopus",
            "@href": "https://www.scopus.com/inward/record.uri?partnerID=HzOxMe3b&scp=84896536537&origin=inward"
        },
        {
            "@_fa": "true",
            "@ref": "scopus-citedby",
            "@href": "https://www.scopus.com/inward/citedby.uri?partnerID=HzOxMe3b&scp=84896536537&origin=inward"
        }
    ],
    "prism:url": "https://api.elsevier.com/content/abstract/scopus_id/84896536537",
    "dc:identifier": "SCOPUS_ID:84896536537",
    "eid": "2-s2.0-84896536537",
    "dc:title": "Ranking COMMPS chemical substances by an improved POT/RLE approach",
    "dc:creator": "D\u00edaz I.",
    "prism:publicationName": "Journal of Chemical Information and Modeling",
    "prism:issn": "15499596",
    "prism:eIssn": "1549960X",
    "prism:volume": "53",
    "prism:issueIdentifier": "12",
    "prism:pageRange": "3190-3201",
    "prism:coverDate": "2013-12-23",
    "prism:coverDisplayDate": "23 December 2013",
    "prism:doi": "10.1021/ci4004392",
    "citedby-count": "2",
    "affiliation": [
        {
            "@_fa": "true",
            "affilname": "Universidad de Oviedo",
            "affiliation-city": "Oviedo",
            "affiliation-country": "Spain"
        }
    ],
    "pubmed-id": "24289291",
    "prism:aggregationType": "Journal",
    "subtype": "ar",
    "subtypeDescription": "Article",
    "source-id": "130080",
    "openaccess": "0",
    "openaccessFlag": false
}