{
    "@_fa": "true",
    "link": [
        {
            "@_fa": "true",
            "@ref": "self",
            "@href": "https://api.elsevier.com/content/abstract/scopus_id/84889573711"
        },
        {
            "@_fa": "true",
            "@ref": "author-affiliation",
            "@href": "https://api.elsevier.com/content/abstract/scopus_id/84889573711?field=author,affiliation"
        },
        {
            "@_fa": "true",
            "@ref": "scopus",
            "@href": "https://www.scopus.com/inward/record.uri?partnerID=HzOxMe3b&scp=84889573711&origin=inward"
        },
        {
            "@_fa": "true",
            "@ref": "scopus-citedby",
            "@href": "https://www.scopus.com/inward/citedby.uri?partnerID=HzOxMe3b&scp=84889573711&origin=inward"
        }
    ],
    "prism:url": "https://api.elsevier.com/content/abstract/scopus_id/84889573711",
    "dc:identifier": "SCOPUS_ID:84889573711",
    "eid": "2-s2.0-84889573711",
    "dc:title": "Intelligent system for selecting Optimum Instructional style(s) based on fuzzy logic to develop a courseware (ISSIDC)",
    "dc:creator": "Elhag M.",
    "prism:publicationName": "Proceedings - 2013 International Conference on Computer, Electrical and Electronics Engineering: 'Research Makes a Difference', ICCEEE 2013",
    "prism:isbn": [
        {
            "@_fa": "true",
            "$": "[9781467362313]"
        }
    ],
    "prism:pageRange": "518-524",
    "prism:coverDate": "2013-12-11",
    "prism:coverDisplayDate": "2013",
    "prism:doi": "10.1109/ICCEEE.2013.6633993",
    "citedby-count": "1",
    "affiliation": [
        {
            "@_fa": "true",
            "affilname": "IT Department",
            "affiliation-city": "Muscat",
            "affiliation-country": "Oman"
        }
    ],
    "prism:aggregationType": "Conference Proceeding",
    "subtype": "cp",
    "subtypeDescription": "Conference Paper",
    "article-number": "6633993",
    "source-id": "21100272901",
    "openaccess": "0",
    "openaccessFlag": false
}