{
    "@_fa": "true",
    "link": [
        {
            "@_fa": "true",
            "@ref": "self",
            "@href": "https://api.elsevier.com/content/abstract/scopus_id/84890867213"
        },
        {
            "@_fa": "true",
            "@ref": "author-affiliation",
            "@href": "https://api.elsevier.com/content/abstract/scopus_id/84890867213?field=author,affiliation"
        },
        {
            "@_fa": "true",
            "@ref": "scopus",
            "@href": "https://www.scopus.com/inward/record.uri?partnerID=HzOxMe3b&scp=84890867213&origin=inward"
        },
        {
            "@_fa": "true",
            "@ref": "scopus-citedby",
            "@href": "https://www.scopus.com/inward/citedby.uri?partnerID=HzOxMe3b&scp=84890867213&origin=inward"
        }
    ],
    "prism:url": "https://api.elsevier.com/content/abstract/scopus_id/84890867213",
    "dc:identifier": "SCOPUS_ID:84890867213",
    "eid": "2-s2.0-84890867213",
    "dc:title": "A dynamic approach to detecting suspicious profiles on social platforms",
    "dc:creator": "Perez C.",
    "prism:publicationName": "2013 IEEE International Conference on Communications Workshops, ICC 2013",
    "prism:isbn": [
        {
            "@_fa": "true",
            "$": "[9781467357531]"
        }
    ],
    "prism:pageRange": "174-178",
    "prism:coverDate": "2013-12-27",
    "prism:coverDisplayDate": "2013",
    "prism:doi": "10.1109/ICCW.2013.6649223",
    "citedby-count": "9",
    "affiliation": [
        {
            "@_fa": "true",
            "affilname": "Universit\u00e9 de Technologie de Troyes",
            "affiliation-city": "Troyes",
            "affiliation-country": "France"
        }
    ],
    "prism:aggregationType": "Conference Proceeding",
    "subtype": "cp",
    "subtypeDescription": "Conference Paper",
    "article-number": "6649223",
    "source-id": "21100276227",
    "openaccess": "0",
    "openaccessFlag": false
}