{
    "@_fa": "true",
    "link": [
        {
            "@_fa": "true",
            "@ref": "self",
            "@href": "https://api.elsevier.com/content/abstract/scopus_id/84899522027"
        },
        {
            "@_fa": "true",
            "@ref": "author-affiliation",
            "@href": "https://api.elsevier.com/content/abstract/scopus_id/84899522027?field=author,affiliation"
        },
        {
            "@_fa": "true",
            "@ref": "scopus",
            "@href": "https://www.scopus.com/inward/record.uri?partnerID=HzOxMe3b&scp=84899522027&origin=inward"
        },
        {
            "@_fa": "true",
            "@ref": "scopus-citedby",
            "@href": "https://www.scopus.com/inward/citedby.uri?partnerID=HzOxMe3b&scp=84899522027&origin=inward"
        }
    ],
    "prism:url": "https://api.elsevier.com/content/abstract/scopus_id/84899522027",
    "dc:identifier": "SCOPUS_ID:84899522027",
    "eid": "2-s2.0-84899522027",
    "dc:title": "Panoramic human structure maintenance based on invariant features of video frames",
    "dc:creator": "Chang S.M.",
    "prism:publicationName": "Human-centric Computing and Information Sciences",
    "prism:eIssn": "21921962",
    "prism:volume": "3",
    "prism:issueIdentifier": "1",
    "prism:pageRange": "1-18",
    "prism:coverDate": "2013-12-01",
    "prism:coverDisplayDate": "1 December 2013",
    "prism:doi": "10.1186/2192-1962-3-14",
    "citedby-count": "17",
    "affiliation": [
        {
            "@_fa": "true",
            "affilname": "Tamkang University",
            "affiliation-city": "Taipei",
            "affiliation-country": "Taiwan"
        }
    ],
    "prism:aggregationType": "Journal",
    "subtype": "ar",
    "subtypeDescription": "Article",
    "article-number": "14",
    "source-id": "21100358314",
    "openaccess": "1",
    "openaccessFlag": true,
    "freetoread": {
        "value": [
            {
                "$": "all"
            },
            {
                "$": "publisherhybridgold"
            }
        ]
    },
    "freetoreadLabel": {
        "value": [
            {
                "$": "All Open Access"
            },
            {
                "$": "Hybrid Gold"
            }
        ]
    }
}