{
    "@_fa": "true",
    "link": [
        {
            "@_fa": "true",
            "@ref": "self",
            "@href": "https://api.elsevier.com/content/abstract/scopus_id/84893599507"
        },
        {
            "@_fa": "true",
            "@ref": "author-affiliation",
            "@href": "https://api.elsevier.com/content/abstract/scopus_id/84893599507?field=author,affiliation"
        },
        {
            "@_fa": "true",
            "@ref": "scopus",
            "@href": "https://www.scopus.com/inward/record.uri?partnerID=HzOxMe3b&scp=84893599507&origin=inward"
        },
        {
            "@_fa": "true",
            "@ref": "scopus-citedby",
            "@href": "https://www.scopus.com/inward/citedby.uri?partnerID=HzOxMe3b&scp=84893599507&origin=inward"
        }
    ],
    "prism:url": "https://api.elsevier.com/content/abstract/scopus_id/84893599507",
    "dc:identifier": "SCOPUS_ID:84893599507",
    "eid": "2-s2.0-84893599507",
    "dc:title": "An inducible, ligand-independent receptor activator of NF-\u03baB gene to control osteoclast differentiation from monocytic precursors",
    "dc:creator": "Rementer C.W.",
    "prism:publicationName": "PLoS ONE",
    "prism:eIssn": "19326203",
    "prism:volume": "8",
    "prism:issueIdentifier": "12",
    "prism:pageRange": null,
    "prism:coverDate": "2013-12-27",
    "prism:coverDisplayDate": "27 December 2013",
    "prism:doi": "10.1371/journal.pone.0084465",
    "citedby-count": "15",
    "affiliation": [
        {
            "@_fa": "true",
            "affilname": "University of Washington - Seattle - Department of Bioengineering",
            "affiliation-city": "Seattle",
            "affiliation-country": "United States"
        }
    ],
    "pubmed-id": "24386387",
    "prism:aggregationType": "Journal",
    "subtype": "ar",
    "subtypeDescription": "Article",
    "article-number": "e84465",
    "source-id": "10600153309",
    "openaccess": "1",
    "openaccessFlag": true,
    "freetoread": {
        "value": [
            {
                "$": "all"
            },
            {
                "$": "publisherfullgold"
            }
        ]
    },
    "freetoreadLabel": {
        "value": [
            {
                "$": "All Open Access"
            },
            {
                "$": "Gold"
            }
        ]
    }
}