{
    "@_fa": "true",
    "link": [
        {
            "@_fa": "true",
            "@ref": "self",
            "@href": "https://api.elsevier.com/content/abstract/scopus_id/84890502961"
        },
        {
            "@_fa": "true",
            "@ref": "author-affiliation",
            "@href": "https://api.elsevier.com/content/abstract/scopus_id/84890502961?field=author,affiliation"
        },
        {
            "@_fa": "true",
            "@ref": "scopus",
            "@href": "https://www.scopus.com/inward/record.uri?partnerID=HzOxMe3b&scp=84890502961&origin=inward"
        },
        {
            "@_fa": "true",
            "@ref": "scopus-citedby",
            "@href": "https://www.scopus.com/inward/citedby.uri?partnerID=HzOxMe3b&scp=84890502961&origin=inward"
        }
    ],
    "prism:url": "https://api.elsevier.com/content/abstract/scopus_id/84890502961",
    "dc:identifier": "SCOPUS_ID:84890502961",
    "eid": "2-s2.0-84890502961",
    "dc:title": "Deep-ultraviolet nonlinear optical materials: Na<inf>2</inf>be <inf>4</inf>b<inf>4</inf>o<inf>11</inf> and lina<inf>5</inf>be <inf>12</inf>b<inf>12</inf>o<inf>33</inf>",
    "dc:creator": "Huang H.",
    "prism:publicationName": "Journal of the American Chemical Society",
    "prism:issn": "00027863",
    "prism:eIssn": "15205126",
    "prism:volume": "135",
    "prism:issueIdentifier": "49",
    "prism:pageRange": "18319-18322",
    "prism:coverDate": "2013-12-11",
    "prism:coverDisplayDate": "11 December 2013",
    "prism:doi": "10.1021/ja410543w",
    "citedby-count": "233",
    "affiliation": [
        {
            "@_fa": "true",
            "affilname": "School of Materials Science and Technology",
            "affiliation-city": "Beijing",
            "affiliation-country": "China"
        }
    ],
    "prism:aggregationType": "Journal",
    "subtype": "ar",
    "subtypeDescription": "Article",
    "source-id": "22680",
    "openaccess": "0",
    "openaccessFlag": false
}