{
    "@_fa": "true",
    "link": [
        {
            "@_fa": "true",
            "@ref": "self",
            "@href": "https://api.elsevier.com/content/abstract/scopus_id/84890035559"
        },
        {
            "@_fa": "true",
            "@ref": "author-affiliation",
            "@href": "https://api.elsevier.com/content/abstract/scopus_id/84890035559?field=author,affiliation"
        },
        {
            "@_fa": "true",
            "@ref": "scopus",
            "@href": "https://www.scopus.com/inward/record.uri?partnerID=HzOxMe3b&scp=84890035559&origin=inward"
        },
        {
            "@_fa": "true",
            "@ref": "scopus-citedby",
            "@href": "https://www.scopus.com/inward/citedby.uri?partnerID=HzOxMe3b&scp=84890035559&origin=inward"
        }
    ],
    "prism:url": "https://api.elsevier.com/content/abstract/scopus_id/84890035559",
    "dc:identifier": "SCOPUS_ID:84890035559",
    "eid": "2-s2.0-84890035559",
    "dc:title": "Influence of access density of minor roads on arterial speed variance by TSIS",
    "dc:creator": "Jiang C.",
    "prism:publicationName": "ICTE 2013 - Proceedings of the 4th International Conference on Transportation Engineering",
    "prism:isbn": [
        {
            "@_fa": "true",
            "$": "[9780784413159]"
        }
    ],
    "prism:pageRange": "973-979",
    "prism:coverDate": "2013-12-16",
    "prism:coverDisplayDate": "2013",
    "prism:doi": "10.1061/9780784413159.143",
    "citedby-count": "1",
    "affiliation": [
        {
            "@_fa": "true",
            "affilname": "Shanghai Jiao Tong University",
            "affiliation-city": "Shanghai",
            "affiliation-country": "China"
        }
    ],
    "prism:aggregationType": "Conference Proceeding",
    "subtype": "cp",
    "subtypeDescription": "Conference Paper",
    "source-id": "21100274209",
    "openaccess": "0",
    "openaccessFlag": false
}