{
    "@_fa": "true",
    "link": [
        {
            "@_fa": "true",
            "@ref": "self",
            "@href": "https://api.elsevier.com/content/abstract/scopus_id/84888353804"
        },
        {
            "@_fa": "true",
            "@ref": "author-affiliation",
            "@href": "https://api.elsevier.com/content/abstract/scopus_id/84888353804?field=author,affiliation"
        },
        {
            "@_fa": "true",
            "@ref": "scopus",
            "@href": "https://www.scopus.com/inward/record.uri?partnerID=HzOxMe3b&scp=84888353804&origin=inward"
        },
        {
            "@_fa": "true",
            "@ref": "scopus-citedby",
            "@href": "https://www.scopus.com/inward/citedby.uri?partnerID=HzOxMe3b&scp=84888353804&origin=inward"
        }
    ],
    "prism:url": "https://api.elsevier.com/content/abstract/scopus_id/84888353804",
    "dc:identifier": "SCOPUS_ID:84888353804",
    "eid": "2-s2.0-84888353804",
    "dc:title": "Developing large high-resolution display visualizations of high-fidelity terrain data",
    "dc:creator": "Chung H.",
    "prism:publicationName": "Journal of Computing and Information Science in Engineering",
    "prism:issn": "15309827",
    "prism:volume": "13",
    "prism:issueIdentifier": "3",
    "prism:pageRange": null,
    "prism:coverDate": "2013-12-02",
    "prism:coverDisplayDate": "2013",
    "prism:doi": "10.1115/1.4024656",
    "citedby-count": "5",
    "affiliation": [
        {
            "@_fa": "true",
            "affilname": "Virginia Tech College of Engineering",
            "affiliation-city": "Blacksburg",
            "affiliation-country": "United States"
        }
    ],
    "prism:aggregationType": "Journal",
    "subtype": "ar",
    "subtypeDescription": "Article",
    "article-number": "034502",
    "source-id": "20952",
    "openaccess": "0",
    "openaccessFlag": false,
    "freetoread": {
        "value": [
            {
                "$": "all"
            },
            {
                "$": "repository"
            },
            {
                "$": "repositoryam"
            }
        ]
    },
    "freetoreadLabel": {
        "value": [
            {
                "$": "All Open Access"
            },
            {
                "$": "Green"
            }
        ]
    }
}