{
    "@_fa": "true",
    "link": [
        {
            "@_fa": "true",
            "@ref": "self",
            "@href": "https://api.elsevier.com/content/abstract/scopus_id/84888810798"
        },
        {
            "@_fa": "true",
            "@ref": "author-affiliation",
            "@href": "https://api.elsevier.com/content/abstract/scopus_id/84888810798?field=author,affiliation"
        },
        {
            "@_fa": "true",
            "@ref": "scopus",
            "@href": "https://www.scopus.com/inward/record.uri?partnerID=HzOxMe3b&scp=84888810798&origin=inward"
        },
        {
            "@_fa": "true",
            "@ref": "scopus-citedby",
            "@href": "https://www.scopus.com/inward/citedby.uri?partnerID=HzOxMe3b&scp=84888810798&origin=inward"
        }
    ],
    "prism:url": "https://api.elsevier.com/content/abstract/scopus_id/84888810798",
    "dc:identifier": "SCOPUS_ID:84888810798",
    "eid": "2-s2.0-84888810798",
    "dc:title": "A systems biology approach for the identification of target genes for the improvement of itaconic acid production in Aspergillus species",
    "dc:creator": "Li A.",
    "prism:publicationName": "BMC Research Notes",
    "prism:eIssn": "17560500",
    "prism:volume": "6",
    "prism:issueIdentifier": "1",
    "prism:pageRange": null,
    "prism:coverDate": "2013-12-04",
    "prism:coverDisplayDate": "4 December 2013",
    "prism:doi": "10.1186/1756-0500-6-505",
    "citedby-count": "11",
    "affiliation": [
        {
            "@_fa": "true",
            "affilname": "Nederlandse Organisatie voor toegepast natuurwetenschappelijk onderzoek- TNO",
            "affiliation-city": "The Hague",
            "affiliation-country": "Netherlands"
        }
    ],
    "pubmed-id": "24304666",
    "prism:aggregationType": "Journal",
    "subtype": "ar",
    "subtypeDescription": "Article",
    "article-number": "505",
    "source-id": "19600166028",
    "openaccess": "1",
    "openaccessFlag": true,
    "freetoread": {
        "value": [
            {
                "$": "all"
            },
            {
                "$": "publisherfullgold"
            }
        ]
    },
    "freetoreadLabel": {
        "value": [
            {
                "$": "All Open Access"
            },
            {
                "$": "Gold"
            }
        ]
    }
}