{
    "@_fa": "true",
    "link": [
        {
            "@_fa": "true",
            "@ref": "self",
            "@href": "https://api.elsevier.com/content/abstract/scopus_id/84889851300"
        },
        {
            "@_fa": "true",
            "@ref": "author-affiliation",
            "@href": "https://api.elsevier.com/content/abstract/scopus_id/84889851300?field=author,affiliation"
        },
        {
            "@_fa": "true",
            "@ref": "scopus",
            "@href": "https://www.scopus.com/inward/record.uri?partnerID=HzOxMe3b&scp=84889851300&origin=inward"
        },
        {
            "@_fa": "true",
            "@ref": "scopus-citedby",
            "@href": "https://www.scopus.com/inward/citedby.uri?partnerID=HzOxMe3b&scp=84889851300&origin=inward"
        }
    ],
    "prism:url": "https://api.elsevier.com/content/abstract/scopus_id/84889851300",
    "dc:identifier": "SCOPUS_ID:84889851300",
    "eid": "2-s2.0-84889851300",
    "dc:title": "Human performance with multiple devices influencing a single cursor",
    "dc:creator": "Hughes S.",
    "prism:publicationName": "Proceedings of the Human Factors and Ergonomics Society",
    "prism:issn": "10711813",
    "prism:isbn": [
        {
            "@_fa": "true",
            "$": "[9780945289432]"
        }
    ],
    "prism:pageRange": "808-812",
    "prism:coverDate": "2013-12-13",
    "prism:coverDisplayDate": "2013",
    "prism:doi": "10.1177/1541931213571176",
    "citedby-count": "1",
    "affiliation": [
        {
            "@_fa": "true",
            "affilname": "University of Northern Iowa",
            "affiliation-city": "Cedar Falls",
            "affiliation-country": "United States"
        }
    ],
    "prism:aggregationType": "Conference Proceeding",
    "subtype": "cp",
    "subtypeDescription": "Conference Paper",
    "source-id": "29757",
    "openaccess": "0",
    "openaccessFlag": false
}