{
    "@_fa": "true",
    "link": [
        {
            "@_fa": "true",
            "@ref": "self",
            "@href": "https://api.elsevier.com/content/abstract/scopus_id/84890461340"
        },
        {
            "@_fa": "true",
            "@ref": "author-affiliation",
            "@href": "https://api.elsevier.com/content/abstract/scopus_id/84890461340?field=author,affiliation"
        },
        {
            "@_fa": "true",
            "@ref": "scopus",
            "@href": "https://www.scopus.com/inward/record.uri?partnerID=HzOxMe3b&scp=84890461340&origin=inward"
        },
        {
            "@_fa": "true",
            "@ref": "scopus-citedby",
            "@href": "https://www.scopus.com/inward/citedby.uri?partnerID=HzOxMe3b&scp=84890461340&origin=inward"
        }
    ],
    "prism:url": "https://api.elsevier.com/content/abstract/scopus_id/84890461340",
    "dc:identifier": "SCOPUS_ID:84890461340",
    "eid": "2-s2.0-84890461340",
    "dc:title": "Model-free voltage stability assessments via singular value analysis of PMU data",
    "dc:creator": "Lim J.M.",
    "prism:publicationName": "Proceedings of IREP Symposium: Bulk Power System Dynamics and Control - IX Optimization, Security and Control of the Emerging Power Grid, IREP 2013",
    "prism:isbn": [
        {
            "@_fa": "true",
            "$": "[9781479901999]"
        }
    ],
    "prism:pageRange": null,
    "prism:coverDate": "2013-12-23",
    "prism:coverDisplayDate": "2013",
    "prism:doi": "10.1109/IREP.2013.6629399",
    "citedby-count": "17",
    "affiliation": [
        {
            "@_fa": "true",
            "affilname": "UW-Madison College of Engineering",
            "affiliation-city": "Madison",
            "affiliation-country": "United States"
        }
    ],
    "prism:aggregationType": "Conference Proceeding",
    "subtype": "cp",
    "subtypeDescription": "Conference Paper",
    "article-number": "6629399",
    "source-id": "21100275408",
    "openaccess": "0",
    "openaccessFlag": false
}