{
    "@_fa": "true",
    "link": [
        {
            "@_fa": "true",
            "@ref": "self",
            "@href": "https://api.elsevier.com/content/abstract/scopus_id/84890029795"
        },
        {
            "@_fa": "true",
            "@ref": "author-affiliation",
            "@href": "https://api.elsevier.com/content/abstract/scopus_id/84890029795?field=author,affiliation"
        },
        {
            "@_fa": "true",
            "@ref": "scopus",
            "@href": "https://www.scopus.com/inward/record.uri?partnerID=HzOxMe3b&scp=84890029795&origin=inward"
        },
        {
            "@_fa": "true",
            "@ref": "scopus-citedby",
            "@href": "https://www.scopus.com/inward/citedby.uri?partnerID=HzOxMe3b&scp=84890029795&origin=inward"
        }
    ],
    "prism:url": "https://api.elsevier.com/content/abstract/scopus_id/84890029795",
    "dc:identifier": "SCOPUS_ID:84890029795",
    "eid": "2-s2.0-84890029795",
    "dc:title": "Selected in-track applications and performances of hot-mix asphalt trackbeds",
    "dc:creator": "Rose J.G.",
    "prism:publicationName": "2013 Joint Rail Conference, JRC 2013",
    "prism:isbn": [
        {
            "@_fa": "true",
            "$": "[9780791855300]"
        }
    ],
    "prism:pageRange": null,
    "prism:coverDate": "2013-12-16",
    "prism:coverDisplayDate": "2013",
    "prism:doi": "10.1115/JRC2013-2525",
    "citedby-count": "23",
    "affiliation": [
        {
            "@_fa": "true",
            "affilname": "Stanley and Karen Pigman College of Engineering",
            "affiliation-city": "Lexington",
            "affiliation-country": "United States"
        }
    ],
    "prism:aggregationType": "Conference Proceeding",
    "subtype": "cp",
    "subtypeDescription": "Conference Paper",
    "article-number": "JRC2013-2525",
    "source-id": "21100274224",
    "openaccess": "0",
    "openaccessFlag": false
}