{
    "@_fa": "true",
    "link": [
        {
            "@_fa": "true",
            "@ref": "self",
            "@href": "https://api.elsevier.com/content/abstract/scopus_id/84888864229"
        },
        {
            "@_fa": "true",
            "@ref": "author-affiliation",
            "@href": "https://api.elsevier.com/content/abstract/scopus_id/84888864229?field=author,affiliation"
        },
        {
            "@_fa": "true",
            "@ref": "scopus",
            "@href": "https://www.scopus.com/inward/record.uri?partnerID=HzOxMe3b&scp=84888864229&origin=inward"
        },
        {
            "@_fa": "true",
            "@ref": "scopus-citedby",
            "@href": "https://www.scopus.com/inward/citedby.uri?partnerID=HzOxMe3b&scp=84888864229&origin=inward"
        }
    ],
    "prism:url": "https://api.elsevier.com/content/abstract/scopus_id/84888864229",
    "dc:identifier": "SCOPUS_ID:84888864229",
    "eid": "2-s2.0-84888864229",
    "dc:title": "A new GMRES(m) method for markov chains",
    "dc:creator": "Pu B.Y.",
    "prism:publicationName": "Mathematical Problems in Engineering",
    "prism:issn": "1024123X",
    "prism:eIssn": "15635147",
    "prism:volume": "2013",
    "prism:pageRange": null,
    "prism:coverDate": "2013-12-06",
    "prism:coverDisplayDate": "2013",
    "prism:doi": "10.1155/2013/206375",
    "citedby-count": "2",
    "affiliation": [
        {
            "@_fa": "true",
            "affilname": "University of Electronic Science and Technology of China",
            "affiliation-city": "Chengdu",
            "affiliation-country": "China"
        },
        {
            "@_fa": "true",
            "affilname": "Chengdu Textile College",
            "affiliation-city": "Chengdu",
            "affiliation-country": "China"
        }
    ],
    "prism:aggregationType": "Journal",
    "subtype": "ar",
    "subtypeDescription": "Article",
    "article-number": "206375",
    "source-id": "13082",
    "openaccess": "1",
    "openaccessFlag": true,
    "freetoread": {
        "value": [
            {
                "$": "all"
            },
            {
                "$": "publisherfullgold"
            },
            {
                "$": "repository"
            },
            {
                "$": "repositoryam"
            }
        ]
    },
    "freetoreadLabel": {
        "value": [
            {
                "$": "All Open Access"
            },
            {
                "$": "Gold"
            },
            {
                "$": "Green"
            }
        ]
    }
}