{
    "@_fa": "true",
    "link": [
        {
            "@_fa": "true",
            "@ref": "self",
            "@href": "https://api.elsevier.com/content/abstract/scopus_id/84891476149"
        },
        {
            "@_fa": "true",
            "@ref": "author-affiliation",
            "@href": "https://api.elsevier.com/content/abstract/scopus_id/84891476149?field=author,affiliation"
        },
        {
            "@_fa": "true",
            "@ref": "scopus",
            "@href": "https://www.scopus.com/inward/record.uri?partnerID=HzOxMe3b&scp=84891476149&origin=inward"
        },
        {
            "@_fa": "true",
            "@ref": "scopus-citedby",
            "@href": "https://www.scopus.com/inward/citedby.uri?partnerID=HzOxMe3b&scp=84891476149&origin=inward"
        }
    ],
    "prism:url": "https://api.elsevier.com/content/abstract/scopus_id/84891476149",
    "dc:identifier": "SCOPUS_ID:84891476149",
    "eid": "2-s2.0-84891476149",
    "dc:title": "Multipotent (adult) and pluripotent stem cells for heart regeneration: What are the pros and cons?",
    "dc:creator": "Liao S.Y.",
    "prism:publicationName": "Stem Cell Research and Therapy",
    "prism:eIssn": "17576512",
    "prism:volume": "4",
    "prism:issueIdentifier": "6",
    "prism:pageRange": null,
    "prism:coverDate": "2013-12-24",
    "prism:coverDisplayDate": "24 December 2013",
    "prism:doi": "10.1186/scrt381",
    "citedby-count": "21",
    "affiliation": [
        {
            "@_fa": "true",
            "affilname": "The University of Hong Kong",
            "affiliation-city": "Hong Kong",
            "affiliation-country": "Hong Kong"
        }
    ],
    "pubmed-id": "24476362",
    "prism:aggregationType": "Journal",
    "subtype": "re",
    "subtypeDescription": "Review",
    "article-number": "151",
    "source-id": "19700201524",
    "openaccess": "1",
    "openaccessFlag": true,
    "freetoread": {
        "value": [
            {
                "$": "all"
            },
            {
                "$": "publisherfullgold"
            }
        ]
    },
    "freetoreadLabel": {
        "value": [
            {
                "$": "All Open Access"
            },
            {
                "$": "Gold"
            }
        ]
    }
}