{
    "@_fa": "true",
    "link": [
        {
            "@_fa": "true",
            "@ref": "self",
            "@href": "https://api.elsevier.com/content/abstract/scopus_id/84891056719"
        },
        {
            "@_fa": "true",
            "@ref": "author-affiliation",
            "@href": "https://api.elsevier.com/content/abstract/scopus_id/84891056719?field=author,affiliation"
        },
        {
            "@_fa": "true",
            "@ref": "scopus",
            "@href": "https://www.scopus.com/inward/record.uri?partnerID=HzOxMe3b&scp=84891056719&origin=inward"
        },
        {
            "@_fa": "true",
            "@ref": "scopus-citedby",
            "@href": "https://www.scopus.com/inward/citedby.uri?partnerID=HzOxMe3b&scp=84891056719&origin=inward"
        }
    ],
    "prism:url": "https://api.elsevier.com/content/abstract/scopus_id/84891056719",
    "dc:identifier": "SCOPUS_ID:84891056719",
    "eid": "2-s2.0-84891056719",
    "dc:title": "Modeling and simulation approach for an industrial manufacturing execution system",
    "dc:creator": "Rabbani M.J.",
    "prism:publicationName": "Proceedings - 2013 IEEE 3rd International Conference on System Engineering and Technology, ICSET 2013",
    "prism:isbn": [
        {
            "@_fa": "true",
            "$": "[9781479910304]"
        }
    ],
    "prism:pageRange": "26-31",
    "prism:coverDate": "2013-12-31",
    "prism:coverDisplayDate": "2013",
    "prism:doi": "10.1109/ICSEngT.2013.6650137",
    "citedby-count": "8",
    "affiliation": [
        {
            "@_fa": "true",
            "affilname": "National University of Computer and Emerging Sciences Karachi",
            "affiliation-city": "Karachi",
            "affiliation-country": "Pakistan"
        }
    ],
    "prism:aggregationType": "Conference Proceeding",
    "subtype": "cp",
    "subtypeDescription": "Conference Paper",
    "article-number": "6650137",
    "source-id": "21100276774",
    "openaccess": "0",
    "openaccessFlag": false
}