{
    "@_fa": "true",
    "link": [
        {
            "@_fa": "true",
            "@ref": "self",
            "@href": "https://api.elsevier.com/content/abstract/scopus_id/84889571708"
        },
        {
            "@_fa": "true",
            "@ref": "author-affiliation",
            "@href": "https://api.elsevier.com/content/abstract/scopus_id/84889571708?field=author,affiliation"
        },
        {
            "@_fa": "true",
            "@ref": "scopus",
            "@href": "https://www.scopus.com/inward/record.uri?partnerID=HzOxMe3b&scp=84889571708&origin=inward"
        },
        {
            "@_fa": "true",
            "@ref": "scopus-citedby",
            "@href": "https://www.scopus.com/inward/citedby.uri?partnerID=HzOxMe3b&scp=84889571708&origin=inward"
        }
    ],
    "prism:url": "https://api.elsevier.com/content/abstract/scopus_id/84889571708",
    "dc:identifier": "SCOPUS_ID:84889571708",
    "eid": "2-s2.0-84889571708",
    "dc:title": "Path-sensitive data flow analysis simplified",
    "dc:creator": "Winter K.",
    "prism:publicationName": "Lecture Notes in Computer Science (including subseries Lecture Notes in Artificial Intelligence and Lecture Notes in Bioinformatics)",
    "prism:issn": "03029743",
    "prism:eIssn": "16113349",
    "prism:isbn": [
        {
            "@_fa": "true",
            "$": "[9783642412011]"
        }
    ],
    "prism:volume": "8144 LNCS",
    "prism:pageRange": "415-430",
    "prism:coverDate": "2013-12-11",
    "prism:coverDisplayDate": "2013",
    "prism:doi": "10.1007/978-3-642-41202-8_27",
    "citedby-count": "6",
    "affiliation": [
        {
            "@_fa": "true",
            "affilname": "The University of Queensland",
            "affiliation-city": "Brisbane",
            "affiliation-country": "Australia"
        }
    ],
    "prism:aggregationType": "Book Series",
    "subtype": "cp",
    "subtypeDescription": "Conference Paper",
    "source-id": "25674",
    "openaccess": "0",
    "openaccessFlag": false
}