{
    "@_fa": "true",
    "link": [
        {
            "@_fa": "true",
            "@ref": "self",
            "@href": "https://api.elsevier.com/content/abstract/scopus_id/84899780810"
        },
        {
            "@_fa": "true",
            "@ref": "author-affiliation",
            "@href": "https://api.elsevier.com/content/abstract/scopus_id/84899780810?field=author,affiliation"
        },
        {
            "@_fa": "true",
            "@ref": "scopus",
            "@href": "https://www.scopus.com/inward/record.uri?partnerID=HzOxMe3b&scp=84899780810&origin=inward"
        },
        {
            "@_fa": "true",
            "@ref": "scopus-citedby",
            "@href": "https://www.scopus.com/inward/citedby.uri?partnerID=HzOxMe3b&scp=84899780810&origin=inward"
        }
    ],
    "prism:url": "https://api.elsevier.com/content/abstract/scopus_id/84899780810",
    "dc:identifier": "SCOPUS_ID:84899780810",
    "eid": "2-s2.0-84899780810",
    "dc:title": "Impacts of light shading and nutrient enrichment geo-engineering approaches on the productivity of a stratified, oligotrophic ocean ecosystem",
    "dc:creator": "Hardman-Mountford N.J.",
    "prism:publicationName": "Journal of the Royal Society Interface",
    "prism:issn": "17425689",
    "prism:eIssn": "17425662",
    "prism:volume": "10",
    "prism:issueIdentifier": "89",
    "prism:pageRange": null,
    "prism:coverDate": "2013-12-06",
    "prism:coverDisplayDate": "6 December 2013",
    "prism:doi": "10.1098/rsif.2013.0701",
    "citedby-count": "14",
    "affiliation": [
        {
            "@_fa": "true",
            "affilname": "Commonwealth Scientific and Industrial Research Organisation",
            "affiliation-city": "Canberra",
            "affiliation-country": "Australia"
        }
    ],
    "pubmed-id": "24132201",
    "prism:aggregationType": "Journal",
    "subtype": "ar",
    "subtypeDescription": "Article",
    "source-id": "4000151907",
    "openaccess": "1",
    "openaccessFlag": true,
    "freetoread": {
        "value": [
            {
                "$": "all"
            },
            {
                "$": "publisherfree2read"
            },
            {
                "$": "repository"
            },
            {
                "$": "repositoryvor"
            }
        ]
    },
    "freetoreadLabel": {
        "value": [
            {
                "$": "All Open Access"
            },
            {
                "$": "Bronze"
            },
            {
                "$": "Green"
            }
        ]
    }
}