{
    "@_fa": "true",
    "link": [
        {
            "@_fa": "true",
            "@ref": "self",
            "@href": "https://api.elsevier.com/content/abstract/scopus_id/84888353488"
        },
        {
            "@_fa": "true",
            "@ref": "author-affiliation",
            "@href": "https://api.elsevier.com/content/abstract/scopus_id/84888353488?field=author,affiliation"
        },
        {
            "@_fa": "true",
            "@ref": "scopus",
            "@href": "https://www.scopus.com/inward/record.uri?partnerID=HzOxMe3b&scp=84888353488&origin=inward"
        },
        {
            "@_fa": "true",
            "@ref": "scopus-citedby",
            "@href": "https://www.scopus.com/inward/citedby.uri?partnerID=HzOxMe3b&scp=84888353488&origin=inward"
        }
    ],
    "prism:url": "https://api.elsevier.com/content/abstract/scopus_id/84888353488",
    "dc:identifier": "SCOPUS_ID:84888353488",
    "eid": "2-s2.0-84888353488",
    "dc:title": "Investigation of blood vessels in glioblastoma at a micrometric scale: A comparative study by synchrotron and conventional micro-FTIR",
    "dc:creator": "Wehbe K.",
    "prism:publicationName": "Analytical Methods",
    "prism:issn": "17599660",
    "prism:eIssn": "17599679",
    "prism:volume": "5",
    "prism:issueIdentifier": "24",
    "prism:pageRange": "6925-6932",
    "prism:coverDate": "2013-12-02",
    "prism:coverDisplayDate": "2013",
    "prism:doi": "10.1039/c3ay41449c",
    "citedby-count": "10",
    "affiliation": [
        {
            "@_fa": "true",
            "affilname": "Diamond Light Source",
            "affiliation-city": "Didcot",
            "affiliation-country": "United Kingdom"
        }
    ],
    "prism:aggregationType": "Journal",
    "subtype": "ar",
    "subtypeDescription": "Article",
    "source-id": "19700175229",
    "openaccess": "1",
    "openaccessFlag": true,
    "freetoread": {
        "value": [
            {
                "$": "all"
            },
            {
                "$": "publisherhybridgold"
            }
        ]
    },
    "freetoreadLabel": {
        "value": [
            {
                "$": "All Open Access"
            },
            {
                "$": "Hybrid Gold"
            }
        ]
    }
}