{
    "@_fa": "true",
    "link": [
        {
            "@_fa": "true",
            "@ref": "self",
            "@href": "https://api.elsevier.com/content/abstract/scopus_id/84888636595"
        },
        {
            "@_fa": "true",
            "@ref": "author-affiliation",
            "@href": "https://api.elsevier.com/content/abstract/scopus_id/84888636595?field=author,affiliation"
        },
        {
            "@_fa": "true",
            "@ref": "scopus",
            "@href": "https://www.scopus.com/inward/record.uri?partnerID=HzOxMe3b&scp=84888636595&origin=inward"
        },
        {
            "@_fa": "true",
            "@ref": "scopus-citedby",
            "@href": "https://www.scopus.com/inward/citedby.uri?partnerID=HzOxMe3b&scp=84888636595&origin=inward"
        },
        {
            "@_fa": "true",
            "@ref": "full-text",
            "@href": "https://api.elsevier.com/content/article/eid/1-s2.0-S0040609013010377"
        }
    ],
    "prism:url": "https://api.elsevier.com/content/abstract/scopus_id/84888636595",
    "dc:identifier": "SCOPUS_ID:84888636595",
    "eid": "2-s2.0-84888636595",
    "dc:title": "Controlled buckling behavior of patterned oxide structures on compliant substrates for flexible optoelectronics",
    "dc:creator": "Bejitual T.S.",
    "prism:publicationName": "Thin Solid Films",
    "prism:issn": "00406090",
    "prism:volume": "549",
    "prism:pageRange": "268-275",
    "prism:coverDate": "2013-12-31",
    "prism:coverDisplayDate": "31 December 2013",
    "prism:doi": "10.1016/j.tsf.2013.05.173",
    "pii": "S0040609013010377",
    "citedby-count": "4",
    "affiliation": [
        {
            "@_fa": "true",
            "affilname": "Benjamin M. Statler College of Engineering and Mineral Resources",
            "affiliation-city": "Morgantown",
            "affiliation-country": "United States"
        }
    ],
    "prism:aggregationType": "Journal",
    "subtype": "cp",
    "subtypeDescription": "Conference Paper",
    "source-id": "12347",
    "openaccess": "0",
    "openaccessFlag": false
}