{
    "@_fa": "true",
    "link": [
        {
            "@_fa": "true",
            "@ref": "self",
            "@href": "https://api.elsevier.com/content/abstract/scopus_id/84887579316"
        },
        {
            "@_fa": "true",
            "@ref": "author-affiliation",
            "@href": "https://api.elsevier.com/content/abstract/scopus_id/84887579316?field=author,affiliation"
        },
        {
            "@_fa": "true",
            "@ref": "scopus",
            "@href": "https://www.scopus.com/inward/record.uri?partnerID=HzOxMe3b&scp=84887579316&origin=inward"
        },
        {
            "@_fa": "true",
            "@ref": "scopus-citedby",
            "@href": "https://www.scopus.com/inward/citedby.uri?partnerID=HzOxMe3b&scp=84887579316&origin=inward"
        }
    ],
    "prism:url": "https://api.elsevier.com/content/abstract/scopus_id/84887579316",
    "dc:identifier": "SCOPUS_ID:84887579316",
    "eid": "2-s2.0-84887579316",
    "dc:title": "New correlation for calculation of hydrocarbon gas minimum miscibility pressure (MMP) using wide experimental data",
    "dc:creator": "Ghorbani M.",
    "prism:publicationName": "Petroleum Science and Technology",
    "prism:issn": "10916466",
    "prism:eIssn": "15322459",
    "prism:volume": "31",
    "prism:issueIdentifier": "24",
    "prism:pageRange": "2577-2584",
    "prism:coverDate": "2013-12-17",
    "prism:coverDisplayDate": "17 December 2013",
    "prism:doi": "10.1080/10916466.2011.561264",
    "citedby-count": "6",
    "affiliation": [
        {
            "@_fa": "true",
            "affilname": "Islamic Azad University, Science and Research Branch",
            "affiliation-city": "Tehran",
            "affiliation-country": "Iran"
        }
    ],
    "prism:aggregationType": "Journal",
    "subtype": "ar",
    "subtypeDescription": "Article",
    "source-id": "13716",
    "openaccess": "0",
    "openaccessFlag": false
}