{
    "@_fa": "true",
    "link": [
        {
            "@_fa": "true",
            "@ref": "self",
            "@href": "https://api.elsevier.com/content/abstract/scopus_id/84889068296"
        },
        {
            "@_fa": "true",
            "@ref": "author-affiliation",
            "@href": "https://api.elsevier.com/content/abstract/scopus_id/84889068296?field=author,affiliation"
        },
        {
            "@_fa": "true",
            "@ref": "scopus",
            "@href": "https://www.scopus.com/inward/record.uri?partnerID=HzOxMe3b&scp=84889068296&origin=inward"
        },
        {
            "@_fa": "true",
            "@ref": "scopus-citedby",
            "@href": "https://www.scopus.com/inward/citedby.uri?partnerID=HzOxMe3b&scp=84889068296&origin=inward"
        }
    ],
    "prism:url": "https://api.elsevier.com/content/abstract/scopus_id/84889068296",
    "dc:identifier": "SCOPUS_ID:84889068296",
    "eid": "2-s2.0-84889068296",
    "dc:title": "FOSS for development in Gujarat",
    "dc:creator": "Shah C.V.",
    "prism:publicationName": "c2013 IEEE Global Humanitarian Technology Conference: South Asia Satellite, GHTC-SAS 2013",
    "prism:isbn": [
        {
            "@_fa": "true",
            "$": "[9781479910953]"
        }
    ],
    "prism:pageRange": "314-316",
    "prism:coverDate": "2013-12-09",
    "prism:coverDisplayDate": "2013",
    "prism:doi": "10.1109/GHTC-SAS.2013.6629937",
    "citedby-count": "0",
    "affiliation": [
        {
            "@_fa": "true",
            "affilname": "Shankersinh Vaghela Bapu Institute of Technology",
            "affiliation-city": "Gandhinagar",
            "affiliation-country": "India"
        }
    ],
    "prism:aggregationType": "Conference Proceeding",
    "subtype": "cp",
    "subtypeDescription": "Conference Paper",
    "article-number": "6629937",
    "source-id": "21100269630",
    "openaccess": "0",
    "openaccessFlag": false
}