{
    "@_fa": "true",
    "link": [
        {
            "@_fa": "true",
            "@ref": "self",
            "@href": "https://api.elsevier.com/content/abstract/scopus_id/85032848587"
        },
        {
            "@_fa": "true",
            "@ref": "author-affiliation",
            "@href": "https://api.elsevier.com/content/abstract/scopus_id/85032848587?field=author,affiliation"
        },
        {
            "@_fa": "true",
            "@ref": "scopus",
            "@href": "https://www.scopus.com/inward/record.uri?partnerID=HzOxMe3b&scp=85032848587&origin=inward"
        },
        {
            "@_fa": "true",
            "@ref": "scopus-citedby",
            "@href": "https://www.scopus.com/inward/citedby.uri?partnerID=HzOxMe3b&scp=85032848587&origin=inward"
        }
    ],
    "prism:url": "https://api.elsevier.com/content/abstract/scopus_id/85032848587",
    "dc:identifier": "SCOPUS_ID:85032848587",
    "eid": "2-s2.0-85032848587",
    "dc:title": "High Magnetic Field Science and Its Application in the United States: Current Status and Future Directions",
    "prism:publicationName": "High Magnetic Field Science and Its Application in the United States: Current Status and Future Directions",
    "prism:isbn": [
        {
            "@_fa": "true",
            "$": "[0309286344, 9780309286343]"
        }
    ],
    "prism:pageRange": "1-216",
    "prism:coverDate": "2013-12-25",
    "prism:coverDisplayDate": "25 December 2013",
    "prism:doi": "10.17226/18355",
    "citedby-count": "60",
    "prism:aggregationType": "Book",
    "subtype": "bk",
    "subtypeDescription": "Book",
    "source-id": "21100780590",
    "openaccess": "0",
    "openaccessFlag": false
}