{
    "@_fa": "true",
    "link": [
        {
            "@_fa": "true",
            "@ref": "self",
            "@href": "https://api.elsevier.com/content/abstract/scopus_id/84900362230"
        },
        {
            "@_fa": "true",
            "@ref": "author-affiliation",
            "@href": "https://api.elsevier.com/content/abstract/scopus_id/84900362230?field=author,affiliation"
        },
        {
            "@_fa": "true",
            "@ref": "scopus",
            "@href": "https://www.scopus.com/inward/record.uri?partnerID=HzOxMe3b&scp=84900362230&origin=inward"
        },
        {
            "@_fa": "true",
            "@ref": "scopus-citedby",
            "@href": "https://www.scopus.com/inward/citedby.uri?partnerID=HzOxMe3b&scp=84900362230&origin=inward"
        }
    ],
    "prism:url": "https://api.elsevier.com/content/abstract/scopus_id/84900362230",
    "dc:identifier": "SCOPUS_ID:84900362230",
    "eid": "2-s2.0-84900362230",
    "dc:title": "A consumer-oriented service selection method for service-based applications in the cloud",
    "dc:creator": "Wu T.",
    "prism:publicationName": "Proceedings - 16th IEEE International Conference on Computational Science and Engineering, CSE 2013",
    "prism:pageRange": "838-845",
    "prism:coverDate": "2013-12-01",
    "prism:coverDisplayDate": "2013",
    "prism:doi": "10.1109/CSE.2013.127",
    "citedby-count": "2",
    "affiliation": [
        {
            "@_fa": "true",
            "affilname": "Nanjing University",
            "affiliation-city": "Nanjing",
            "affiliation-country": "China"
        }
    ],
    "prism:aggregationType": "Conference Proceeding",
    "subtype": "cp",
    "subtypeDescription": "Conference Paper",
    "article-number": "6755307",
    "source-id": "21100301609",
    "openaccess": "0",
    "openaccessFlag": false
}