{
    "@_fa": "true",
    "link": [
        {
            "@_fa": "true",
            "@ref": "self",
            "@href": "https://api.elsevier.com/content/abstract/scopus_id/84890624723"
        },
        {
            "@_fa": "true",
            "@ref": "author-affiliation",
            "@href": "https://api.elsevier.com/content/abstract/scopus_id/84890624723?field=author,affiliation"
        },
        {
            "@_fa": "true",
            "@ref": "scopus",
            "@href": "https://www.scopus.com/inward/record.uri?partnerID=HzOxMe3b&scp=84890624723&origin=inward"
        },
        {
            "@_fa": "true",
            "@ref": "scopus-citedby",
            "@href": "https://www.scopus.com/inward/citedby.uri?partnerID=HzOxMe3b&scp=84890624723&origin=inward"
        }
    ],
    "prism:url": "https://api.elsevier.com/content/abstract/scopus_id/84890624723",
    "dc:identifier": "SCOPUS_ID:84890624723",
    "eid": "2-s2.0-84890624723",
    "dc:title": "Discussion of \"The 2011 James Forrest Lecture - engineering education - a historical perspective of the future\" by Barry Clarke. Civil Engineering and Environmental Systems, 2012, 29(3), pp. 191-212",
    "dc:creator": "Mahoney J.P.",
    "prism:publicationName": "Civil Engineering and Environmental Systems",
    "prism:issn": "10286608",
    "prism:eIssn": "10290249",
    "prism:volume": "30",
    "prism:issueIdentifier": "3-4",
    "prism:pageRange": "302-304",
    "prism:coverDate": "2013-12-24",
    "prism:coverDisplayDate": "2013",
    "prism:doi": "10.1080/10286608.2013.835192",
    "citedby-count": "0",
    "affiliation": [
        {
            "@_fa": "true",
            "affilname": "University of Washington",
            "affiliation-city": "Seattle",
            "affiliation-country": "United States"
        }
    ],
    "prism:aggregationType": "Journal",
    "subtype": "no",
    "subtypeDescription": "Note",
    "source-id": "15020",
    "openaccess": "0",
    "openaccessFlag": false
}