{
    "@_fa": "true",
    "link": [
        {
            "@_fa": "true",
            "@ref": "self",
            "@href": "https://api.elsevier.com/content/abstract/scopus_id/84883767538"
        },
        {
            "@_fa": "true",
            "@ref": "author-affiliation",
            "@href": "https://api.elsevier.com/content/abstract/scopus_id/84883767538?field=author,affiliation"
        },
        {
            "@_fa": "true",
            "@ref": "scopus",
            "@href": "https://www.scopus.com/inward/record.uri?partnerID=HzOxMe3b&scp=84883767538&origin=inward"
        },
        {
            "@_fa": "true",
            "@ref": "scopus-citedby",
            "@href": "https://www.scopus.com/inward/citedby.uri?partnerID=HzOxMe3b&scp=84883767538&origin=inward"
        }
    ],
    "prism:url": "https://api.elsevier.com/content/abstract/scopus_id/84883767538",
    "dc:identifier": "SCOPUS_ID:84883767538",
    "eid": "2-s2.0-84883767538",
    "dc:title": "Novel miniaturized artificial magnetic conductor",
    "dc:creator": "Hadarig R.C.",
    "prism:publicationName": "IEEE Antennas and Wireless Propagation Letters",
    "prism:issn": "15361225",
    "prism:volume": "12",
    "prism:pageRange": "174-177",
    "prism:coverDate": "2013-12-03",
    "prism:coverDisplayDate": "2013",
    "prism:doi": "10.1109/LAWP.2013.2245093",
    "citedby-count": "50",
    "affiliation": [
        {
            "@_fa": "true",
            "affilname": "Universidad de Oviedo",
            "affiliation-city": "Oviedo",
            "affiliation-country": "Spain"
        }
    ],
    "prism:aggregationType": "Journal",
    "subtype": "ar",
    "subtypeDescription": "Article",
    "article-number": "6450037",
    "source-id": "18894",
    "openaccess": "0",
    "openaccessFlag": false
}