{
    "@_fa": "true",
    "link": [
        {
            "@_fa": "true",
            "@ref": "self",
            "@href": "https://api.elsevier.com/content/abstract/scopus_id/84887421508"
        },
        {
            "@_fa": "true",
            "@ref": "author-affiliation",
            "@href": "https://api.elsevier.com/content/abstract/scopus_id/84887421508?field=author,affiliation"
        },
        {
            "@_fa": "true",
            "@ref": "scopus",
            "@href": "https://www.scopus.com/inward/record.uri?partnerID=HzOxMe3b&scp=84887421508&origin=inward"
        },
        {
            "@_fa": "true",
            "@ref": "scopus-citedby",
            "@href": "https://www.scopus.com/inward/citedby.uri?partnerID=HzOxMe3b&scp=84887421508&origin=inward"
        },
        {
            "@_fa": "true",
            "@ref": "full-text",
            "@href": "https://api.elsevier.com/content/article/eid/1-s2.0-S0040609013014004"
        }
    ],
    "prism:url": "https://api.elsevier.com/content/abstract/scopus_id/84887421508",
    "dc:identifier": "SCOPUS_ID:84887421508",
    "eid": "2-s2.0-84887421508",
    "dc:title": "On the structural characterization of InAs/GaSb type-II superlattices: The effect of interfaces for fixed layer thicknesses",
    "dc:creator": "Arikan B.",
    "prism:publicationName": "Thin Solid Films",
    "prism:issn": "00406090",
    "prism:volume": "548",
    "prism:pageRange": "288-291",
    "prism:coverDate": "2013-12-02",
    "prism:coverDisplayDate": "2 December 2013",
    "prism:doi": "10.1016/j.tsf.2013.08.089",
    "pii": "S0040609013014004",
    "citedby-count": "7",
    "affiliation": [
        {
            "@_fa": "true",
            "affilname": "Anadolu \u00dcniversitesi",
            "affiliation-city": "Eskisehir",
            "affiliation-country": "Turkey"
        }
    ],
    "prism:aggregationType": "Journal",
    "subtype": "ar",
    "subtypeDescription": "Article",
    "source-id": "12347",
    "openaccess": "0",
    "openaccessFlag": false
}