{
    "@_fa": "true",
    "link": [
        {
            "@_fa": "true",
            "@ref": "self",
            "@href": "https://api.elsevier.com/content/abstract/scopus_id/84887558646"
        },
        {
            "@_fa": "true",
            "@ref": "author-affiliation",
            "@href": "https://api.elsevier.com/content/abstract/scopus_id/84887558646?field=author,affiliation"
        },
        {
            "@_fa": "true",
            "@ref": "scopus",
            "@href": "https://www.scopus.com/inward/record.uri?partnerID=HzOxMe3b&scp=84887558646&origin=inward"
        },
        {
            "@_fa": "true",
            "@ref": "scopus-citedby",
            "@href": "https://www.scopus.com/inward/citedby.uri?partnerID=HzOxMe3b&scp=84887558646&origin=inward"
        }
    ],
    "prism:url": "https://api.elsevier.com/content/abstract/scopus_id/84887558646",
    "dc:identifier": "SCOPUS_ID:84887558646",
    "eid": "2-s2.0-84887558646",
    "dc:title": "Erratum: Engineering of functional, perfusable 3D microvascular networks on a chip (Lab on a Chip - Miniaturisation for Chemistry and Biology (2013) 13 (1489-1500) DOI:10.1039/C3LC41320A)",
    "dc:creator": "Kim S.",
    "prism:publicationName": "Lab on a Chip",
    "prism:issn": "14730197",
    "prism:eIssn": "14730189",
    "prism:volume": "13",
    "prism:issueIdentifier": "24",
    "prism:pageRange": "4891",
    "prism:coverDate": "2013-12-21",
    "prism:coverDisplayDate": "21 December 2013",
    "prism:doi": "10.1039/C3LC90123H",
    "citedby-count": "3",
    "prism:aggregationType": "Journal",
    "subtype": "er",
    "subtypeDescription": "Erratum",
    "source-id": "24738",
    "openaccess": "0",
    "openaccessFlag": false
}