{
    "@_fa": "true",
    "link": [
        {
            "@_fa": "true",
            "@ref": "self",
            "@href": "https://api.elsevier.com/content/abstract/scopus_id/84890478171"
        },
        {
            "@_fa": "true",
            "@ref": "author-affiliation",
            "@href": "https://api.elsevier.com/content/abstract/scopus_id/84890478171?field=author,affiliation"
        },
        {
            "@_fa": "true",
            "@ref": "scopus",
            "@href": "https://www.scopus.com/inward/record.uri?partnerID=HzOxMe3b&scp=84890478171&origin=inward"
        },
        {
            "@_fa": "true",
            "@ref": "scopus-citedby",
            "@href": "https://www.scopus.com/inward/citedby.uri?partnerID=HzOxMe3b&scp=84890478171&origin=inward"
        }
    ],
    "prism:url": "https://api.elsevier.com/content/abstract/scopus_id/84890478171",
    "dc:identifier": "SCOPUS_ID:84890478171",
    "eid": "2-s2.0-84890478171",
    "dc:title": "Electromagnetic loads prediction and structural analysis of HL-2M toroidal field coils",
    "dc:creator": "Cai L.",
    "prism:publicationName": "2013 IEEE 25th Symposium on Fusion Engineering, SOFE 2013",
    "prism:isbn": [
        {
            "@_fa": "true",
            "$": "[9781479901715]"
        }
    ],
    "prism:pageRange": null,
    "prism:coverDate": "2013-12-23",
    "prism:coverDisplayDate": "2013",
    "prism:doi": "10.1109/SOFE.2013.6635326",
    "citedby-count": "5",
    "affiliation": [
        {
            "@_fa": "true",
            "affilname": "Southwestern Institute of Physics China",
            "affiliation-city": "Chengdu",
            "affiliation-country": "China"
        }
    ],
    "prism:aggregationType": "Conference Proceeding",
    "subtype": "cp",
    "subtypeDescription": "Conference Paper",
    "article-number": "6635326",
    "source-id": "21100275403",
    "openaccess": "0",
    "openaccessFlag": false
}