{
    "@_fa": "true",
    "link": [
        {
            "@_fa": "true",
            "@ref": "self",
            "@href": "https://api.elsevier.com/content/abstract/scopus_id/84892930548"
        },
        {
            "@_fa": "true",
            "@ref": "author-affiliation",
            "@href": "https://api.elsevier.com/content/abstract/scopus_id/84892930548?field=author,affiliation"
        },
        {
            "@_fa": "true",
            "@ref": "scopus",
            "@href": "https://www.scopus.com/inward/record.uri?partnerID=HzOxMe3b&scp=84892930548&origin=inward"
        },
        {
            "@_fa": "true",
            "@ref": "scopus-citedby",
            "@href": "https://www.scopus.com/inward/citedby.uri?partnerID=HzOxMe3b&scp=84892930548&origin=inward"
        }
    ],
    "prism:url": "https://api.elsevier.com/content/abstract/scopus_id/84892930548",
    "dc:identifier": "SCOPUS_ID:84892930548",
    "eid": "2-s2.0-84892930548",
    "dc:title": "Efficicent (R)-phenylethanol production with enantioselectivity-alerted (S)-carbonyl reductase II and NADPH regeneration",
    "dc:creator": "Zhang R.",
    "prism:publicationName": "PLoS ONE",
    "prism:eIssn": "19326203",
    "prism:volume": "8",
    "prism:issueIdentifier": "12",
    "prism:pageRange": null,
    "prism:coverDate": "2013-12-17",
    "prism:coverDisplayDate": "17 December 2013",
    "prism:doi": "10.1371/journal.pone.0083586",
    "citedby-count": "20",
    "affiliation": [
        {
            "@_fa": "true",
            "affilname": "Jiangnan University",
            "affiliation-city": "Wuxi",
            "affiliation-country": "China"
        }
    ],
    "pubmed-id": "24358299",
    "prism:aggregationType": "Journal",
    "subtype": "ar",
    "subtypeDescription": "Article",
    "article-number": "e83586",
    "source-id": "10600153309",
    "openaccess": "1",
    "openaccessFlag": true,
    "freetoread": {
        "value": [
            {
                "$": "all"
            },
            {
                "$": "publisherfullgold"
            },
            {
                "$": "repository"
            },
            {
                "$": "repositoryvor"
            },
            {
                "$": "repositoryam"
            }
        ]
    },
    "freetoreadLabel": {
        "value": [
            {
                "$": "All Open Access"
            },
            {
                "$": "Gold"
            },
            {
                "$": "Green"
            }
        ]
    }
}