{
    "@_fa": "true",
    "link": [
        {
            "@_fa": "true",
            "@ref": "self",
            "@href": "https://api.elsevier.com/content/abstract/scopus_id/84929558477"
        },
        {
            "@_fa": "true",
            "@ref": "author-affiliation",
            "@href": "https://api.elsevier.com/content/abstract/scopus_id/84929558477?field=author,affiliation"
        },
        {
            "@_fa": "true",
            "@ref": "scopus",
            "@href": "https://www.scopus.com/inward/record.uri?partnerID=HzOxMe3b&scp=84929558477&origin=inward"
        },
        {
            "@_fa": "true",
            "@ref": "scopus-citedby",
            "@href": "https://www.scopus.com/inward/citedby.uri?partnerID=HzOxMe3b&scp=84929558477&origin=inward"
        }
    ],
    "prism:url": "https://api.elsevier.com/content/abstract/scopus_id/84929558477",
    "dc:identifier": "SCOPUS_ID:84929558477",
    "eid": "2-s2.0-84929558477",
    "dc:title": "Integrated software process and product lines",
    "dc:creator": "Rombach D.",
    "prism:publicationName": "Perspectives on the Future of Software Engineering: Essays in Honor of Dieter Rombach",
    "prism:isbn": [
        {
            "@_fa": "true",
            "$": "[9783642373954, 3642373941, 9783642373947]"
        }
    ],
    "prism:volume": "9783642373954",
    "prism:pageRange": "359-366",
    "prism:coverDate": "2013-12-01",
    "prism:coverDisplayDate": "1 December 2013",
    "prism:doi": "10.1007/978-3-642-37395-4_22",
    "citedby-count": "2",
    "affiliation": [
        {
            "@_fa": "true",
            "affilname": "Rheinland-Pf\u00e4lzische Technische Universit\u00e4t Kaiserslautern-Landau",
            "affiliation-city": "Kaiserslautern",
            "affiliation-country": "Germany"
        }
    ],
    "prism:aggregationType": "Book",
    "subtype": "ch",
    "subtypeDescription": "Book Chapter",
    "source-id": "21100390442",
    "openaccess": "0",
    "openaccessFlag": false
}