{
    "@_fa": "true",
    "link": [
        {
            "@_fa": "true",
            "@ref": "self",
            "@href": "https://api.elsevier.com/content/abstract/scopus_id/84889594330"
        },
        {
            "@_fa": "true",
            "@ref": "author-affiliation",
            "@href": "https://api.elsevier.com/content/abstract/scopus_id/84889594330?field=author,affiliation"
        },
        {
            "@_fa": "true",
            "@ref": "scopus",
            "@href": "https://www.scopus.com/inward/record.uri?partnerID=HzOxMe3b&scp=84889594330&origin=inward"
        },
        {
            "@_fa": "true",
            "@ref": "scopus-citedby",
            "@href": "https://www.scopus.com/inward/citedby.uri?partnerID=HzOxMe3b&scp=84889594330&origin=inward"
        }
    ],
    "prism:url": "https://api.elsevier.com/content/abstract/scopus_id/84889594330",
    "dc:identifier": "SCOPUS_ID:84889594330",
    "eid": "2-s2.0-84889594330",
    "dc:title": "Prepaid energy meters network via power system communication",
    "dc:creator": "Ramadan K.",
    "prism:publicationName": "Proceedings - 2013 International Conference on Computer, Electrical and Electronics Engineering: 'Research Makes a Difference', ICCEEE 2013",
    "prism:isbn": [
        {
            "@_fa": "true",
            "$": "[9781467362313]"
        }
    ],
    "prism:pageRange": "668-673",
    "prism:coverDate": "2013-12-11",
    "prism:coverDisplayDate": "2013",
    "prism:doi": "10.1109/ICCEEE.2013.6634020",
    "citedby-count": "6",
    "affiliation": [
        {
            "@_fa": "true",
            "affilname": "Khartoum University",
            "affiliation-city": "Khartoum",
            "affiliation-country": "Sudan"
        }
    ],
    "prism:aggregationType": "Conference Proceeding",
    "subtype": "cp",
    "subtypeDescription": "Conference Paper",
    "article-number": "6634020",
    "source-id": "21100272901",
    "openaccess": "0",
    "openaccessFlag": false
}