{
    "@_fa": "true",
    "link": [
        {
            "@_fa": "true",
            "@ref": "self",
            "@href": "https://api.elsevier.com/content/abstract/scopus_id/84883895615"
        },
        {
            "@_fa": "true",
            "@ref": "author-affiliation",
            "@href": "https://api.elsevier.com/content/abstract/scopus_id/84883895615?field=author,affiliation"
        },
        {
            "@_fa": "true",
            "@ref": "scopus",
            "@href": "https://www.scopus.com/inward/record.uri?partnerID=HzOxMe3b&scp=84883895615&origin=inward"
        },
        {
            "@_fa": "true",
            "@ref": "scopus-citedby",
            "@href": "https://www.scopus.com/inward/citedby.uri?partnerID=HzOxMe3b&scp=84883895615&origin=inward"
        }
    ],
    "prism:url": "https://api.elsevier.com/content/abstract/scopus_id/84883895615",
    "dc:identifier": "SCOPUS_ID:84883895615",
    "eid": "2-s2.0-84883895615",
    "dc:title": "Effect of the carbonyl content on the properties of composite films based on oxidized starch and gelatin",
    "dc:creator": "Wang Y.",
    "prism:publicationName": "Journal of Applied Polymer Science",
    "prism:issn": "00218995",
    "prism:eIssn": "10974628",
    "prism:volume": "130",
    "prism:issueIdentifier": "5",
    "prism:pageRange": "3809-3815",
    "prism:coverDate": "2013-12-05",
    "prism:coverDisplayDate": "5 December 2013",
    "prism:doi": "10.1002/app.39493",
    "citedby-count": "12",
    "affiliation": [
        {
            "@_fa": "true",
            "affilname": "Ningbo University of Technology",
            "affiliation-city": "Ningbo",
            "affiliation-country": "China"
        }
    ],
    "prism:aggregationType": "Journal",
    "subtype": "ar",
    "subtypeDescription": "Article",
    "source-id": "13554",
    "openaccess": "0",
    "openaccessFlag": false
}