{
    "@_fa": "true",
    "link": [
        {
            "@_fa": "true",
            "@ref": "self",
            "@href": "https://api.elsevier.com/content/abstract/scopus_id/84897848664"
        },
        {
            "@_fa": "true",
            "@ref": "author-affiliation",
            "@href": "https://api.elsevier.com/content/abstract/scopus_id/84897848664?field=author,affiliation"
        },
        {
            "@_fa": "true",
            "@ref": "scopus",
            "@href": "https://www.scopus.com/inward/record.uri?partnerID=HzOxMe3b&scp=84897848664&origin=inward"
        },
        {
            "@_fa": "true",
            "@ref": "scopus-citedby",
            "@href": "https://www.scopus.com/inward/citedby.uri?partnerID=HzOxMe3b&scp=84897848664&origin=inward"
        }
    ],
    "prism:url": "https://api.elsevier.com/content/abstract/scopus_id/84897848664",
    "dc:identifier": "SCOPUS_ID:84897848664",
    "eid": "2-s2.0-84897848664",
    "dc:title": "Measurement on technological innovation efficiency and comparison based on time and area in the region of China's large and medium-sized industrial enterprises",
    "dc:creator": "Hua H.",
    "prism:publicationName": "Proceedings of IEEE International Conference on Grey Systems and Intelligent Services, GSIS",
    "prism:issn": "21669430",
    "prism:eIssn": "21669449",
    "prism:isbn": [
        {
            "@_fa": "true",
            "$": "[9781467352628]"
        }
    ],
    "prism:pageRange": "545-549",
    "prism:coverDate": "2013-12-01",
    "prism:coverDisplayDate": "2013",
    "prism:doi": "10.1109/GSIS.2013.6714836",
    "citedby-count": "0",
    "affiliation": [
        {
            "@_fa": "true",
            "affilname": "Nanjing University of Aeronautics and Astronautics",
            "affiliation-city": "Nanjing",
            "affiliation-country": "China"
        }
    ],
    "prism:aggregationType": "Conference Proceeding",
    "subtype": "cp",
    "subtypeDescription": "Conference Paper",
    "article-number": "6714836",
    "source-id": "21100298622",
    "openaccess": "0",
    "openaccessFlag": false
}