{
    "@_fa": "true",
    "link": [
        {
            "@_fa": "true",
            "@ref": "self",
            "@href": "https://api.elsevier.com/content/abstract/scopus_id/84891362516"
        },
        {
            "@_fa": "true",
            "@ref": "author-affiliation",
            "@href": "https://api.elsevier.com/content/abstract/scopus_id/84891362516?field=author,affiliation"
        },
        {
            "@_fa": "true",
            "@ref": "scopus",
            "@href": "https://www.scopus.com/inward/record.uri?partnerID=HzOxMe3b&scp=84891362516&origin=inward"
        },
        {
            "@_fa": "true",
            "@ref": "scopus-citedby",
            "@href": "https://www.scopus.com/inward/citedby.uri?partnerID=HzOxMe3b&scp=84891362516&origin=inward"
        }
    ],
    "prism:url": "https://api.elsevier.com/content/abstract/scopus_id/84891362516",
    "dc:identifier": "SCOPUS_ID:84891362516",
    "eid": "2-s2.0-84891362516",
    "dc:title": "Innovations in preclinical biology: Ex vivo engineering of a human kidney tissue microperfusion system",
    "dc:creator": "Kelly E.J.",
    "prism:publicationName": "Stem Cell Research and Therapy",
    "prism:eIssn": "17576512",
    "prism:volume": "4",
    "prism:issueIdentifier": "SUPPL.1",
    "prism:pageRange": null,
    "prism:coverDate": "2013-12-20",
    "prism:coverDisplayDate": "20 December 2013",
    "prism:doi": "10.1186/scrt378",
    "citedby-count": "30",
    "affiliation": [
        {
            "@_fa": "true",
            "affilname": "University of Washington",
            "affiliation-city": "Seattle",
            "affiliation-country": "United States"
        }
    ],
    "pubmed-id": "24564863",
    "prism:aggregationType": "Journal",
    "subtype": "re",
    "subtypeDescription": "Review",
    "article-number": "S17",
    "source-id": "19700201524",
    "openaccess": "1",
    "openaccessFlag": true,
    "freetoread": {
        "value": [
            {
                "$": "all"
            },
            {
                "$": "publisherfullgold"
            }
        ]
    },
    "freetoreadLabel": {
        "value": [
            {
                "$": "All Open Access"
            },
            {
                "$": "Gold"
            }
        ]
    }
}