{
    "@_fa": "true",
    "link": [
        {
            "@_fa": "true",
            "@ref": "self",
            "@href": "https://api.elsevier.com/content/abstract/scopus_id/84888996079"
        },
        {
            "@_fa": "true",
            "@ref": "author-affiliation",
            "@href": "https://api.elsevier.com/content/abstract/scopus_id/84888996079?field=author,affiliation"
        },
        {
            "@_fa": "true",
            "@ref": "scopus",
            "@href": "https://www.scopus.com/inward/record.uri?partnerID=HzOxMe3b&scp=84888996079&origin=inward"
        },
        {
            "@_fa": "true",
            "@ref": "scopus-citedby",
            "@href": "https://www.scopus.com/inward/citedby.uri?partnerID=HzOxMe3b&scp=84888996079&origin=inward"
        }
    ],
    "prism:url": "https://api.elsevier.com/content/abstract/scopus_id/84888996079",
    "dc:identifier": "SCOPUS_ID:84888996079",
    "eid": "2-s2.0-84888996079",
    "dc:title": "RisCal - A risk estimation tool for software engineering purposes",
    "dc:creator": "Haisjackl C.",
    "prism:publicationName": "Proceedings - 39th Euromicro Conference Series on Software Engineering and Advanced Applications, SEAA 2013",
    "prism:isbn": [
        {
            "@_fa": "true",
            "$": "[9780769550916]"
        }
    ],
    "prism:pageRange": "292-299",
    "prism:coverDate": "2013-12-09",
    "prism:coverDisplayDate": "2013",
    "prism:doi": "10.1109/SEAA.2013.10",
    "citedby-count": "9",
    "affiliation": [
        {
            "@_fa": "true",
            "affilname": "Universit\u00e4t Innsbruck",
            "affiliation-city": "Innsbruck",
            "affiliation-country": "Austria"
        }
    ],
    "prism:aggregationType": "Conference Proceeding",
    "subtype": "cp",
    "subtypeDescription": "Conference Paper",
    "article-number": "6619524",
    "source-id": "21100269640",
    "openaccess": "0",
    "openaccessFlag": false
}