{
    "@_fa": "true",
    "link": [
        {
            "@_fa": "true",
            "@ref": "self",
            "@href": "https://api.elsevier.com/content/abstract/scopus_id/84890294590"
        },
        {
            "@_fa": "true",
            "@ref": "author-affiliation",
            "@href": "https://api.elsevier.com/content/abstract/scopus_id/84890294590?field=author,affiliation"
        },
        {
            "@_fa": "true",
            "@ref": "scopus",
            "@href": "https://www.scopus.com/inward/record.uri?partnerID=HzOxMe3b&scp=84890294590&origin=inward"
        },
        {
            "@_fa": "true",
            "@ref": "scopus-citedby",
            "@href": "https://www.scopus.com/inward/citedby.uri?partnerID=HzOxMe3b&scp=84890294590&origin=inward"
        },
        {
            "@_fa": "true",
            "@ref": "full-text",
            "@href": "https://api.elsevier.com/content/article/eid/1-s2.0-S002192582055374X"
        }
    ],
    "prism:url": "https://api.elsevier.com/content/abstract/scopus_id/84890294590",
    "dc:identifier": "SCOPUS_ID:84890294590",
    "eid": "2-s2.0-84890294590",
    "dc:title": "UDP-glucose dehydrogenase activity and optimal downstream cellular function require dynamic reorganization at the dimer-dimer subunit interfaces",
    "dc:creator": "Hyde A.S.",
    "prism:publicationName": "Journal of Biological Chemistry",
    "prism:issn": "00219258",
    "prism:eIssn": "1083351X",
    "prism:volume": "288",
    "prism:issueIdentifier": "49",
    "prism:pageRange": "35049-35057",
    "prism:coverDate": "2013-12-06",
    "prism:coverDisplayDate": "6 December 2013",
    "prism:doi": "10.1074/jbc.M113.519090",
    "citedby-count": "14",
    "affiliation": [
        {
            "@_fa": "true",
            "affilname": "University of Nebraska\u2013Lincoln",
            "affiliation-city": "Lincoln",
            "affiliation-country": "United States"
        }
    ],
    "pubmed-id": "24145036",
    "prism:aggregationType": "Journal",
    "subtype": "ar",
    "subtypeDescription": "Article",
    "source-id": "17592",
    "openaccess": "1",
    "openaccessFlag": true,
    "freetoread": {
        "value": [
            {
                "$": "all"
            },
            {
                "$": "repository"
            },
            {
                "$": "repositoryvor"
            }
        ]
    },
    "freetoreadLabel": {
        "value": [
            {
                "$": "All Open Access"
            },
            {
                "$": "Green"
            }
        ]
    }
}