{
    "@_fa": "true",
    "link": [
        {
            "@_fa": "true",
            "@ref": "self",
            "@href": "https://api.elsevier.com/content/abstract/scopus_id/84897825468"
        },
        {
            "@_fa": "true",
            "@ref": "author-affiliation",
            "@href": "https://api.elsevier.com/content/abstract/scopus_id/84897825468?field=author,affiliation"
        },
        {
            "@_fa": "true",
            "@ref": "scopus",
            "@href": "https://www.scopus.com/inward/record.uri?partnerID=HzOxMe3b&scp=84897825468&origin=inward"
        },
        {
            "@_fa": "true",
            "@ref": "scopus-citedby",
            "@href": "https://www.scopus.com/inward/citedby.uri?partnerID=HzOxMe3b&scp=84897825468&origin=inward"
        }
    ],
    "prism:url": "https://api.elsevier.com/content/abstract/scopus_id/84897825468",
    "dc:identifier": "SCOPUS_ID:84897825468",
    "eid": "2-s2.0-84897825468",
    "dc:title": "Improving students' employability",
    "dc:creator": "Creasey R.",
    "prism:publicationName": "Engineering Education",
    "prism:issn": "17500044",
    "prism:eIssn": "17500052",
    "prism:volume": "8",
    "prism:issueIdentifier": "1",
    "prism:pageRange": "16-30",
    "prism:coverDate": "2013-12-01",
    "prism:coverDisplayDate": "2013",
    "prism:doi": "10.11120/ened.2013.00006",
    "citedby-count": "34",
    "affiliation": [
        {
            "@_fa": "true",
            "affilname": "University of Leeds",
            "affiliation-city": "Leeds",
            "affiliation-country": "United Kingdom"
        }
    ],
    "prism:aggregationType": "Journal",
    "subtype": "ar",
    "subtypeDescription": "Article",
    "source-id": "21100323100",
    "openaccess": "1",
    "openaccessFlag": true,
    "freetoread": {
        "value": [
            {
                "$": "all"
            },
            {
                "$": "publisherfree2read"
            }
        ]
    },
    "freetoreadLabel": {
        "value": [
            {
                "$": "All Open Access"
            },
            {
                "$": "Bronze"
            }
        ]
    }
}