{
    "@_fa": "true",
    "link": [
        {
            "@_fa": "true",
            "@ref": "self",
            "@href": "https://api.elsevier.com/content/abstract/scopus_id/84888881079"
        },
        {
            "@_fa": "true",
            "@ref": "author-affiliation",
            "@href": "https://api.elsevier.com/content/abstract/scopus_id/84888881079?field=author,affiliation"
        },
        {
            "@_fa": "true",
            "@ref": "scopus",
            "@href": "https://www.scopus.com/inward/record.uri?partnerID=HzOxMe3b&scp=84888881079&origin=inward"
        },
        {
            "@_fa": "true",
            "@ref": "scopus-citedby",
            "@href": "https://www.scopus.com/inward/citedby.uri?partnerID=HzOxMe3b&scp=84888881079&origin=inward"
        }
    ],
    "prism:url": "https://api.elsevier.com/content/abstract/scopus_id/84888881079",
    "dc:identifier": "SCOPUS_ID:84888881079",
    "eid": "2-s2.0-84888881079",
    "dc:title": "Automatic steering and avoidance time analysis of a front steered electric vehicle using active traction and braking control with kingpin-offset",
    "dc:creator": "Yoshida H.",
    "prism:publicationName": "Nihon Kikai Gakkai Ronbunshu, C Hen/Transactions of the Japan Society of Mechanical Engineers, Part C",
    "prism:issn": "03875024",
    "prism:volume": "79",
    "prism:issueIdentifier": "806",
    "prism:pageRange": "3335-3346",
    "prism:coverDate": "2013-12-06",
    "prism:coverDisplayDate": "2013",
    "prism:doi": "10.1299/kikaic.79.3335",
    "citedby-count": "0",
    "affiliation": [
        {
            "@_fa": "true",
            "affilname": "National Defense Academy of Japan",
            "affiliation-city": "Yokosuka",
            "affiliation-country": "Japan"
        }
    ],
    "prism:aggregationType": "Journal",
    "subtype": "ar",
    "subtypeDescription": "Article",
    "source-id": "110132",
    "openaccess": "1",
    "openaccessFlag": true,
    "freetoread": {
        "value": [
            {
                "$": "all"
            },
            {
                "$": "publisherfullgold"
            }
        ]
    },
    "freetoreadLabel": {
        "value": [
            {
                "$": "All Open Access"
            },
            {
                "$": "Gold"
            }
        ]
    }
}