{
    "@_fa": "true",
    "link": [
        {
            "@_fa": "true",
            "@ref": "self",
            "@href": "https://api.elsevier.com/content/abstract/scopus_id/84897792258"
        },
        {
            "@_fa": "true",
            "@ref": "author-affiliation",
            "@href": "https://api.elsevier.com/content/abstract/scopus_id/84897792258?field=author,affiliation"
        },
        {
            "@_fa": "true",
            "@ref": "scopus",
            "@href": "https://www.scopus.com/inward/record.uri?partnerID=HzOxMe3b&scp=84897792258&origin=inward"
        },
        {
            "@_fa": "true",
            "@ref": "scopus-citedby",
            "@href": "https://www.scopus.com/inward/citedby.uri?partnerID=HzOxMe3b&scp=84897792258&origin=inward"
        }
    ],
    "prism:url": "https://api.elsevier.com/content/abstract/scopus_id/84897792258",
    "dc:identifier": "SCOPUS_ID:84897792258",
    "eid": "2-s2.0-84897792258",
    "dc:title": "ANT+ medical health kit for older adults",
    "dc:creator": "Belchior R.",
    "prism:publicationName": "Lecture Notes of the Institute for Computer Sciences, Social-Informatics and Telecommunications Engineering, LNICST",
    "prism:issn": "18678211",
    "prism:isbn": [
        {
            "@_fa": "true",
            "$": "[9783642378928]"
        }
    ],
    "prism:volume": "61",
    "prism:pageRange": "20-29",
    "prism:coverDate": "2013-12-01",
    "prism:coverDisplayDate": "2013",
    "prism:doi": "10.1007/978-3-642-37893-5_3",
    "citedby-count": "6",
    "affiliation": [
        {
            "@_fa": "true",
            "affilname": "Associa\u00e7\u00e3o Fraunhofer Portugal Research",
            "affiliation-city": "Porto",
            "affiliation-country": "Portugal"
        }
    ],
    "prism:aggregationType": "Book Series",
    "subtype": "cp",
    "subtypeDescription": "Conference Paper",
    "source-id": "21100220348",
    "openaccess": "0",
    "openaccessFlag": false
}