{
    "@_fa": "true",
    "link": [
        {
            "@_fa": "true",
            "@ref": "self",
            "@href": "https://api.elsevier.com/content/abstract/scopus_id/84891077129"
        },
        {
            "@_fa": "true",
            "@ref": "author-affiliation",
            "@href": "https://api.elsevier.com/content/abstract/scopus_id/84891077129?field=author,affiliation"
        },
        {
            "@_fa": "true",
            "@ref": "scopus",
            "@href": "https://www.scopus.com/inward/record.uri?partnerID=HzOxMe3b&scp=84891077129&origin=inward"
        },
        {
            "@_fa": "true",
            "@ref": "scopus-citedby",
            "@href": "https://www.scopus.com/inward/citedby.uri?partnerID=HzOxMe3b&scp=84891077129&origin=inward"
        }
    ],
    "prism:url": "https://api.elsevier.com/content/abstract/scopus_id/84891077129",
    "dc:identifier": "SCOPUS_ID:84891077129",
    "eid": "2-s2.0-84891077129",
    "dc:title": "Large-scale optimization: Are co-operative co-evolution and fitness inheritance additive?",
    "dc:creator": "Hameed A.",
    "prism:publicationName": "2013 13th UK Workshop on Computational Intelligence, UKCI 2013",
    "prism:isbn": [
        {
            "@_fa": "true",
            "$": "[9781479915682]"
        }
    ],
    "prism:pageRange": "104-111",
    "prism:coverDate": "2013-12-31",
    "prism:coverDisplayDate": "2013",
    "prism:doi": "10.1109/UKCI.2013.6651294",
    "citedby-count": "6",
    "affiliation": [
        {
            "@_fa": "true",
            "affilname": "Heriot-Watt University",
            "affiliation-city": "Edinburgh",
            "affiliation-country": "United Kingdom"
        }
    ],
    "prism:aggregationType": "Conference Proceeding",
    "subtype": "cp",
    "subtypeDescription": "Conference Paper",
    "article-number": "6651294",
    "source-id": "21100276768",
    "openaccess": "0",
    "openaccessFlag": false
}