{
    "@_fa": "true",
    "link": [
        {
            "@_fa": "true",
            "@ref": "self",
            "@href": "https://api.elsevier.com/content/abstract/scopus_id/84890090650"
        },
        {
            "@_fa": "true",
            "@ref": "author-affiliation",
            "@href": "https://api.elsevier.com/content/abstract/scopus_id/84890090650?field=author,affiliation"
        },
        {
            "@_fa": "true",
            "@ref": "scopus",
            "@href": "https://www.scopus.com/inward/record.uri?partnerID=HzOxMe3b&scp=84890090650&origin=inward"
        },
        {
            "@_fa": "true",
            "@ref": "scopus-citedby",
            "@href": "https://www.scopus.com/inward/citedby.uri?partnerID=HzOxMe3b&scp=84890090650&origin=inward"
        }
    ],
    "prism:url": "https://api.elsevier.com/content/abstract/scopus_id/84890090650",
    "dc:identifier": "SCOPUS_ID:84890090650",
    "eid": "2-s2.0-84890090650",
    "dc:title": "An experimental simulation to validate FEM to predict transverse young's modulus of FRP composites",
    "dc:creator": "Sai V.S.",
    "prism:publicationName": "Advances in Materials Science and Engineering",
    "prism:issn": "16878434",
    "prism:eIssn": "16878442",
    "prism:volume": "2013",
    "prism:pageRange": null,
    "prism:coverDate": "2013-12-16",
    "prism:coverDisplayDate": "2013",
    "prism:doi": "10.1155/2013/648527",
    "citedby-count": "6",
    "affiliation": [
        {
            "@_fa": "true",
            "affilname": "DVR &amp; Dr. HS MIC College of Technology",
            "affiliation-city": "Kanchikacherla",
            "affiliation-country": "India"
        }
    ],
    "prism:aggregationType": "Journal",
    "subtype": "ar",
    "subtypeDescription": "Article",
    "article-number": "648527",
    "source-id": "17700156760",
    "openaccess": "1",
    "openaccessFlag": true,
    "freetoread": {
        "value": [
            {
                "$": "all"
            },
            {
                "$": "publisherfullgold"
            },
            {
                "$": "repository"
            },
            {
                "$": "repositoryam"
            }
        ]
    },
    "freetoreadLabel": {
        "value": [
            {
                "$": "All Open Access"
            },
            {
                "$": "Gold"
            },
            {
                "$": "Green"
            }
        ]
    }
}