{
    "@_fa": "true",
    "link": [
        {
            "@_fa": "true",
            "@ref": "self",
            "@href": "https://api.elsevier.com/content/abstract/scopus_id/84887850403"
        },
        {
            "@_fa": "true",
            "@ref": "author-affiliation",
            "@href": "https://api.elsevier.com/content/abstract/scopus_id/84887850403?field=author,affiliation"
        },
        {
            "@_fa": "true",
            "@ref": "scopus",
            "@href": "https://www.scopus.com/inward/record.uri?partnerID=HzOxMe3b&scp=84887850403&origin=inward"
        },
        {
            "@_fa": "true",
            "@ref": "scopus-citedby",
            "@href": "https://www.scopus.com/inward/citedby.uri?partnerID=HzOxMe3b&scp=84887850403&origin=inward"
        }
    ],
    "prism:url": "https://api.elsevier.com/content/abstract/scopus_id/84887850403",
    "dc:identifier": "SCOPUS_ID:84887850403",
    "eid": "2-s2.0-84887850403",
    "dc:title": "Engineering microstructured porous films for multiple applications via mussel-inspired surface coating",
    "dc:creator": "Ma H.",
    "prism:publicationName": "RSC Advances",
    "prism:eIssn": "20462069",
    "prism:volume": "3",
    "prism:issueIdentifier": "47",
    "prism:pageRange": "25291-25295",
    "prism:coverDate": "2013-12-21",
    "prism:coverDisplayDate": "21 December 2013",
    "prism:doi": "10.1039/c3ra44812f",
    "citedby-count": "16",
    "affiliation": [
        {
            "@_fa": "true",
            "affilname": "University of Jinan",
            "affiliation-city": "Jinan",
            "affiliation-country": "China"
        }
    ],
    "prism:aggregationType": "Journal",
    "subtype": "ar",
    "subtypeDescription": "Article",
    "source-id": "21100199840",
    "openaccess": "0",
    "openaccessFlag": false
}