{
    "@_fa": "true",
    "link": [
        {
            "@_fa": "true",
            "@ref": "self",
            "@href": "https://api.elsevier.com/content/abstract/scopus_id/84890051928"
        },
        {
            "@_fa": "true",
            "@ref": "author-affiliation",
            "@href": "https://api.elsevier.com/content/abstract/scopus_id/84890051928?field=author,affiliation"
        },
        {
            "@_fa": "true",
            "@ref": "scopus",
            "@href": "https://www.scopus.com/inward/record.uri?partnerID=HzOxMe3b&scp=84890051928&origin=inward"
        },
        {
            "@_fa": "true",
            "@ref": "scopus-citedby",
            "@href": "https://www.scopus.com/inward/citedby.uri?partnerID=HzOxMe3b&scp=84890051928&origin=inward"
        }
    ],
    "prism:url": "https://api.elsevier.com/content/abstract/scopus_id/84890051928",
    "dc:identifier": "SCOPUS_ID:84890051928",
    "eid": "2-s2.0-84890051928",
    "dc:title": "Educational software engineering: Where software engineering, education, and gaming meet",
    "dc:creator": "Xie T.",
    "prism:publicationName": "2013 3rd International Workshop on Games and Software Engineering: Engineering Computer Games to Enable Positive, Progressive Change, GAS 2013 - Proceedings",
    "prism:isbn": [
        {
            "@_fa": "true",
            "$": "[9781467362634]"
        }
    ],
    "prism:pageRange": "36-39",
    "prism:coverDate": "2013-12-16",
    "prism:coverDisplayDate": "2013",
    "prism:doi": "10.1109/GAS.2013.6632588",
    "citedby-count": "25",
    "affiliation": [
        {
            "@_fa": "true",
            "affilname": "NC State College of Engineering",
            "affiliation-city": "Raleigh",
            "affiliation-country": "United States"
        }
    ],
    "prism:aggregationType": "Conference Proceeding",
    "subtype": "cp",
    "subtypeDescription": "Conference Paper",
    "article-number": "6632588",
    "source-id": "21100274253",
    "openaccess": "0",
    "openaccessFlag": false
}