{
    "@_fa": "true",
    "link": [
        {
            "@_fa": "true",
            "@ref": "self",
            "@href": "https://api.elsevier.com/content/abstract/scopus_id/84889823461"
        },
        {
            "@_fa": "true",
            "@ref": "author-affiliation",
            "@href": "https://api.elsevier.com/content/abstract/scopus_id/84889823461?field=author,affiliation"
        },
        {
            "@_fa": "true",
            "@ref": "scopus",
            "@href": "https://www.scopus.com/inward/record.uri?partnerID=HzOxMe3b&scp=84889823461&origin=inward"
        },
        {
            "@_fa": "true",
            "@ref": "scopus-citedby",
            "@href": "https://www.scopus.com/inward/citedby.uri?partnerID=HzOxMe3b&scp=84889823461&origin=inward"
        }
    ],
    "prism:url": "https://api.elsevier.com/content/abstract/scopus_id/84889823461",
    "dc:identifier": "SCOPUS_ID:84889823461",
    "eid": "2-s2.0-84889823461",
    "dc:title": "Designing an adaptive approach for the real-time assessment and augmentation of performance of cyber analyst teams",
    "dc:creator": "Bracken B.",
    "prism:publicationName": "Proceedings of the Human Factors and Ergonomics Society",
    "prism:issn": "10711813",
    "prism:isbn": [
        {
            "@_fa": "true",
            "$": "[9780945289432]"
        }
    ],
    "prism:pageRange": "124-128",
    "prism:coverDate": "2013-12-13",
    "prism:coverDisplayDate": "2013",
    "prism:doi": "10.1177/1541931213571029",
    "citedby-count": "2",
    "affiliation": [
        {
            "@_fa": "true",
            "affilname": "Charles River Analytics Inc",
            "affiliation-city": "Cambridge",
            "affiliation-country": "United States"
        }
    ],
    "prism:aggregationType": "Conference Proceeding",
    "subtype": "cp",
    "subtypeDescription": "Conference Paper",
    "source-id": "29757",
    "openaccess": "0",
    "openaccessFlag": false
}