{
    "@_fa": "true",
    "link": [
        {
            "@_fa": "true",
            "@ref": "self",
            "@href": "https://api.elsevier.com/content/abstract/scopus_id/84889073447"
        },
        {
            "@_fa": "true",
            "@ref": "author-affiliation",
            "@href": "https://api.elsevier.com/content/abstract/scopus_id/84889073447?field=author,affiliation"
        },
        {
            "@_fa": "true",
            "@ref": "scopus",
            "@href": "https://www.scopus.com/inward/record.uri?partnerID=HzOxMe3b&scp=84889073447&origin=inward"
        },
        {
            "@_fa": "true",
            "@ref": "scopus-citedby",
            "@href": "https://www.scopus.com/inward/citedby.uri?partnerID=HzOxMe3b&scp=84889073447&origin=inward"
        }
    ],
    "prism:url": "https://api.elsevier.com/content/abstract/scopus_id/84889073447",
    "dc:identifier": "SCOPUS_ID:84889073447",
    "eid": "2-s2.0-84889073447",
    "dc:title": "Software module real-time target: Improving development of embedded control system by including simulink generated code into existing code",
    "dc:creator": "Netland O.",
    "prism:publicationName": "Proceedings - 39th Euromicro Conference Series on Software Engineering and Advanced Applications, SEAA 2013",
    "prism:isbn": [
        {
            "@_fa": "true",
            "$": "[9780769550916]"
        }
    ],
    "prism:pageRange": "232-235",
    "prism:coverDate": "2013-12-09",
    "prism:coverDisplayDate": "2013",
    "prism:doi": "10.1109/SEAA.2013.51",
    "citedby-count": "4",
    "affiliation": [
        {
            "@_fa": "true",
            "affilname": "Norges Teknisk-Naturvitenskapelige Universitet",
            "affiliation-city": "Trondheim",
            "affiliation-country": "Norway"
        }
    ],
    "prism:aggregationType": "Conference Proceeding",
    "subtype": "cp",
    "subtypeDescription": "Conference Paper",
    "article-number": "6619516",
    "source-id": "21100269640",
    "openaccess": "0",
    "openaccessFlag": false
}