{
    "@_fa": "true",
    "link": [
        {
            "@_fa": "true",
            "@ref": "self",
            "@href": "https://api.elsevier.com/content/abstract/scopus_id/84888861687"
        },
        {
            "@_fa": "true",
            "@ref": "author-affiliation",
            "@href": "https://api.elsevier.com/content/abstract/scopus_id/84888861687?field=author,affiliation"
        },
        {
            "@_fa": "true",
            "@ref": "scopus",
            "@href": "https://www.scopus.com/inward/record.uri?partnerID=HzOxMe3b&scp=84888861687&origin=inward"
        },
        {
            "@_fa": "true",
            "@ref": "scopus-citedby",
            "@href": "https://www.scopus.com/inward/citedby.uri?partnerID=HzOxMe3b&scp=84888861687&origin=inward"
        }
    ],
    "prism:url": "https://api.elsevier.com/content/abstract/scopus_id/84888861687",
    "dc:identifier": "SCOPUS_ID:84888861687",
    "eid": "2-s2.0-84888861687",
    "dc:title": "Restoration of critical-sized defects in the rabbit mandible using autologous bone marrow stromal cells hybridized with nano- \u03b2-tricalcium phosphate/collagen scaffolds",
    "dc:creator": "Zhang X.",
    "prism:publicationName": "Journal of Nanomaterials",
    "prism:issn": "16874110",
    "prism:eIssn": "16874129",
    "prism:volume": "2013",
    "prism:pageRange": null,
    "prism:coverDate": "2013-12-06",
    "prism:coverDisplayDate": "2013",
    "prism:doi": "10.1155/2013/913438",
    "citedby-count": "9",
    "affiliation": [
        {
            "@_fa": "true",
            "affilname": "Tsinghua University",
            "affiliation-city": "Beijing",
            "affiliation-country": "China"
        },
        {
            "@_fa": "true",
            "affilname": "Peking University",
            "affiliation-city": "Beijing",
            "affiliation-country": "China"
        }
    ],
    "prism:aggregationType": "Journal",
    "subtype": "ar",
    "subtypeDescription": "Article",
    "article-number": "913438",
    "source-id": "4000151616",
    "openaccess": "1",
    "openaccessFlag": true,
    "freetoread": {
        "value": [
            {
                "$": "all"
            },
            {
                "$": "publisherhybridgold"
            }
        ]
    },
    "freetoreadLabel": {
        "value": [
            {
                "$": "All Open Access"
            },
            {
                "$": "Hybrid Gold"
            }
        ]
    }
}