{
    "@_fa": "true",
    "link": [
        {
            "@_fa": "true",
            "@ref": "self",
            "@href": "https://api.elsevier.com/content/abstract/scopus_id/84889032987"
        },
        {
            "@_fa": "true",
            "@ref": "author-affiliation",
            "@href": "https://api.elsevier.com/content/abstract/scopus_id/84889032987?field=author,affiliation"
        },
        {
            "@_fa": "true",
            "@ref": "scopus",
            "@href": "https://www.scopus.com/inward/record.uri?partnerID=HzOxMe3b&scp=84889032987&origin=inward"
        },
        {
            "@_fa": "true",
            "@ref": "scopus-citedby",
            "@href": "https://www.scopus.com/inward/citedby.uri?partnerID=HzOxMe3b&scp=84889032987&origin=inward"
        }
    ],
    "prism:url": "https://api.elsevier.com/content/abstract/scopus_id/84889032987",
    "dc:identifier": "SCOPUS_ID:84889032987",
    "eid": "2-s2.0-84889032987",
    "dc:title": "Application of the mittag-leffler expansion to sampling discontinuous signals",
    "dc:creator": "Corinthios M.",
    "prism:publicationName": "IET Signal Processing",
    "prism:issn": "17519675",
    "prism:eIssn": "17519683",
    "prism:volume": "7",
    "prism:issueIdentifier": "9",
    "prism:pageRange": "863-878",
    "prism:coverDate": "2013-12-09",
    "prism:coverDisplayDate": "2013",
    "prism:doi": "10.1049/iet-spr.2013.0019",
    "citedby-count": "2",
    "affiliation": [
        {
            "@_fa": "true",
            "affilname": "Polytechnique Montr\u00e9al",
            "affiliation-city": "Montreal",
            "affiliation-country": "Canada"
        }
    ],
    "prism:aggregationType": "Journal",
    "subtype": "ar",
    "subtypeDescription": "Article",
    "source-id": "6100153106",
    "openaccess": "0",
    "openaccessFlag": false
}