{
    "@_fa": "true",
    "link": [
        {
            "@_fa": "true",
            "@ref": "self",
            "@href": "https://api.elsevier.com/content/abstract/scopus_id/84884148923"
        },
        {
            "@_fa": "true",
            "@ref": "author-affiliation",
            "@href": "https://api.elsevier.com/content/abstract/scopus_id/84884148923?field=author,affiliation"
        },
        {
            "@_fa": "true",
            "@ref": "scopus",
            "@href": "https://www.scopus.com/inward/record.uri?partnerID=HzOxMe3b&scp=84884148923&origin=inward"
        },
        {
            "@_fa": "true",
            "@ref": "scopus-citedby",
            "@href": "https://www.scopus.com/inward/citedby.uri?partnerID=HzOxMe3b&scp=84884148923&origin=inward"
        },
        {
            "@_fa": "true",
            "@ref": "full-text",
            "@href": "https://api.elsevier.com/content/article/eid/1-s2.0-S092523121300427X"
        }
    ],
    "prism:url": "https://api.elsevier.com/content/abstract/scopus_id/84884148923",
    "dc:identifier": "SCOPUS_ID:84884148923",
    "eid": "2-s2.0-84884148923",
    "dc:title": "Identification of saccadic components in spinocerebellar ataxia applying an independent component analysis algorithm",
    "dc:creator": "Rojas F.",
    "prism:publicationName": "Neurocomputing",
    "prism:issn": "09252312",
    "prism:eIssn": "18728286",
    "prism:volume": "121",
    "prism:pageRange": "53-63",
    "prism:coverDate": "2013-12-09",
    "prism:coverDisplayDate": "9 December 2013",
    "prism:doi": "10.1016/j.neucom.2012.11.048",
    "pii": "S092523121300427X",
    "citedby-count": "2",
    "affiliation": [
        {
            "@_fa": "true",
            "affilname": "Universidad de Granada",
            "affiliation-city": "Granada",
            "affiliation-country": "Spain"
        }
    ],
    "prism:aggregationType": "Journal",
    "subtype": "ar",
    "subtypeDescription": "Article",
    "source-id": "24807",
    "openaccess": "0",
    "openaccessFlag": false
}