{
    "@_fa": "true",
    "link": [
        {
            "@_fa": "true",
            "@ref": "self",
            "@href": "https://api.elsevier.com/content/abstract/scopus_id/84890047468"
        },
        {
            "@_fa": "true",
            "@ref": "author-affiliation",
            "@href": "https://api.elsevier.com/content/abstract/scopus_id/84890047468?field=author,affiliation"
        },
        {
            "@_fa": "true",
            "@ref": "scopus",
            "@href": "https://www.scopus.com/inward/record.uri?partnerID=HzOxMe3b&scp=84890047468&origin=inward"
        },
        {
            "@_fa": "true",
            "@ref": "scopus-citedby",
            "@href": "https://www.scopus.com/inward/citedby.uri?partnerID=HzOxMe3b&scp=84890047468&origin=inward"
        }
    ],
    "prism:url": "https://api.elsevier.com/content/abstract/scopus_id/84890047468",
    "dc:identifier": "SCOPUS_ID:84890047468",
    "eid": "2-s2.0-84890047468",
    "dc:title": "The effect of external linkage on hub-spoke industrial cluster",
    "dc:creator": "Xia T.",
    "prism:publicationName": "Proceeding of the 2013 \"Suzhou-Silicon Valley-Beijing\" International Innovation Conference: Technology Innovation and Diasporas in a Global Era, SIIC 2013",
    "prism:isbn": [
        {
            "@_fa": "true",
            "$": "[9781479903399]"
        }
    ],
    "prism:pageRange": "132-139",
    "prism:coverDate": "2013-12-16",
    "prism:coverDisplayDate": "2013",
    "prism:doi": "10.1109/SIIC.2013.6624180",
    "citedby-count": "0",
    "affiliation": [
        {
            "@_fa": "true",
            "affilname": "Harbin Institute of Technology",
            "affiliation-city": "Harbin",
            "affiliation-country": "China"
        }
    ],
    "prism:aggregationType": "Conference Proceeding",
    "subtype": "cp",
    "subtypeDescription": "Conference Paper",
    "article-number": "6624180",
    "source-id": "21100274207",
    "openaccess": "0",
    "openaccessFlag": false
}