{
    "@_fa": "true",
    "link": [
        {
            "@_fa": "true",
            "@ref": "self",
            "@href": "https://api.elsevier.com/content/abstract/scopus_id/84890097313"
        },
        {
            "@_fa": "true",
            "@ref": "author-affiliation",
            "@href": "https://api.elsevier.com/content/abstract/scopus_id/84890097313?field=author,affiliation"
        },
        {
            "@_fa": "true",
            "@ref": "scopus",
            "@href": "https://www.scopus.com/inward/record.uri?partnerID=HzOxMe3b&scp=84890097313&origin=inward"
        },
        {
            "@_fa": "true",
            "@ref": "scopus-citedby",
            "@href": "https://www.scopus.com/inward/citedby.uri?partnerID=HzOxMe3b&scp=84890097313&origin=inward"
        }
    ],
    "prism:url": "https://api.elsevier.com/content/abstract/scopus_id/84890097313",
    "dc:identifier": "SCOPUS_ID:84890097313",
    "eid": "2-s2.0-84890097313",
    "dc:title": "Towards model checking of computer games with Java PathFinder",
    "dc:creator": "Shafiei N.",
    "prism:publicationName": "2013 3rd International Workshop on Games and Software Engineering: Engineering Computer Games to Enable Positive, Progressive Change, GAS 2013 - Proceedings",
    "prism:isbn": [
        {
            "@_fa": "true",
            "$": "[9781467362634]"
        }
    ],
    "prism:pageRange": "15-21",
    "prism:coverDate": "2013-12-16",
    "prism:coverDisplayDate": "2013",
    "prism:doi": "10.1109/GAS.2013.6632584",
    "citedby-count": "1",
    "affiliation": [
        {
            "@_fa": "true",
            "affilname": "York University",
            "affiliation-city": "Toronto",
            "affiliation-country": "Canada"
        }
    ],
    "prism:aggregationType": "Conference Proceeding",
    "subtype": "cp",
    "subtypeDescription": "Conference Paper",
    "article-number": "6632584",
    "source-id": "21100274253",
    "openaccess": "0",
    "openaccessFlag": false
}