{
    "@_fa": "true",
    "link": [
        {
            "@_fa": "true",
            "@ref": "self",
            "@href": "https://api.elsevier.com/content/abstract/scopus_id/84889861115"
        },
        {
            "@_fa": "true",
            "@ref": "author-affiliation",
            "@href": "https://api.elsevier.com/content/abstract/scopus_id/84889861115?field=author,affiliation"
        },
        {
            "@_fa": "true",
            "@ref": "scopus",
            "@href": "https://www.scopus.com/inward/record.uri?partnerID=HzOxMe3b&scp=84889861115&origin=inward"
        },
        {
            "@_fa": "true",
            "@ref": "scopus-citedby",
            "@href": "https://www.scopus.com/inward/citedby.uri?partnerID=HzOxMe3b&scp=84889861115&origin=inward"
        }
    ],
    "prism:url": "https://api.elsevier.com/content/abstract/scopus_id/84889861115",
    "dc:identifier": "SCOPUS_ID:84889861115",
    "eid": "2-s2.0-84889861115",
    "dc:title": "Looking or listening? : Impacts of secondary task timing and difficulty on tracking performance and modality selection",
    "dc:creator": "Mizobuchi S.",
    "prism:publicationName": "Proceedings of the Human Factors and Ergonomics Society",
    "prism:issn": "10711813",
    "prism:isbn": [
        {
            "@_fa": "true",
            "$": "[9780945289432]"
        }
    ],
    "prism:pageRange": "1894-1898",
    "prism:coverDate": "2013-12-13",
    "prism:coverDisplayDate": "2013",
    "prism:doi": "10.1177/1541931213571422",
    "citedby-count": "0",
    "affiliation": [
        {
            "@_fa": "true",
            "affilname": "University of Toronto",
            "affiliation-city": "Toronto",
            "affiliation-country": "Canada"
        },
        {
            "@_fa": "true",
            "affilname": "Vocalage Inc",
            "affiliation-city": "Toronto",
            "affiliation-country": "Canada"
        }
    ],
    "prism:aggregationType": "Conference Proceeding",
    "subtype": "cp",
    "subtypeDescription": "Conference Paper",
    "source-id": "29757",
    "openaccess": "0",
    "openaccessFlag": false
}