{
    "@_fa": "true",
    "link": [
        {
            "@_fa": "true",
            "@ref": "self",
            "@href": "https://api.elsevier.com/content/abstract/scopus_id/84901743323"
        },
        {
            "@_fa": "true",
            "@ref": "author-affiliation",
            "@href": "https://api.elsevier.com/content/abstract/scopus_id/84901743323?field=author,affiliation"
        },
        {
            "@_fa": "true",
            "@ref": "scopus",
            "@href": "https://www.scopus.com/inward/record.uri?partnerID=HzOxMe3b&scp=84901743323&origin=inward"
        },
        {
            "@_fa": "true",
            "@ref": "scopus-citedby",
            "@href": "https://www.scopus.com/inward/citedby.uri?partnerID=HzOxMe3b&scp=84901743323&origin=inward"
        }
    ],
    "prism:url": "https://api.elsevier.com/content/abstract/scopus_id/84901743323",
    "dc:identifier": "SCOPUS_ID:84901743323",
    "eid": "2-s2.0-84901743323",
    "dc:title": "Ice bonding strength detection of the super-hydrophobic coating",
    "dc:creator": "Huang Z.",
    "prism:publicationName": "Annual Report - Conference on Electrical Insulation and Dielectric Phenomena, CEIDP",
    "prism:issn": "00849162",
    "prism:isbn": [
        {
            "@_fa": "true",
            "$": "[9781479925964]"
        }
    ],
    "prism:pageRange": "434-437",
    "prism:coverDate": "2013-12-01",
    "prism:coverDisplayDate": "2013",
    "prism:doi": "10.1109/CEIDP.2013.6748156",
    "citedby-count": "2",
    "affiliation": [
        {
            "@_fa": "true",
            "affilname": "Chongqing University",
            "affiliation-city": "Chongqing",
            "affiliation-country": "China"
        }
    ],
    "prism:aggregationType": "Conference Proceeding",
    "subtype": "cp",
    "subtypeDescription": "Conference Paper",
    "article-number": "6748156",
    "source-id": "18789",
    "openaccess": "0",
    "openaccessFlag": false
}