{
    "@_fa": "true",
    "link": [
        {
            "@_fa": "true",
            "@ref": "self",
            "@href": "https://api.elsevier.com/content/abstract/scopus_id/84889012903"
        },
        {
            "@_fa": "true",
            "@ref": "author-affiliation",
            "@href": "https://api.elsevier.com/content/abstract/scopus_id/84889012903?field=author,affiliation"
        },
        {
            "@_fa": "true",
            "@ref": "scopus",
            "@href": "https://www.scopus.com/inward/record.uri?partnerID=HzOxMe3b&scp=84889012903&origin=inward"
        },
        {
            "@_fa": "true",
            "@ref": "scopus-citedby",
            "@href": "https://www.scopus.com/inward/citedby.uri?partnerID=HzOxMe3b&scp=84889012903&origin=inward"
        }
    ],
    "prism:url": "https://api.elsevier.com/content/abstract/scopus_id/84889012903",
    "dc:identifier": "SCOPUS_ID:84889012903",
    "eid": "2-s2.0-84889012903",
    "dc:title": "A nested microphone array for broadband audio signal processing",
    "dc:creator": "Moazzen I.",
    "prism:publicationName": "IEEE Pacific RIM Conference on Communications, Computers, and Signal Processing - Proceedings",
    "prism:isbn": [
        {
            "@_fa": "true",
            "$": "[9781479915019]"
        }
    ],
    "prism:pageRange": "377-382",
    "prism:coverDate": "2013-12-09",
    "prism:coverDisplayDate": "2013",
    "prism:doi": "10.1109/PACRIM.2013.6625506",
    "citedby-count": "3",
    "affiliation": [
        {
            "@_fa": "true",
            "affilname": "University of Victoria",
            "affiliation-city": "Victoria",
            "affiliation-country": "Canada"
        }
    ],
    "prism:aggregationType": "Conference Proceeding",
    "subtype": "cp",
    "subtypeDescription": "Conference Paper",
    "article-number": "6625506",
    "source-id": "18209",
    "openaccess": "0",
    "openaccessFlag": false
}