{
    "@_fa": "true",
    "link": [
        {
            "@_fa": "true",
            "@ref": "self",
            "@href": "https://api.elsevier.com/content/abstract/scopus_id/84890035735"
        },
        {
            "@_fa": "true",
            "@ref": "author-affiliation",
            "@href": "https://api.elsevier.com/content/abstract/scopus_id/84890035735?field=author,affiliation"
        },
        {
            "@_fa": "true",
            "@ref": "scopus",
            "@href": "https://www.scopus.com/inward/record.uri?partnerID=HzOxMe3b&scp=84890035735&origin=inward"
        },
        {
            "@_fa": "true",
            "@ref": "scopus-citedby",
            "@href": "https://www.scopus.com/inward/citedby.uri?partnerID=HzOxMe3b&scp=84890035735&origin=inward"
        }
    ],
    "prism:url": "https://api.elsevier.com/content/abstract/scopus_id/84890035735",
    "dc:identifier": "SCOPUS_ID:84890035735",
    "eid": "2-s2.0-84890035735",
    "dc:title": "Framework for real-time process modeling of supply chains",
    "dc:creator": "Moynihan P.",
    "prism:publicationName": "Proceedings - 5th International Conference on Intelligent Networking and Collaborative Systems, INCoS 2013",
    "prism:isbn": [
        {
            "@_fa": "true",
            "$": "[9780769549880]"
        }
    ],
    "prism:pageRange": "763-768",
    "prism:coverDate": "2013-12-16",
    "prism:coverDisplayDate": "2013",
    "prism:doi": "10.1109/INCoS.2013.146",
    "citedby-count": "1",
    "affiliation": [
        {
            "@_fa": "true",
            "affilname": "Victoria University",
            "affiliation-city": "Melbourne",
            "affiliation-country": "Australia"
        }
    ],
    "prism:aggregationType": "Conference Proceeding",
    "subtype": "cp",
    "subtypeDescription": "Conference Paper",
    "article-number": "6630529",
    "source-id": "21100274222",
    "openaccess": "0",
    "openaccessFlag": false
}