{
    "@_fa": "true",
    "link": [
        {
            "@_fa": "true",
            "@ref": "self",
            "@href": "https://api.elsevier.com/content/abstract/scopus_id/84890405941"
        },
        {
            "@_fa": "true",
            "@ref": "author-affiliation",
            "@href": "https://api.elsevier.com/content/abstract/scopus_id/84890405941?field=author,affiliation"
        },
        {
            "@_fa": "true",
            "@ref": "scopus",
            "@href": "https://www.scopus.com/inward/record.uri?partnerID=HzOxMe3b&scp=84890405941&origin=inward"
        },
        {
            "@_fa": "true",
            "@ref": "scopus-citedby",
            "@href": "https://www.scopus.com/inward/citedby.uri?partnerID=HzOxMe3b&scp=84890405941&origin=inward"
        }
    ],
    "prism:url": "https://api.elsevier.com/content/abstract/scopus_id/84890405941",
    "dc:identifier": "SCOPUS_ID:84890405941",
    "eid": "2-s2.0-84890405941",
    "dc:title": "Speaker adaptation using probabilistic linear discriminant analysis for continuous speech recognition",
    "dc:creator": "Jeong Y.",
    "prism:publicationName": "Electronics Letters",
    "prism:issn": "00135194",
    "prism:volume": "49",
    "prism:issueIdentifier": "25",
    "prism:pageRange": "1641-1643",
    "prism:coverDate": "2013-12-05",
    "prism:coverDisplayDate": "5 December 2013",
    "prism:doi": "10.1049/el.2013.2223",
    "citedby-count": "2",
    "affiliation": [
        {
            "@_fa": "true",
            "affilname": "Pusan National University",
            "affiliation-city": "Busan",
            "affiliation-country": "South Korea"
        }
    ],
    "prism:aggregationType": "Journal",
    "subtype": "ar",
    "subtypeDescription": "Article",
    "source-id": "24918",
    "openaccess": "0",
    "openaccessFlag": false
}