{
    "@_fa": "true",
    "link": [
        {
            "@_fa": "true",
            "@ref": "self",
            "@href": "https://api.elsevier.com/content/abstract/scopus_id/84897732562"
        },
        {
            "@_fa": "true",
            "@ref": "author-affiliation",
            "@href": "https://api.elsevier.com/content/abstract/scopus_id/84897732562?field=author,affiliation"
        },
        {
            "@_fa": "true",
            "@ref": "scopus",
            "@href": "https://www.scopus.com/inward/record.uri?partnerID=HzOxMe3b&scp=84897732562&origin=inward"
        },
        {
            "@_fa": "true",
            "@ref": "scopus-citedby",
            "@href": "https://www.scopus.com/inward/citedby.uri?partnerID=HzOxMe3b&scp=84897732562&origin=inward"
        }
    ],
    "prism:url": "https://api.elsevier.com/content/abstract/scopus_id/84897732562",
    "dc:identifier": "SCOPUS_ID:84897732562",
    "eid": "2-s2.0-84897732562",
    "dc:title": "Power active filter system implimentation for photovoltaic generation system (PVGS) used in standing alone zones",
    "dc:creator": "Madaci M.",
    "prism:publicationName": "2013 13th International Conference on Environment and Electrical Engineering, EEEIC 2013 - Conference Proceedings",
    "prism:isbn": [
        {
            "@_fa": "true",
            "$": "[9781479928026]"
        }
    ],
    "prism:pageRange": "74-79",
    "prism:coverDate": "2013-12-01",
    "prism:coverDisplayDate": "2013",
    "prism:doi": "10.1109/EEEIC-2.2013.6737886",
    "citedby-count": "0",
    "affiliation": [
        {
            "@_fa": "true",
            "affilname": "Universit\u00e9 Constantine 1",
            "affiliation-city": "Constantine",
            "affiliation-country": "Algeria"
        }
    ],
    "prism:aggregationType": "Conference Proceeding",
    "subtype": "cp",
    "subtypeDescription": "Conference Paper",
    "article-number": "6737886",
    "source-id": "21100291851",
    "openaccess": "0",
    "openaccessFlag": false
}