{
    "@_fa": "true",
    "link": [
        {
            "@_fa": "true",
            "@ref": "self",
            "@href": "https://api.elsevier.com/content/abstract/scopus_id/84890771131"
        },
        {
            "@_fa": "true",
            "@ref": "author-affiliation",
            "@href": "https://api.elsevier.com/content/abstract/scopus_id/84890771131?field=author,affiliation"
        },
        {
            "@_fa": "true",
            "@ref": "scopus",
            "@href": "https://www.scopus.com/inward/record.uri?partnerID=HzOxMe3b&scp=84890771131&origin=inward"
        },
        {
            "@_fa": "true",
            "@ref": "scopus-citedby",
            "@href": "https://www.scopus.com/inward/citedby.uri?partnerID=HzOxMe3b&scp=84890771131&origin=inward"
        }
    ],
    "prism:url": "https://api.elsevier.com/content/abstract/scopus_id/84890771131",
    "dc:identifier": "SCOPUS_ID:84890771131",
    "eid": "2-s2.0-84890771131",
    "dc:title": "Evolution, co-evolution, and complexity: An anniversary systems journey through the Grid",
    "dc:creator": "Walker G.",
    "prism:publicationName": "Civil Engineering and Environmental Systems",
    "prism:issn": "10286608",
    "prism:eIssn": "10290249",
    "prism:volume": "30",
    "prism:issueIdentifier": "3-4",
    "prism:pageRange": "249-262",
    "prism:coverDate": "2013-12-24",
    "prism:coverDisplayDate": "2013",
    "prism:doi": "10.1080/10286608.2013.865020",
    "citedby-count": "2",
    "affiliation": [
        {
            "@_fa": "true",
            "affilname": "Heriot-Watt University",
            "affiliation-city": "Edinburgh",
            "affiliation-country": "United Kingdom"
        }
    ],
    "prism:aggregationType": "Journal",
    "subtype": "ar",
    "subtypeDescription": "Article",
    "source-id": "15020",
    "openaccess": "0",
    "openaccessFlag": false
}