{
    "@_fa": "true",
    "link": [
        {
            "@_fa": "true",
            "@ref": "self",
            "@href": "https://api.elsevier.com/content/abstract/scopus_id/84890146803"
        },
        {
            "@_fa": "true",
            "@ref": "author-affiliation",
            "@href": "https://api.elsevier.com/content/abstract/scopus_id/84890146803?field=author,affiliation"
        },
        {
            "@_fa": "true",
            "@ref": "scopus",
            "@href": "https://www.scopus.com/inward/record.uri?partnerID=HzOxMe3b&scp=84890146803&origin=inward"
        },
        {
            "@_fa": "true",
            "@ref": "scopus-citedby",
            "@href": "https://www.scopus.com/inward/citedby.uri?partnerID=HzOxMe3b&scp=84890146803&origin=inward"
        }
    ],
    "prism:url": "https://api.elsevier.com/content/abstract/scopus_id/84890146803",
    "dc:identifier": "SCOPUS_ID:84890146803",
    "eid": "2-s2.0-84890146803",
    "dc:title": "Defect controlled magnetism in FeP/graphene/Ni(111)",
    "dc:creator": "Bhandary S.",
    "prism:publicationName": "Scientific Reports",
    "prism:eIssn": "20452322",
    "prism:volume": "3",
    "prism:pageRange": null,
    "prism:coverDate": "2013-12-03",
    "prism:coverDisplayDate": "3 December 2013",
    "prism:doi": "10.1038/srep03405",
    "pii": "SREP03405",
    "citedby-count": "28",
    "affiliation": [
        {
            "@_fa": "true",
            "affilname": "Uppsala Universitet",
            "affiliation-city": "Uppsala",
            "affiliation-country": "Sweden"
        }
    ],
    "prism:aggregationType": "Journal",
    "subtype": "ar",
    "subtypeDescription": "Article",
    "article-number": "3405",
    "source-id": "21100200805",
    "openaccess": "1",
    "openaccessFlag": true,
    "freetoread": {
        "value": [
            {
                "$": "all"
            },
            {
                "$": "publisherfullgold"
            }
        ]
    },
    "freetoreadLabel": {
        "value": [
            {
                "$": "All Open Access"
            },
            {
                "$": "Gold"
            }
        ]
    }
}