{
    "@_fa": "true",
    "link": [
        {
            "@_fa": "true",
            "@ref": "self",
            "@href": "https://api.elsevier.com/content/abstract/scopus_id/84929537663"
        },
        {
            "@_fa": "true",
            "@ref": "author-affiliation",
            "@href": "https://api.elsevier.com/content/abstract/scopus_id/84929537663?field=author,affiliation"
        },
        {
            "@_fa": "true",
            "@ref": "scopus",
            "@href": "https://www.scopus.com/inward/record.uri?partnerID=HzOxMe3b&scp=84929537663&origin=inward"
        },
        {
            "@_fa": "true",
            "@ref": "scopus-citedby",
            "@href": "https://www.scopus.com/inward/citedby.uri?partnerID=HzOxMe3b&scp=84929537663&origin=inward"
        }
    ],
    "prism:url": "https://api.elsevier.com/content/abstract/scopus_id/84929537663",
    "dc:identifier": "SCOPUS_ID:84929537663",
    "eid": "2-s2.0-84929537663",
    "dc:title": "Domain modeling and domain engineering: Key tasks in requirements engineering",
    "dc:creator": "Broy M.",
    "prism:publicationName": "Perspectives on the Future of Software Engineering: Essays in Honor of Dieter Rombach",
    "prism:isbn": [
        {
            "@_fa": "true",
            "$": "[9783642373954, 3642373941, 9783642373947]"
        }
    ],
    "prism:volume": "9783642373954",
    "prism:pageRange": "15-30",
    "prism:coverDate": "2013-12-01",
    "prism:coverDisplayDate": "1 December 2013",
    "prism:doi": "10.1007/978-3-642-37395-4_2",
    "citedby-count": "15",
    "affiliation": [
        {
            "@_fa": "true",
            "affilname": "Technische Universit\u00e4t M\u00fcnchen",
            "affiliation-city": "Munich",
            "affiliation-country": "Germany"
        }
    ],
    "prism:aggregationType": "Book",
    "subtype": "ch",
    "subtypeDescription": "Book Chapter",
    "source-id": "21100390442",
    "openaccess": "0",
    "openaccessFlag": false
}