{
    "@_fa": "true",
    "link": [
        {
            "@_fa": "true",
            "@ref": "self",
            "@href": "https://api.elsevier.com/content/abstract/scopus_id/84975744044"
        },
        {
            "@_fa": "true",
            "@ref": "author-affiliation",
            "@href": "https://api.elsevier.com/content/abstract/scopus_id/84975744044?field=author,affiliation"
        },
        {
            "@_fa": "true",
            "@ref": "scopus",
            "@href": "https://www.scopus.com/inward/record.uri?partnerID=HzOxMe3b&scp=84975744044&origin=inward"
        },
        {
            "@_fa": "true",
            "@ref": "scopus-citedby",
            "@href": "https://www.scopus.com/inward/citedby.uri?partnerID=HzOxMe3b&scp=84975744044&origin=inward"
        }
    ],
    "prism:url": "https://api.elsevier.com/content/abstract/scopus_id/84975744044",
    "dc:identifier": "SCOPUS_ID:84975744044",
    "eid": "2-s2.0-84975744044",
    "dc:title": "Frankenstein 2.0.: Identifying and characterising synthetic biology engineers in science fiction films",
    "dc:creator": "Meyer A.",
    "prism:publicationName": "Life Sciences, Society and Policy",
    "prism:eIssn": "21957819",
    "prism:volume": "9",
    "prism:issueIdentifier": "1",
    "prism:pageRange": null,
    "prism:coverDate": "2013-12-01",
    "prism:coverDisplayDate": "1 December 2013",
    "prism:doi": "10.1186/2195-7819-9-9",
    "citedby-count": "13",
    "affiliation": [
        {
            "@_fa": "true",
            "affilname": "Organisation for International Dialogue and Conflict Management (IDC)",
            "affiliation-city": "Vienna",
            "affiliation-country": "Austria"
        }
    ],
    "prism:aggregationType": "Journal",
    "subtype": "ar",
    "subtypeDescription": "Article",
    "article-number": "9",
    "source-id": "21100466413",
    "openaccess": "1",
    "openaccessFlag": true,
    "freetoread": {
        "value": [
            {
                "$": "all"
            },
            {
                "$": "publisherhybridgold"
            },
            {
                "$": "repository"
            },
            {
                "$": "repositoryvor"
            }
        ]
    },
    "freetoreadLabel": {
        "value": [
            {
                "$": "All Open Access"
            },
            {
                "$": "Hybrid Gold"
            },
            {
                "$": "Green"
            }
        ]
    }
}