{
    "@_fa": "true",
    "link": [
        {
            "@_fa": "true",
            "@ref": "self",
            "@href": "https://api.elsevier.com/content/abstract/scopus_id/84891073508"
        },
        {
            "@_fa": "true",
            "@ref": "author-affiliation",
            "@href": "https://api.elsevier.com/content/abstract/scopus_id/84891073508?field=author,affiliation"
        },
        {
            "@_fa": "true",
            "@ref": "scopus",
            "@href": "https://www.scopus.com/inward/record.uri?partnerID=HzOxMe3b&scp=84891073508&origin=inward"
        },
        {
            "@_fa": "true",
            "@ref": "scopus-citedby",
            "@href": "https://www.scopus.com/inward/citedby.uri?partnerID=HzOxMe3b&scp=84891073508&origin=inward"
        },
        {
            "@_fa": "true",
            "@ref": "full-text",
            "@href": "https://api.elsevier.com/content/article/eid/1-s2.0-S0006497120362674"
        }
    ],
    "prism:url": "https://api.elsevier.com/content/abstract/scopus_id/84891073508",
    "dc:identifier": "SCOPUS_ID:84891073508",
    "eid": "2-s2.0-84891073508",
    "dc:title": "New specs for arteriovenous identity",
    "dc:creator": "Conway E.M.",
    "prism:publicationName": "Blood",
    "prism:issn": "00064971",
    "prism:eIssn": "15280020",
    "prism:volume": "122",
    "prism:issueIdentifier": "24",
    "prism:pageRange": "3857-3858",
    "prism:coverDate": "2013-12-05",
    "prism:coverDisplayDate": "5 December 2013",
    "prism:doi": "10.1182/blood-2013-10-533141",
    "pii": "S0006497120362674",
    "citedby-count": "2",
    "affiliation": [
        {
            "@_fa": "true",
            "affilname": "The University of British Columbia",
            "affiliation-city": "Vancouver",
            "affiliation-country": "Canada"
        }
    ],
    "pubmed-id": "24311717",
    "prism:aggregationType": "Journal",
    "subtype": "re",
    "subtypeDescription": "Review",
    "source-id": "25454",
    "openaccess": "1",
    "openaccessFlag": true,
    "freetoread": {
        "value": [
            {
                "$": "all"
            },
            {
                "$": "publisherhybridgold"
            }
        ]
    },
    "freetoreadLabel": {
        "value": [
            {
                "$": "All Open Access"
            },
            {
                "$": "Hybrid Gold"
            }
        ]
    }
}