{
    "@_fa": "true",
    "link": [
        {
            "@_fa": "true",
            "@ref": "self",
            "@href": "https://api.elsevier.com/content/abstract/scopus_id/84900579184"
        },
        {
            "@_fa": "true",
            "@ref": "author-affiliation",
            "@href": "https://api.elsevier.com/content/abstract/scopus_id/84900579184?field=author,affiliation"
        },
        {
            "@_fa": "true",
            "@ref": "scopus",
            "@href": "https://www.scopus.com/inward/record.uri?partnerID=HzOxMe3b&scp=84900579184&origin=inward"
        },
        {
            "@_fa": "true",
            "@ref": "scopus-citedby",
            "@href": "https://www.scopus.com/inward/citedby.uri?partnerID=HzOxMe3b&scp=84900579184&origin=inward"
        }
    ],
    "prism:url": "https://api.elsevier.com/content/abstract/scopus_id/84900579184",
    "dc:identifier": "SCOPUS_ID:84900579184",
    "eid": "2-s2.0-84900579184",
    "dc:title": "Performance and safety assessment of the co-location of the near surface radioactive waste disposal facilities and borehole disposal concept in the Philippines",
    "dc:creator": "Palattao M.V.",
    "prism:publicationName": "Proceedings of the International Conference on Radioactive Waste Management and Environmental Remediation, ICEM",
    "prism:isbn": [
        {
            "@_fa": "true",
            "$": "[9780791856017]"
        }
    ],
    "prism:volume": "1",
    "prism:pageRange": null,
    "prism:coverDate": "2013-12-01",
    "prism:coverDisplayDate": "2013",
    "prism:doi": "10.1115/ICEM2013-96148",
    "citedby-count": "1",
    "affiliation": [
        {
            "@_fa": "true",
            "affilname": "Philippine Nuclear Research Institute",
            "affiliation-city": "Quezon City",
            "affiliation-country": "Philippines"
        }
    ],
    "prism:aggregationType": "Conference Proceeding",
    "subtype": "cp",
    "subtypeDescription": "Conference Paper",
    "article-number": "V001T01A028",
    "source-id": "93698",
    "openaccess": "0",
    "openaccessFlag": false
}