{
    "@_fa": "true",
    "link": [
        {
            "@_fa": "true",
            "@ref": "self",
            "@href": "https://api.elsevier.com/content/abstract/scopus_id/84888990518"
        },
        {
            "@_fa": "true",
            "@ref": "author-affiliation",
            "@href": "https://api.elsevier.com/content/abstract/scopus_id/84888990518?field=author,affiliation"
        },
        {
            "@_fa": "true",
            "@ref": "scopus",
            "@href": "https://www.scopus.com/inward/record.uri?partnerID=HzOxMe3b&scp=84888990518&origin=inward"
        },
        {
            "@_fa": "true",
            "@ref": "scopus-citedby",
            "@href": "https://www.scopus.com/inward/citedby.uri?partnerID=HzOxMe3b&scp=84888990518&origin=inward"
        }
    ],
    "prism:url": "https://api.elsevier.com/content/abstract/scopus_id/84888990518",
    "dc:identifier": "SCOPUS_ID:84888990518",
    "eid": "2-s2.0-84888990518",
    "dc:title": "Multidimensional data warehousing and mining - An approach for managing multiple reservoir ecosystems",
    "dc:creator": "Nimmagadda S.",
    "prism:publicationName": "IEEE International Conference on Industrial Informatics (INDIN)",
    "prism:issn": "19354576",
    "prism:isbn": [
        {
            "@_fa": "true",
            "$": "[9781479907526]"
        }
    ],
    "prism:pageRange": "529-534",
    "prism:coverDate": "2013-12-09",
    "prism:coverDisplayDate": "2013",
    "prism:doi": "10.1109/INDIN.2013.6622940",
    "citedby-count": "0",
    "affiliation": [
        {
            "@_fa": "true",
            "affilname": "Schlumberger Limited",
            "affiliation-city": "Sugar Land",
            "affiliation-country": "United States"
        }
    ],
    "prism:aggregationType": "Conference Proceeding",
    "subtype": "cp",
    "subtypeDescription": "Conference Paper",
    "article-number": "6622940",
    "source-id": "10900153316",
    "openaccess": "0",
    "openaccessFlag": false
}