{
    "@_fa": "true",
    "link": [
        {
            "@_fa": "true",
            "@ref": "self",
            "@href": "https://api.elsevier.com/content/abstract/scopus_id/84897878267"
        },
        {
            "@_fa": "true",
            "@ref": "author-affiliation",
            "@href": "https://api.elsevier.com/content/abstract/scopus_id/84897878267?field=author,affiliation"
        },
        {
            "@_fa": "true",
            "@ref": "scopus",
            "@href": "https://www.scopus.com/inward/record.uri?partnerID=HzOxMe3b&scp=84897878267&origin=inward"
        },
        {
            "@_fa": "true",
            "@ref": "scopus-citedby",
            "@href": "https://www.scopus.com/inward/citedby.uri?partnerID=HzOxMe3b&scp=84897878267&origin=inward"
        }
    ],
    "prism:url": "https://api.elsevier.com/content/abstract/scopus_id/84897878267",
    "dc:identifier": "SCOPUS_ID:84897878267",
    "eid": "2-s2.0-84897878267",
    "dc:title": "Noncontact temperature profiling of rotating cylinder by laser-ultrasonic sensing",
    "dc:creator": "Ihara I.",
    "prism:publicationName": "Proceedings of the International Conference on Sensing Technology, ICST",
    "prism:issn": "21568065",
    "prism:eIssn": "21568073",
    "prism:isbn": [
        {
            "@_fa": "true",
            "$": "[9781467352215]"
        }
    ],
    "prism:pageRange": "238-241",
    "prism:coverDate": "2013-12-01",
    "prism:coverDisplayDate": "2013",
    "prism:doi": "10.1109/ICSensT.2013.6727650",
    "citedby-count": "1",
    "affiliation": [
        {
            "@_fa": "true",
            "affilname": "Nagaoka University of Technology",
            "affiliation-city": "Nagaoka",
            "affiliation-country": "Japan"
        }
    ],
    "prism:aggregationType": "Conference Proceeding",
    "subtype": "cp",
    "subtypeDescription": "Conference Paper",
    "article-number": "6727650",
    "source-id": "21100198520",
    "openaccess": "0",
    "openaccessFlag": false
}