{
    "@_fa": "true",
    "link": [
        {
            "@_fa": "true",
            "@ref": "self",
            "@href": "https://api.elsevier.com/content/abstract/scopus_id/84890862600"
        },
        {
            "@_fa": "true",
            "@ref": "author-affiliation",
            "@href": "https://api.elsevier.com/content/abstract/scopus_id/84890862600?field=author,affiliation"
        },
        {
            "@_fa": "true",
            "@ref": "scopus",
            "@href": "https://www.scopus.com/inward/record.uri?partnerID=HzOxMe3b&scp=84890862600&origin=inward"
        },
        {
            "@_fa": "true",
            "@ref": "scopus-citedby",
            "@href": "https://www.scopus.com/inward/citedby.uri?partnerID=HzOxMe3b&scp=84890862600&origin=inward"
        }
    ],
    "prism:url": "https://api.elsevier.com/content/abstract/scopus_id/84890862600",
    "dc:identifier": "SCOPUS_ID:84890862600",
    "eid": "2-s2.0-84890862600",
    "dc:title": "Estimation of the regularisation parameter in Huber-MRF for image resolution enhancement",
    "dc:creator": "Ali Pitchay S.",
    "prism:publicationName": "Lecture Notes in Computer Science (including subseries Lecture Notes in Artificial Intelligence and Lecture Notes in Bioinformatics)",
    "prism:issn": "03029743",
    "prism:eIssn": "16113349",
    "prism:isbn": [
        {
            "@_fa": "true",
            "$": "[9783642412776]"
        }
    ],
    "prism:volume": "8206 LNCS",
    "prism:pageRange": "294-301",
    "prism:coverDate": "2013-12-27",
    "prism:coverDisplayDate": "2013",
    "prism:doi": "10.1007/978-3-642-41278-3_36",
    "citedby-count": "2",
    "affiliation": [
        {
            "@_fa": "true",
            "affilname": "Universiti Sains Islam Malaysia",
            "affiliation-city": "Nilai",
            "affiliation-country": "Malaysia"
        }
    ],
    "prism:aggregationType": "Book Series",
    "subtype": "cp",
    "subtypeDescription": "Conference Paper",
    "source-id": "25674",
    "openaccess": "0",
    "openaccessFlag": false
}