{
    "@_fa": "true",
    "link": [
        {
            "@_fa": "true",
            "@ref": "self",
            "@href": "https://api.elsevier.com/content/abstract/scopus_id/84889665774"
        },
        {
            "@_fa": "true",
            "@ref": "author-affiliation",
            "@href": "https://api.elsevier.com/content/abstract/scopus_id/84889665774?field=author,affiliation"
        },
        {
            "@_fa": "true",
            "@ref": "scopus",
            "@href": "https://www.scopus.com/inward/record.uri?partnerID=HzOxMe3b&scp=84889665774&origin=inward"
        },
        {
            "@_fa": "true",
            "@ref": "scopus-citedby",
            "@href": "https://www.scopus.com/inward/citedby.uri?partnerID=HzOxMe3b&scp=84889665774&origin=inward"
        }
    ],
    "prism:url": "https://api.elsevier.com/content/abstract/scopus_id/84889665774",
    "dc:identifier": "SCOPUS_ID:84889665774",
    "eid": "2-s2.0-84889665774",
    "dc:title": "Model-driven generative framework for automated OMG DDS performance testing in the cloud",
    "dc:creator": "An K.",
    "prism:publicationName": "SPLASH Indianapolis 2013; GPCE 2013 - Proceedings of the 12th International Conference on Generative Programming: Concepts and Experiences",
    "prism:isbn": [
        {
            "@_fa": "true",
            "$": "[9781450323734]"
        }
    ],
    "prism:pageRange": "179-182",
    "prism:coverDate": "2013-12-12",
    "prism:coverDisplayDate": "2013",
    "prism:doi": "10.1145/2517208.2517216",
    "citedby-count": "11",
    "affiliation": [
        {
            "@_fa": "true",
            "affilname": "Vanderbilt University",
            "affiliation-city": "Nashville",
            "affiliation-country": "United States"
        }
    ],
    "prism:aggregationType": "Conference Proceeding",
    "subtype": "cp",
    "subtypeDescription": "Conference Paper",
    "source-id": "21100273216",
    "openaccess": "0",
    "openaccessFlag": false
}