{
    "@_fa": "true",
    "link": [
        {
            "@_fa": "true",
            "@ref": "self",
            "@href": "https://api.elsevier.com/content/abstract/scopus_id/84884712856"
        },
        {
            "@_fa": "true",
            "@ref": "author-affiliation",
            "@href": "https://api.elsevier.com/content/abstract/scopus_id/84884712856?field=author,affiliation"
        },
        {
            "@_fa": "true",
            "@ref": "scopus",
            "@href": "https://www.scopus.com/inward/record.uri?partnerID=HzOxMe3b&scp=84884712856&origin=inward"
        },
        {
            "@_fa": "true",
            "@ref": "scopus-citedby",
            "@href": "https://www.scopus.com/inward/citedby.uri?partnerID=HzOxMe3b&scp=84884712856&origin=inward"
        },
        {
            "@_fa": "true",
            "@ref": "full-text",
            "@href": "https://api.elsevier.com/content/article/eid/1-s2.0-S0009250913005824"
        }
    ],
    "prism:url": "https://api.elsevier.com/content/abstract/scopus_id/84884712856",
    "dc:identifier": "SCOPUS_ID:84884712856",
    "eid": "2-s2.0-84884712856",
    "dc:title": "On the engineering part of solar hydrogen production from water splitting: Photoreactor design",
    "dc:creator": "Xing Z.",
    "prism:publicationName": "Chemical Engineering Science",
    "prism:issn": "00092509",
    "prism:volume": "104",
    "prism:pageRange": "125-146",
    "prism:coverDate": "2013-12-18",
    "prism:coverDisplayDate": "18 December 2013",
    "prism:doi": "10.1016/j.ces.2013.08.039",
    "pii": "S0009250913005824",
    "citedby-count": "92",
    "affiliation": [
        {
            "@_fa": "true",
            "affilname": "The University of Queensland",
            "affiliation-city": "Brisbane",
            "affiliation-country": "Australia"
        }
    ],
    "prism:aggregationType": "Journal",
    "subtype": "re",
    "subtypeDescription": "Review",
    "source-id": "16413",
    "openaccess": "0",
    "openaccessFlag": false
}