{
    "@_fa": "true",
    "link": [
        {
            "@_fa": "true",
            "@ref": "self",
            "@href": "https://api.elsevier.com/content/abstract/scopus_id/84887562068"
        },
        {
            "@_fa": "true",
            "@ref": "author-affiliation",
            "@href": "https://api.elsevier.com/content/abstract/scopus_id/84887562068?field=author,affiliation"
        },
        {
            "@_fa": "true",
            "@ref": "scopus",
            "@href": "https://www.scopus.com/inward/record.uri?partnerID=HzOxMe3b&scp=84887562068&origin=inward"
        },
        {
            "@_fa": "true",
            "@ref": "scopus-citedby",
            "@href": "https://www.scopus.com/inward/citedby.uri?partnerID=HzOxMe3b&scp=84887562068&origin=inward"
        },
        {
            "@_fa": "true",
            "@ref": "full-text",
            "@href": "https://api.elsevier.com/content/article/eid/1-s2.0-S0009250913007033"
        }
    ],
    "prism:url": "https://api.elsevier.com/content/abstract/scopus_id/84887562068",
    "dc:identifier": "SCOPUS_ID:84887562068",
    "eid": "2-s2.0-84887562068",
    "dc:title": "Internal mass transfer enhancement in flow-through catalytic membranes",
    "dc:creator": "Lopes J.P.",
    "prism:publicationName": "Chemical Engineering Science",
    "prism:issn": "00092509",
    "prism:volume": "104",
    "prism:pageRange": "1090-1106",
    "prism:coverDate": "2013-12-18",
    "prism:coverDisplayDate": "18 December 2013",
    "prism:doi": "10.1016/j.ces.2013.10.016",
    "pii": "S0009250913007033",
    "citedby-count": "3",
    "affiliation": [
        {
            "@_fa": "true",
            "affilname": "University of Cambridge",
            "affiliation-city": "Cambridge",
            "affiliation-country": "United Kingdom"
        }
    ],
    "prism:aggregationType": "Journal",
    "subtype": "ar",
    "subtypeDescription": "Article",
    "source-id": "16413",
    "openaccess": "0",
    "openaccessFlag": false
}