{
    "@_fa": "true",
    "link": [
        {
            "@_fa": "true",
            "@ref": "self",
            "@href": "https://api.elsevier.com/content/abstract/scopus_id/84890332258"
        },
        {
            "@_fa": "true",
            "@ref": "author-affiliation",
            "@href": "https://api.elsevier.com/content/abstract/scopus_id/84890332258?field=author,affiliation"
        },
        {
            "@_fa": "true",
            "@ref": "scopus",
            "@href": "https://www.scopus.com/inward/record.uri?partnerID=HzOxMe3b&scp=84890332258&origin=inward"
        },
        {
            "@_fa": "true",
            "@ref": "scopus-citedby",
            "@href": "https://www.scopus.com/inward/citedby.uri?partnerID=HzOxMe3b&scp=84890332258&origin=inward"
        }
    ],
    "prism:url": "https://api.elsevier.com/content/abstract/scopus_id/84890332258",
    "dc:identifier": "SCOPUS_ID:84890332258",
    "eid": "2-s2.0-84890332258",
    "dc:title": "Phase-apodisation technique to extend depth of field for high-frequency ultrasound imaging",
    "dc:creator": "Jeong J.",
    "prism:publicationName": "Electronics Letters",
    "prism:issn": "00135194",
    "prism:volume": "49",
    "prism:issueIdentifier": "25",
    "prism:pageRange": "1603-1605",
    "prism:coverDate": "2013-12-05",
    "prism:coverDisplayDate": "5 December 2013",
    "prism:doi": "10.1049/el.2013.2976",
    "citedby-count": "2",
    "affiliation": [
        {
            "@_fa": "true",
            "affilname": "Dongguk University, Seoul",
            "affiliation-city": "Seoul",
            "affiliation-country": "South Korea"
        }
    ],
    "prism:aggregationType": "Journal",
    "subtype": "ar",
    "subtypeDescription": "Article",
    "source-id": "24918",
    "openaccess": "0",
    "openaccessFlag": false
}