{
    "@_fa": "true",
    "link": [
        {
            "@_fa": "true",
            "@ref": "self",
            "@href": "https://api.elsevier.com/content/abstract/scopus_id/84890461329"
        },
        {
            "@_fa": "true",
            "@ref": "author-affiliation",
            "@href": "https://api.elsevier.com/content/abstract/scopus_id/84890461329?field=author,affiliation"
        },
        {
            "@_fa": "true",
            "@ref": "scopus",
            "@href": "https://www.scopus.com/inward/record.uri?partnerID=HzOxMe3b&scp=84890461329&origin=inward"
        },
        {
            "@_fa": "true",
            "@ref": "scopus-citedby",
            "@href": "https://www.scopus.com/inward/citedby.uri?partnerID=HzOxMe3b&scp=84890461329&origin=inward"
        }
    ],
    "prism:url": "https://api.elsevier.com/content/abstract/scopus_id/84890461329",
    "dc:identifier": "SCOPUS_ID:84890461329",
    "eid": "2-s2.0-84890461329",
    "dc:title": "Diabetes and other risk factors in patients with age-related macular degeneration",
    "dc:creator": "Mocanu V.",
    "prism:publicationName": "Romanian Journal of Diabetes, Nutrition and Metabolic Diseases",
    "prism:issn": "15838609",
    "prism:volume": "20",
    "prism:issueIdentifier": "4",
    "prism:pageRange": "369-378",
    "prism:coverDate": "2013-12-23",
    "prism:coverDisplayDate": "2013",
    "prism:doi": "10.2478/rjdnmd-2013-0036",
    "citedby-count": "0",
    "affiliation": [
        {
            "@_fa": "true",
            "affilname": "Universitatea de Medicina si Farmacie Victor Babes din Timisoara",
            "affiliation-city": "Timisoara",
            "affiliation-country": "Romania"
        }
    ],
    "prism:aggregationType": "Journal",
    "subtype": "ar",
    "subtypeDescription": "Article",
    "source-id": "21100199339",
    "openaccess": "0",
    "openaccessFlag": false
}