{
    "@_fa": "true",
    "link": [
        {
            "@_fa": "true",
            "@ref": "self",
            "@href": "https://api.elsevier.com/content/abstract/scopus_id/84891512464"
        },
        {
            "@_fa": "true",
            "@ref": "author-affiliation",
            "@href": "https://api.elsevier.com/content/abstract/scopus_id/84891512464?field=author,affiliation"
        },
        {
            "@_fa": "true",
            "@ref": "scopus",
            "@href": "https://www.scopus.com/inward/record.uri?partnerID=HzOxMe3b&scp=84891512464&origin=inward"
        },
        {
            "@_fa": "true",
            "@ref": "scopus-citedby",
            "@href": "https://www.scopus.com/inward/citedby.uri?partnerID=HzOxMe3b&scp=84891512464&origin=inward"
        }
    ],
    "prism:url": "https://api.elsevier.com/content/abstract/scopus_id/84891512464",
    "dc:identifier": "SCOPUS_ID:84891512464",
    "eid": "2-s2.0-84891512464",
    "dc:title": "Polycaprolactone scaffold engineered for sustained release of resveratrol: Therapeutic enhancement in bone tissue engineering",
    "dc:creator": "Kamath M.S.",
    "prism:publicationName": "International Journal of Nanomedicine",
    "prism:issn": "11769114",
    "prism:eIssn": "11782013",
    "prism:volume": "9",
    "prism:issueIdentifier": "1",
    "prism:pageRange": "183-195",
    "prism:coverDate": "2013-12-23",
    "prism:coverDisplayDate": "23 December 2013",
    "prism:doi": "10.2147/IJN.S49460",
    "citedby-count": "98",
    "affiliation": [
        {
            "@_fa": "true",
            "affilname": "SRM Institute of Science and Technology",
            "affiliation-city": "Kattankulathur",
            "affiliation-country": "India"
        }
    ],
    "pubmed-id": "24399875",
    "prism:aggregationType": "Journal",
    "subtype": "ar",
    "subtypeDescription": "Article",
    "source-id": "7700153108",
    "openaccess": "1",
    "openaccessFlag": true,
    "freetoread": {
        "value": [
            {
                "$": "all"
            },
            {
                "$": "publisherfullgold"
            }
        ]
    },
    "freetoreadLabel": {
        "value": [
            {
                "$": "All Open Access"
            },
            {
                "$": "Gold"
            }
        ]
    }
}