{
    "@_fa": "true",
    "link": [
        {
            "@_fa": "true",
            "@ref": "self",
            "@href": "https://api.elsevier.com/content/abstract/scopus_id/84890933173"
        },
        {
            "@_fa": "true",
            "@ref": "author-affiliation",
            "@href": "https://api.elsevier.com/content/abstract/scopus_id/84890933173?field=author,affiliation"
        },
        {
            "@_fa": "true",
            "@ref": "scopus",
            "@href": "https://www.scopus.com/inward/record.uri?partnerID=HzOxMe3b&scp=84890933173&origin=inward"
        },
        {
            "@_fa": "true",
            "@ref": "scopus-citedby",
            "@href": "https://www.scopus.com/inward/citedby.uri?partnerID=HzOxMe3b&scp=84890933173&origin=inward"
        }
    ],
    "prism:url": "https://api.elsevier.com/content/abstract/scopus_id/84890933173",
    "dc:identifier": "SCOPUS_ID:84890933173",
    "eid": "2-s2.0-84890933173",
    "dc:title": "Biopesticide patents",
    "dc:creator": "Klaic R.",
    "prism:publicationName": "Recent Patents on Engineering",
    "prism:issn": "18722121",
    "prism:volume": "7",
    "prism:issueIdentifier": "3",
    "prism:pageRange": "182-195",
    "prism:coverDate": "2013-12-30",
    "prism:coverDisplayDate": "2013",
    "prism:doi": "10.2174/187221210703131217163212",
    "citedby-count": "2",
    "affiliation": [
        {
            "@_fa": "true",
            "affilname": "Universidade Federal de Santa Maria",
            "affiliation-city": "Santa Maria",
            "affiliation-country": "Brazil"
        }
    ],
    "prism:aggregationType": "Journal",
    "subtype": "re",
    "subtypeDescription": "Review",
    "source-id": "11500153307",
    "openaccess": "0",
    "openaccessFlag": false
}