{
    "@_fa": "true",
    "link": [
        {
            "@_fa": "true",
            "@ref": "self",
            "@href": "https://api.elsevier.com/content/abstract/scopus_id/84890892284"
        },
        {
            "@_fa": "true",
            "@ref": "author-affiliation",
            "@href": "https://api.elsevier.com/content/abstract/scopus_id/84890892284?field=author,affiliation"
        },
        {
            "@_fa": "true",
            "@ref": "scopus",
            "@href": "https://www.scopus.com/inward/record.uri?partnerID=HzOxMe3b&scp=84890892284&origin=inward"
        },
        {
            "@_fa": "true",
            "@ref": "scopus-citedby",
            "@href": "https://www.scopus.com/inward/citedby.uri?partnerID=HzOxMe3b&scp=84890892284&origin=inward"
        }
    ],
    "prism:url": "https://api.elsevier.com/content/abstract/scopus_id/84890892284",
    "dc:identifier": "SCOPUS_ID:84890892284",
    "eid": "2-s2.0-84890892284",
    "dc:title": "Microstructural evolution and mechanical response of the surface of 18crnimo7-6 steel after multistep shot peening during annealing",
    "dc:creator": "Fu P.",
    "prism:publicationName": "Materials Transactions",
    "prism:issn": "13459678",
    "prism:volume": "54",
    "prism:issueIdentifier": "12",
    "prism:pageRange": "2180-2184",
    "prism:coverDate": "2013-12-30",
    "prism:coverDisplayDate": "2013",
    "prism:doi": "10.2320/matertrans.M2013287",
    "citedby-count": "4",
    "affiliation": [
        {
            "@_fa": "true",
            "affilname": "Liaocheng University",
            "affiliation-city": "Liaocheng",
            "affiliation-country": "China"
        },
        {
            "@_fa": "true",
            "affilname": "Shanghai Jiao Tong University",
            "affiliation-city": "Shanghai",
            "affiliation-country": "China"
        }
    ],
    "prism:aggregationType": "Journal",
    "subtype": "ar",
    "subtypeDescription": "Article",
    "source-id": "27302",
    "openaccess": "1",
    "openaccessFlag": true,
    "freetoread": {
        "value": [
            {
                "$": "all"
            },
            {
                "$": "publisherfree2read"
            }
        ]
    },
    "freetoreadLabel": {
        "value": [
            {
                "$": "All Open Access"
            },
            {
                "$": "Bronze"
            }
        ]
    }
}