{
    "@_fa": "true",
    "link": [
        {
            "@_fa": "true",
            "@ref": "self",
            "@href": "https://api.elsevier.com/content/abstract/scopus_id/84891783250"
        },
        {
            "@_fa": "true",
            "@ref": "author-affiliation",
            "@href": "https://api.elsevier.com/content/abstract/scopus_id/84891783250?field=author,affiliation"
        },
        {
            "@_fa": "true",
            "@ref": "scopus",
            "@href": "https://www.scopus.com/inward/record.uri?partnerID=HzOxMe3b&scp=84891783250&origin=inward"
        },
        {
            "@_fa": "true",
            "@ref": "scopus-citedby",
            "@href": "https://www.scopus.com/inward/citedby.uri?partnerID=HzOxMe3b&scp=84891783250&origin=inward"
        }
    ],
    "prism:url": "https://api.elsevier.com/content/abstract/scopus_id/84891783250",
    "dc:identifier": "SCOPUS_ID:84891783250",
    "eid": "2-s2.0-84891783250",
    "dc:title": "Engineering and war: Militarism, ethics, institutions, alternatives",
    "dc:creator": "Blue E.",
    "prism:publicationName": "Synthesis Lectures on Engineers, Technology, and Society",
    "prism:isbn": [
        {
            "@_fa": "true",
            "$": "[9781608458769]"
        }
    ],
    "prism:volume": "20",
    "prism:pageRange": "1-121",
    "prism:coverDate": "2013-12-19",
    "prism:coverDisplayDate": "19 December 2013",
    "prism:doi": "10.2200/S00548ED1V01Y201311ETS020",
    "citedby-count": "11",
    "affiliation": [
        {
            "@_fa": "true",
            "affilname": "The University of Western Australia",
            "affiliation-city": "Perth",
            "affiliation-country": "Australia"
        }
    ],
    "prism:aggregationType": "Book Series",
    "subtype": "re",
    "subtypeDescription": "Review",
    "source-id": "5000158706",
    "openaccess": "0",
    "openaccessFlag": false
}