{
    "@_fa": "true",
    "link": [
        {
            "@_fa": "true",
            "@ref": "self",
            "@href": "https://api.elsevier.com/content/abstract/scopus_id/84890826888"
        },
        {
            "@_fa": "true",
            "@ref": "author-affiliation",
            "@href": "https://api.elsevier.com/content/abstract/scopus_id/84890826888?field=author,affiliation"
        },
        {
            "@_fa": "true",
            "@ref": "scopus",
            "@href": "https://www.scopus.com/inward/record.uri?partnerID=HzOxMe3b&scp=84890826888&origin=inward"
        },
        {
            "@_fa": "true",
            "@ref": "scopus-citedby",
            "@href": "https://www.scopus.com/inward/citedby.uri?partnerID=HzOxMe3b&scp=84890826888&origin=inward"
        }
    ],
    "prism:url": "https://api.elsevier.com/content/abstract/scopus_id/84890826888",
    "dc:identifier": "SCOPUS_ID:84890826888",
    "eid": "2-s2.0-84890826888",
    "dc:title": "Research on hydrodynamics of carangiform mode robotic fish swimming under self-propulsion",
    "dc:creator": "Xia D.",
    "prism:publicationName": "Jixie Gongcheng Xuebao/Journal of Mechanical Engineering",
    "prism:issn": "05776686",
    "prism:volume": "49",
    "prism:issueIdentifier": "21",
    "prism:pageRange": "54-61",
    "prism:coverDate": "2013-12-26",
    "prism:coverDisplayDate": "2013",
    "prism:doi": "10.3901/JME.2013.21.054",
    "citedby-count": "7",
    "affiliation": [
        {
            "@_fa": "true",
            "affilname": "Southeast University",
            "affiliation-city": "Nanjing",
            "affiliation-country": "China"
        }
    ],
    "prism:aggregationType": "Journal",
    "subtype": "ar",
    "subtypeDescription": "Article",
    "source-id": "20948",
    "openaccess": "0",
    "openaccessFlag": false
}