{
    "@_fa": "true",
    "link": [
        {
            "@_fa": "true",
            "@ref": "self",
            "@href": "https://api.elsevier.com/content/abstract/scopus_id/84891943361"
        },
        {
            "@_fa": "true",
            "@ref": "author-affiliation",
            "@href": "https://api.elsevier.com/content/abstract/scopus_id/84891943361?field=author,affiliation"
        },
        {
            "@_fa": "true",
            "@ref": "scopus",
            "@href": "https://www.scopus.com/inward/record.uri?partnerID=HzOxMe3b&scp=84891943361&origin=inward"
        },
        {
            "@_fa": "true",
            "@ref": "scopus-citedby",
            "@href": "https://www.scopus.com/inward/citedby.uri?partnerID=HzOxMe3b&scp=84891943361&origin=inward"
        }
    ],
    "prism:url": "https://api.elsevier.com/content/abstract/scopus_id/84891943361",
    "dc:identifier": "SCOPUS_ID:84891943361",
    "eid": "2-s2.0-84891943361",
    "dc:title": "Study on workspace optimization of 3SPS+1PS parallel hip joint simulator",
    "dc:creator": "Cheng G.",
    "prism:publicationName": "Jixie Gongcheng Xuebao/Journal of Mechanical Engineering",
    "prism:issn": "05776686",
    "prism:volume": "49",
    "prism:issueIdentifier": "23",
    "prism:pageRange": "88-95",
    "prism:coverDate": "2013-12-05",
    "prism:coverDisplayDate": "5 December 2013",
    "prism:doi": "10.3901/JME.2013.23.088",
    "citedby-count": "2",
    "affiliation": [
        {
            "@_fa": "true",
            "affilname": "China University of Mining and Technology",
            "affiliation-city": "Xuzhou",
            "affiliation-country": "China"
        }
    ],
    "prism:aggregationType": "Journal",
    "subtype": "ar",
    "subtypeDescription": "Article",
    "source-id": "20948",
    "openaccess": "1",
    "openaccessFlag": true,
    "freetoread": {
        "value": [
            {
                "$": "all"
            },
            {
                "$": "publisherfree2read"
            }
        ]
    },
    "freetoreadLabel": {
        "value": [
            {
                "$": "All Open Access"
            },
            {
                "$": "Bronze"
            }
        ]
    }
}