{
    "@_fa": "true",
    "link": [
        {
            "@_fa": "true",
            "@ref": "self",
            "@href": "https://api.elsevier.com/content/abstract/scopus_id/84891404741"
        },
        {
            "@_fa": "true",
            "@ref": "author-affiliation",
            "@href": "https://api.elsevier.com/content/abstract/scopus_id/84891404741?field=author,affiliation"
        },
        {
            "@_fa": "true",
            "@ref": "scopus",
            "@href": "https://www.scopus.com/inward/record.uri?partnerID=HzOxMe3b&scp=84891404741&origin=inward"
        },
        {
            "@_fa": "true",
            "@ref": "scopus-citedby",
            "@href": "https://www.scopus.com/inward/citedby.uri?partnerID=HzOxMe3b&scp=84891404741&origin=inward"
        }
    ],
    "prism:url": "https://api.elsevier.com/content/abstract/scopus_id/84891404741",
    "dc:identifier": "SCOPUS_ID:84891404741",
    "eid": "2-s2.0-84891404741",
    "dc:title": "Stem-cell-based gene therapy for HIV infection",
    "dc:creator": "Zhen A.",
    "prism:publicationName": "Viruses",
    "prism:issn": "19994915",
    "prism:volume": "6",
    "prism:issueIdentifier": "1",
    "prism:pageRange": "1-12",
    "prism:coverDate": "2013-12-24",
    "prism:coverDisplayDate": "24 December 2013",
    "prism:doi": "10.3390/v6010001",
    "citedby-count": "25",
    "affiliation": [
        {
            "@_fa": "true",
            "affilname": "David Geffen School of Medicine at UCLA",
            "affiliation-city": "Los Angeles",
            "affiliation-country": "United States"
        }
    ],
    "pubmed-id": "24368413",
    "prism:aggregationType": "Journal",
    "subtype": "re",
    "subtypeDescription": "Review",
    "source-id": "19700188364",
    "openaccess": "1",
    "openaccessFlag": true,
    "freetoread": {
        "value": [
            {
                "$": "all"
            },
            {
                "$": "publisherfullgold"
            }
        ]
    },
    "freetoreadLabel": {
        "value": [
            {
                "$": "All Open Access"
            },
            {
                "$": "Gold"
            }
        ]
    }
}