{
    "@_fa": "true",
    "link": [
        {
            "@_fa": "true",
            "@ref": "self",
            "@href": "https://api.elsevier.com/content/abstract/scopus_id/84890259927"
        },
        {
            "@_fa": "true",
            "@ref": "author-affiliation",
            "@href": "https://api.elsevier.com/content/abstract/scopus_id/84890259927?field=author,affiliation"
        },
        {
            "@_fa": "true",
            "@ref": "scopus",
            "@href": "https://www.scopus.com/inward/record.uri?partnerID=HzOxMe3b&scp=84890259927&origin=inward"
        },
        {
            "@_fa": "true",
            "@ref": "scopus-citedby",
            "@href": "https://www.scopus.com/inward/citedby.uri?partnerID=HzOxMe3b&scp=84890259927&origin=inward"
        }
    ],
    "prism:url": "https://api.elsevier.com/content/abstract/scopus_id/84890259927",
    "dc:identifier": "SCOPUS_ID:84890259927",
    "eid": "2-s2.0-84890259927",
    "dc:title": "The National DNA Data Bank of Canada: A Quebecer perspective",
    "dc:creator": "Milot E.",
    "prism:publicationName": "Frontiers in Genetics",
    "prism:eIssn": "16648021",
    "prism:volume": "4",
    "prism:issueIdentifier": "NOV",
    "prism:pageRange": null,
    "prism:coverDate": "2013-12-18",
    "prism:coverDisplayDate": "2013",
    "prism:doi": "10.3389/fgene.2013.00249",
    "citedby-count": "11",
    "affiliation": [
        {
            "@_fa": "true",
            "affilname": "Universit\u00e9 de Sherbrooke, Facult\u00e9 de M\u00e9decine et des Sciences de la Sant\u00e9",
            "affiliation-city": "Sherbrooke",
            "affiliation-country": "Canada"
        }
    ],
    "prism:aggregationType": "Journal",
    "subtype": "sh",
    "subtypeDescription": "Short Survey",
    "article-number": "Article 249",
    "source-id": "21100236803",
    "openaccess": "1",
    "openaccessFlag": true,
    "freetoread": {
        "value": [
            {
                "$": "all"
            },
            {
                "$": "publisherfullgold"
            },
            {
                "$": "repository"
            },
            {
                "$": "repositoryvor"
            }
        ]
    },
    "freetoreadLabel": {
        "value": [
            {
                "$": "All Open Access"
            },
            {
                "$": "Gold"
            },
            {
                "$": "Green"
            }
        ]
    }
}