{
    "@_fa": "true",
    "link": [
        {
            "@_fa": "true",
            "@ref": "self",
            "@href": "https://api.elsevier.com/content/abstract/scopus_id/84889572094"
        },
        {
            "@_fa": "true",
            "@ref": "author-affiliation",
            "@href": "https://api.elsevier.com/content/abstract/scopus_id/84889572094?field=author,affiliation"
        },
        {
            "@_fa": "true",
            "@ref": "scopus",
            "@href": "https://www.scopus.com/inward/record.uri?partnerID=HzOxMe3b&scp=84889572094&origin=inward"
        },
        {
            "@_fa": "true",
            "@ref": "scopus-citedby",
            "@href": "https://www.scopus.com/inward/citedby.uri?partnerID=HzOxMe3b&scp=84889572094&origin=inward"
        }
    ],
    "prism:url": "https://api.elsevier.com/content/abstract/scopus_id/84889572094",
    "dc:identifier": "SCOPUS_ID:84889572094",
    "eid": "2-s2.0-84889572094",
    "dc:title": "Illumination of the spatial order of intracellular pH by genetically encoded pH-sensitive sensors",
    "dc:creator": "Ben\u010dina M.",
    "prism:publicationName": "Sensors (Switzerland)",
    "prism:issn": "14248220",
    "prism:volume": "13",
    "prism:issueIdentifier": "12",
    "prism:pageRange": "16736-16758",
    "prism:coverDate": "2013-12-05",
    "prism:coverDisplayDate": "5 December 2013",
    "prism:doi": "10.3390/s131216736",
    "citedby-count": "101",
    "affiliation": [
        {
            "@_fa": "true",
            "affilname": "National Institute of Chemistry Ljubljana",
            "affiliation-city": "Ljubljana",
            "affiliation-country": "Slovenia"
        },
        {
            "@_fa": "true",
            "affilname": "EN-FIST Center of Excellence",
            "affiliation-city": "Ljubljana",
            "affiliation-country": "Slovenia"
        }
    ],
    "pubmed-id": "24316570",
    "prism:aggregationType": "Journal",
    "subtype": "re",
    "subtypeDescription": "Review",
    "source-id": "130124",
    "openaccess": "1",
    "openaccessFlag": true,
    "freetoread": {
        "value": [
            {
                "$": "all"
            },
            {
                "$": "publisherfullgold"
            }
        ]
    },
    "freetoreadLabel": {
        "value": [
            {
                "$": "All Open Access"
            },
            {
                "$": "Gold"
            }
        ]
    }
}