{
    "@_fa": "true",
    "link": [
        {
            "@_fa": "true",
            "@ref": "self",
            "@href": "https://api.elsevier.com/content/abstract/scopus_id/84888794989"
        },
        {
            "@_fa": "true",
            "@ref": "author-affiliation",
            "@href": "https://api.elsevier.com/content/abstract/scopus_id/84888794989?field=author,affiliation"
        },
        {
            "@_fa": "true",
            "@ref": "scopus",
            "@href": "https://www.scopus.com/inward/record.uri?partnerID=HzOxMe3b&scp=84888794989&origin=inward"
        },
        {
            "@_fa": "true",
            "@ref": "scopus-citedby",
            "@href": "https://www.scopus.com/inward/citedby.uri?partnerID=HzOxMe3b&scp=84888794989&origin=inward"
        }
    ],
    "prism:url": "https://api.elsevier.com/content/abstract/scopus_id/84888794989",
    "dc:identifier": "SCOPUS_ID:84888794989",
    "eid": "2-s2.0-84888794989",
    "dc:title": "Microstructure and mechanical behavior of porous Ti-6Al-4V processed by spherical powder sintering",
    "dc:creator": "Reig L.",
    "prism:publicationName": "Materials",
    "prism:eIssn": "19961944",
    "prism:volume": "6",
    "prism:issueIdentifier": "10",
    "prism:pageRange": "4868-4878",
    "prism:coverDate": "2013-12-05",
    "prism:coverDisplayDate": "2013",
    "prism:doi": "10.3390/ma6104868",
    "citedby-count": "23",
    "affiliation": [
        {
            "@_fa": "true",
            "affilname": "Universidad Jaume I",
            "affiliation-city": "Castellon de la Plana",
            "affiliation-country": "Spain"
        }
    ],
    "prism:aggregationType": "Journal",
    "subtype": "ar",
    "subtypeDescription": "Article",
    "source-id": "76627",
    "openaccess": "1",
    "openaccessFlag": true,
    "freetoread": {
        "value": [
            {
                "$": "all"
            },
            {
                "$": "publisherfullgold"
            }
        ]
    },
    "freetoreadLabel": {
        "value": [
            {
                "$": "All Open Access"
            },
            {
                "$": "Gold"
            }
        ]
    }
}