{
    "@_fa": "true",
    "link": [
        {
            "@_fa": "true",
            "@ref": "self",
            "@href": "https://api.elsevier.com/content/abstract/scopus_id/84987739797"
        },
        {
            "@_fa": "true",
            "@ref": "author-affiliation",
            "@href": "https://api.elsevier.com/content/abstract/scopus_id/84987739797?field=author,affiliation"
        },
        {
            "@_fa": "true",
            "@ref": "scopus",
            "@href": "https://www.scopus.com/inward/record.uri?partnerID=HzOxMe3b&scp=84987739797&origin=inward"
        },
        {
            "@_fa": "true",
            "@ref": "scopus-citedby",
            "@href": "https://www.scopus.com/inward/citedby.uri?partnerID=HzOxMe3b&scp=84987739797&origin=inward"
        }
    ],
    "prism:url": "https://api.elsevier.com/content/abstract/scopus_id/84987739797",
    "dc:identifier": "SCOPUS_ID:84987739797",
    "eid": "2-s2.0-84987739797",
    "dc:title": "Computational engineering of low bandgap copolymers",
    "dc:creator": "Wykes M.",
    "prism:publicationName": "Frontiers in Chemistry",
    "prism:eIssn": "22962646",
    "prism:volume": "1",
    "prism:pageRange": null,
    "prism:coverDate": "2013-12-13",
    "prism:coverDisplayDate": "13 December 2013",
    "prism:doi": "10.3389/fchem.2013.00035",
    "citedby-count": "49",
    "affiliation": [
        {
            "@_fa": "true",
            "affilname": "IMDEA Nanociencia",
            "affiliation-city": "Madrid",
            "affiliation-country": "Spain"
        }
    ],
    "prism:aggregationType": "Journal",
    "subtype": "ar",
    "subtypeDescription": "Article",
    "article-number": "35",
    "source-id": "21100461983",
    "openaccess": "1",
    "openaccessFlag": true,
    "freetoread": {
        "value": [
            {
                "$": "all"
            },
            {
                "$": "publisherfullgold"
            },
            {
                "$": "repository"
            },
            {
                "$": "repositoryvor"
            }
        ]
    },
    "freetoreadLabel": {
        "value": [
            {
                "$": "All Open Access"
            },
            {
                "$": "Gold"
            },
            {
                "$": "Green"
            }
        ]
    }
}