{
    "@_fa": "true",
    "link": [
        {
            "@_fa": "true",
            "@ref": "self",
            "@href": "https://api.elsevier.com/content/abstract/scopus_id/84889036914"
        },
        {
            "@_fa": "true",
            "@ref": "author-affiliation",
            "@href": "https://api.elsevier.com/content/abstract/scopus_id/84889036914?field=author,affiliation"
        },
        {
            "@_fa": "true",
            "@ref": "scopus",
            "@href": "https://www.scopus.com/inward/record.uri?partnerID=HzOxMe3b&scp=84889036914&origin=inward"
        },
        {
            "@_fa": "true",
            "@ref": "scopus-citedby",
            "@href": "https://www.scopus.com/inward/citedby.uri?partnerID=HzOxMe3b&scp=84889036914&origin=inward"
        }
    ],
    "prism:url": "https://api.elsevier.com/content/abstract/scopus_id/84889036914",
    "dc:identifier": "SCOPUS_ID:84889036914",
    "eid": "2-s2.0-84889036914",
    "dc:title": "Creating design scenarios for elderly communities: Opportunity areas and positive behaviours",
    "dc:creator": "Allen J.",
    "prism:publicationName": "Assistive Technology Research Series",
    "prism:issn": "1383813X",
    "prism:eIssn": "18798071",
    "prism:isbn": [
        {
            "@_fa": "true",
            "$": "[9781614993032]"
        }
    ],
    "prism:volume": "33",
    "prism:pageRange": "1107-1113",
    "prism:coverDate": "2013-12-09",
    "prism:coverDisplayDate": "2013",
    "prism:doi": "10.3233/978-1-61499-304-9-1107",
    "citedby-count": "0",
    "affiliation": [
        {
            "@_fa": "true",
            "affilname": "Copenhagen Institute of Interaction Design",
            "affiliation-city": "Copenhagen",
            "affiliation-country": "Denmark"
        }
    ],
    "prism:aggregationType": "Book Series",
    "subtype": "cp",
    "subtypeDescription": "Conference Paper",
    "source-id": "21100211366",
    "openaccess": "0",
    "openaccessFlag": false
}