{
    "@_fa": "true",
    "link": [
        {
            "@_fa": "true",
            "@ref": "self",
            "@href": "https://api.elsevier.com/content/abstract/scopus_id/84890849945"
        },
        {
            "@_fa": "true",
            "@ref": "author-affiliation",
            "@href": "https://api.elsevier.com/content/abstract/scopus_id/84890849945?field=author,affiliation"
        },
        {
            "@_fa": "true",
            "@ref": "scopus",
            "@href": "https://www.scopus.com/inward/record.uri?partnerID=HzOxMe3b&scp=84890849945&origin=inward"
        },
        {
            "@_fa": "true",
            "@ref": "scopus-citedby",
            "@href": "https://www.scopus.com/inward/citedby.uri?partnerID=HzOxMe3b&scp=84890849945&origin=inward"
        }
    ],
    "prism:url": "https://api.elsevier.com/content/abstract/scopus_id/84890849945",
    "dc:identifier": "SCOPUS_ID:84890849945",
    "eid": "2-s2.0-84890849945",
    "dc:title": "Research on modeling and experiment of bionic pectoral fin of labriform",
    "dc:creator": "Liu Q.",
    "prism:publicationName": "Jixie Gongcheng Xuebao/Journal of Mechanical Engineering",
    "prism:issn": "05776686",
    "prism:volume": "49",
    "prism:issueIdentifier": "21",
    "prism:pageRange": "81-88",
    "prism:coverDate": "2013-12-26",
    "prism:coverDisplayDate": "2013",
    "prism:doi": "10.3901/JME.2013.21.081",
    "citedby-count": "1",
    "affiliation": [
        {
            "@_fa": "true",
            "affilname": "Jiangsu Ocean University",
            "affiliation-city": "Lianyungang",
            "affiliation-country": "China"
        },
        {
            "@_fa": "true",
            "affilname": "Jiangnan University",
            "affiliation-city": "Wuxi",
            "affiliation-country": "China"
        }
    ],
    "prism:aggregationType": "Journal",
    "subtype": "ar",
    "subtypeDescription": "Article",
    "source-id": "20948",
    "openaccess": "1",
    "openaccessFlag": true,
    "freetoread": {
        "value": [
            {
                "$": "all"
            },
            {
                "$": "publisherfree2read"
            }
        ]
    },
    "freetoreadLabel": {
        "value": [
            {
                "$": "All Open Access"
            },
            {
                "$": "Bronze"
            }
        ]
    }
}