{
    "@_fa": "true",
    "link": [
        {
            "@_fa": "true",
            "@ref": "self",
            "@href": "https://api.elsevier.com/content/abstract/scopus_id/84893838145"
        },
        {
            "@_fa": "true",
            "@ref": "author-affiliation",
            "@href": "https://api.elsevier.com/content/abstract/scopus_id/84893838145?field=author,affiliation"
        },
        {
            "@_fa": "true",
            "@ref": "scopus",
            "@href": "https://www.scopus.com/inward/record.uri?partnerID=HzOxMe3b&scp=84893838145&origin=inward"
        },
        {
            "@_fa": "true",
            "@ref": "scopus-citedby",
            "@href": "https://www.scopus.com/inward/citedby.uri?partnerID=HzOxMe3b&scp=84893838145&origin=inward"
        }
    ],
    "prism:url": "https://api.elsevier.com/content/abstract/scopus_id/84893838145",
    "dc:identifier": "SCOPUS_ID:84893838145",
    "eid": "2-s2.0-84893838145",
    "dc:title": "Research progress on surface biomodification of cardiovascular implanted biomaterials",
    "dc:creator": "Li G.C.",
    "prism:publicationName": "Gongneng Cailiao/Journal of Functional Materials",
    "prism:issn": "10019731",
    "prism:volume": "44",
    "prism:issueIdentifier": "24",
    "prism:pageRange": null,
    "prism:coverDate": "2013-12-30",
    "prism:coverDisplayDate": "30 December 2013",
    "prism:doi": "10.3969/j.issn.1001-9731.2013.24.002",
    "citedby-count": "0",
    "affiliation": [
        {
            "@_fa": "true",
            "affilname": "Huaiyin Institute of Technology",
            "affiliation-city": "Huainan",
            "affiliation-country": "China"
        },
        {
            "@_fa": "true",
            "affilname": "Nantong University",
            "affiliation-city": "Nantong",
            "affiliation-country": "China"
        },
        {
            "@_fa": "true",
            "affilname": "Southwest Jiaotong University",
            "affiliation-city": "Chengdu",
            "affiliation-country": "China"
        }
    ],
    "prism:aggregationType": "Journal",
    "subtype": "re",
    "subtypeDescription": "Review",
    "source-id": "21049",
    "openaccess": "0",
    "openaccessFlag": false
}