{
    "@_fa": "true",
    "link": [
        {
            "@_fa": "true",
            "@ref": "self",
            "@href": "https://api.elsevier.com/content/abstract/scopus_id/84894381592"
        },
        {
            "@_fa": "true",
            "@ref": "author-affiliation",
            "@href": "https://api.elsevier.com/content/abstract/scopus_id/84894381592?field=author,affiliation"
        },
        {
            "@_fa": "true",
            "@ref": "scopus",
            "@href": "https://www.scopus.com/inward/record.uri?partnerID=HzOxMe3b&scp=84894381592&origin=inward"
        },
        {
            "@_fa": "true",
            "@ref": "scopus-citedby",
            "@href": "https://www.scopus.com/inward/citedby.uri?partnerID=HzOxMe3b&scp=84894381592&origin=inward"
        }
    ],
    "prism:url": "https://api.elsevier.com/content/abstract/scopus_id/84894381592",
    "dc:identifier": "SCOPUS_ID:84894381592",
    "eid": "2-s2.0-84894381592",
    "dc:title": "Expression, characterization and fermentation optimization of keratinase from Bacillus Licheniformis in Escherichia Coli",
    "dc:creator": "Liu B.",
    "prism:publicationName": "Chinese Journal of Applied and Environmental Biology",
    "prism:issn": "1006687X",
    "prism:volume": "19",
    "prism:issueIdentifier": "6",
    "prism:pageRange": "997-1002",
    "prism:coverDate": "2013-12-25",
    "prism:coverDisplayDate": "25 December 2013",
    "prism:doi": "10.3724/SP.J.1145.2013.00997",
    "citedby-count": "0",
    "affiliation": [
        {
            "@_fa": "true",
            "affilname": "Jiangnan University",
            "affiliation-city": "Wuxi",
            "affiliation-country": "China"
        }
    ],
    "prism:aggregationType": "Journal",
    "subtype": "ar",
    "subtypeDescription": "Article",
    "source-id": "130078",
    "openaccess": "1",
    "openaccessFlag": true,
    "freetoread": {
        "value": [
            {
                "$": "all"
            },
            {
                "$": "publisherfree2read"
            }
        ]
    },
    "freetoreadLabel": {
        "value": [
            {
                "$": "All Open Access"
            },
            {
                "$": "Bronze"
            }
        ]
    }
}