{
    "@_fa": "true",
    "link": [
        {
            "@_fa": "true",
            "@ref": "self",
            "@href": "https://api.elsevier.com/content/abstract/scopus_id/84921054408"
        },
        {
            "@_fa": "true",
            "@ref": "author-affiliation",
            "@href": "https://api.elsevier.com/content/abstract/scopus_id/84921054408?field=author,affiliation"
        },
        {
            "@_fa": "true",
            "@ref": "scopus",
            "@href": "https://www.scopus.com/inward/record.uri?partnerID=HzOxMe3b&scp=84921054408&origin=inward"
        },
        {
            "@_fa": "true",
            "@ref": "scopus-citedby",
            "@href": "https://www.scopus.com/inward/citedby.uri?partnerID=HzOxMe3b&scp=84921054408&origin=inward"
        }
    ],
    "prism:url": "https://api.elsevier.com/content/abstract/scopus_id/84921054408",
    "dc:identifier": "SCOPUS_ID:84921054408",
    "eid": "2-s2.0-84921054408",
    "dc:title": "Addressing semantic geographic information systems",
    "dc:creator": "Pileggi S.F.",
    "prism:publicationName": "Future Internet",
    "prism:eIssn": "19995903",
    "prism:volume": "5",
    "prism:issueIdentifier": "4",
    "prism:pageRange": "585-590",
    "prism:coverDate": "2013-12-01",
    "prism:coverDisplayDate": "December 2013",
    "prism:doi": "10.3390/fi5040585",
    "citedby-count": "5",
    "affiliation": [
        {
            "@_fa": "true",
            "affilname": "The University of Auckland",
            "affiliation-city": "Auckland",
            "affiliation-country": "New Zealand"
        }
    ],
    "prism:aggregationType": "Journal",
    "subtype": "ed",
    "subtypeDescription": "Editorial",
    "source-id": "21100409311",
    "openaccess": "1",
    "openaccessFlag": true,
    "freetoread": {
        "value": [
            {
                "$": "all"
            },
            {
                "$": "publisherfullgold"
            }
        ]
    },
    "freetoreadLabel": {
        "value": [
            {
                "$": "All Open Access"
            },
            {
                "$": "Gold"
            }
        ]
    }
}