{
    "@_fa": "true",
    "link": [
        {
            "@_fa": "true",
            "@ref": "self",
            "@href": "https://api.elsevier.com/content/abstract/scopus_id/84890938211"
        },
        {
            "@_fa": "true",
            "@ref": "author-affiliation",
            "@href": "https://api.elsevier.com/content/abstract/scopus_id/84890938211?field=author,affiliation"
        },
        {
            "@_fa": "true",
            "@ref": "scopus",
            "@href": "https://www.scopus.com/inward/record.uri?partnerID=HzOxMe3b&scp=84890938211&origin=inward"
        },
        {
            "@_fa": "true",
            "@ref": "scopus-citedby",
            "@href": "https://www.scopus.com/inward/citedby.uri?partnerID=HzOxMe3b&scp=84890938211&origin=inward"
        }
    ],
    "prism:url": "https://api.elsevier.com/content/abstract/scopus_id/84890938211",
    "dc:identifier": "SCOPUS_ID:84890938211",
    "eid": "2-s2.0-84890938211",
    "dc:title": "Textile materials and structures with negative poisson's ratio-an Overview",
    "dc:creator": "Zhou M.",
    "prism:publicationName": "Journal of Fiber Bioengineering and Informatics",
    "prism:issn": "19408676",
    "prism:volume": "6",
    "prism:issueIdentifier": "4",
    "prism:pageRange": "349-367",
    "prism:coverDate": "2013-12-30",
    "prism:coverDisplayDate": "2013",
    "prism:doi": "10.3993/jfbi12201302",
    "citedby-count": "7",
    "affiliation": [
        {
            "@_fa": "true",
            "affilname": "Donghua University",
            "affiliation-city": "Shanghai",
            "affiliation-country": "China"
        }
    ],
    "prism:aggregationType": "Journal",
    "subtype": "ar",
    "subtypeDescription": "Article",
    "source-id": "21100207010",
    "openaccess": "0",
    "openaccessFlag": false
}