{
    "@_fa": "true",
    "link": [
        {
            "@_fa": "true",
            "@ref": "self",
            "@href": "https://api.elsevier.com/content/abstract/scopus_id/84889655325"
        },
        {
            "@_fa": "true",
            "@ref": "author-affiliation",
            "@href": "https://api.elsevier.com/content/abstract/scopus_id/84889655325?field=author,affiliation"
        },
        {
            "@_fa": "true",
            "@ref": "scopus",
            "@href": "https://www.scopus.com/inward/record.uri?partnerID=HzOxMe3b&scp=84889655325&origin=inward"
        },
        {
            "@_fa": "true",
            "@ref": "scopus-citedby",
            "@href": "https://www.scopus.com/inward/citedby.uri?partnerID=HzOxMe3b&scp=84889655325&origin=inward"
        },
        {
            "@_fa": "true",
            "@ref": "full-text",
            "@href": "https://api.elsevier.com/content/article/eid/1-s2.0-S1664042X13002948"
        }
    ],
    "prism:url": "https://api.elsevier.com/content/abstract/scopus_id/84889655325",
    "dc:identifier": "SCOPUS_ID:84889655325",
    "eid": "2-s2.0-84889655325",
    "dc:title": "Cell therapy of periodontium: From animal to human?",
    "dc:creator": "Trofin E.A.",
    "prism:publicationName": "Frontiers in Physiology",
    "prism:eIssn": "1664042X",
    "prism:volume": "4 NOV",
    "prism:pageRange": null,
    "prism:coverDate": "2013-12-12",
    "prism:coverDisplayDate": "2013",
    "prism:doi": "10.3389/fphys.2013.00325",
    "citedby-count": "21",
    "affiliation": [
        {
            "@_fa": "true",
            "affilname": "Universit\u00e9 Toulouse III - Paul Sabatier",
            "affiliation-city": "Toulouse",
            "affiliation-country": "France"
        },
        {
            "@_fa": "true",
            "affilname": "Universitat de Valencia, Facultad de Medicina y Odontologia",
            "affiliation-city": "Valencia",
            "affiliation-country": "Spain"
        }
    ],
    "prism:aggregationType": "Journal",
    "subtype": "sh",
    "subtypeDescription": "Short Survey",
    "article-number": "Article 325",
    "source-id": "21100215107",
    "openaccess": "1",
    "openaccessFlag": true,
    "freetoread": {
        "value": [
            {
                "$": "all"
            },
            {
                "$": "publisherfullgold"
            }
        ]
    },
    "freetoreadLabel": {
        "value": [
            {
                "$": "All Open Access"
            },
            {
                "$": "Gold"
            }
        ]
    }
}