{
    "@_fa": "true",
    "link": [
        {
            "@_fa": "true",
            "@ref": "self",
            "@href": "https://api.elsevier.com/content/abstract/scopus_id/84890839781"
        },
        {
            "@_fa": "true",
            "@ref": "author-affiliation",
            "@href": "https://api.elsevier.com/content/abstract/scopus_id/84890839781?field=author,affiliation"
        },
        {
            "@_fa": "true",
            "@ref": "scopus",
            "@href": "https://www.scopus.com/inward/record.uri?partnerID=HzOxMe3b&scp=84890839781&origin=inward"
        },
        {
            "@_fa": "true",
            "@ref": "scopus-citedby",
            "@href": "https://www.scopus.com/inward/citedby.uri?partnerID=HzOxMe3b&scp=84890839781&origin=inward"
        }
    ],
    "prism:url": "https://api.elsevier.com/content/abstract/scopus_id/84890839781",
    "dc:identifier": "SCOPUS_ID:84890839781",
    "eid": "2-s2.0-84890839781",
    "dc:title": "Numerical simulation of the Al<inf>2</inf>O<inf>3</inf>/ZrO<inf>2</inf> (Y<inf>2</inf>O<inf>3</inf>) ceramic cutting tool during cutting process's temperature fields and stress fields",
    "dc:creator": "Chen X.",
    "prism:publicationName": "Jixie Gongcheng Xuebao/Journal of Mechanical Engineering",
    "prism:issn": "05776686",
    "prism:volume": "49",
    "prism:issueIdentifier": "21",
    "prism:pageRange": "185-192",
    "prism:coverDate": "2013-12-26",
    "prism:coverDisplayDate": "2013",
    "prism:doi": "10.3901/JME.2013.21.185",
    "citedby-count": "0",
    "affiliation": [
        {
            "@_fa": "true",
            "affilname": "Shenyang University of Chemical Technology",
            "affiliation-city": "Shenyang",
            "affiliation-country": "China"
        }
    ],
    "prism:aggregationType": "Journal",
    "subtype": "ar",
    "subtypeDescription": "Article",
    "source-id": "20948",
    "openaccess": "1",
    "openaccessFlag": true,
    "freetoread": {
        "value": [
            {
                "$": "all"
            },
            {
                "$": "publisherfree2read"
            }
        ]
    },
    "freetoreadLabel": {
        "value": [
            {
                "$": "All Open Access"
            },
            {
                "$": "Bronze"
            }
        ]
    }
}