{
    "@_fa": "true",
    "link": [
        {
            "@_fa": "true",
            "@ref": "self",
            "@href": "https://api.elsevier.com/content/abstract/scopus_id/84892143600"
        },
        {
            "@_fa": "true",
            "@ref": "author-affiliation",
            "@href": "https://api.elsevier.com/content/abstract/scopus_id/84892143600?field=author,affiliation"
        },
        {
            "@_fa": "true",
            "@ref": "scopus",
            "@href": "https://www.scopus.com/inward/record.uri?partnerID=HzOxMe3b&scp=84892143600&origin=inward"
        },
        {
            "@_fa": "true",
            "@ref": "scopus-citedby",
            "@href": "https://www.scopus.com/inward/citedby.uri?partnerID=HzOxMe3b&scp=84892143600&origin=inward"
        }
    ],
    "prism:url": "https://api.elsevier.com/content/abstract/scopus_id/84892143600",
    "dc:identifier": "SCOPUS_ID:84892143600",
    "eid": "2-s2.0-84892143600",
    "dc:title": "Positive interaction of industrial and recycled steel fibres in fibre reinforced concrete",
    "dc:creator": "Bjegovic D.",
    "prism:publicationName": "Journal of Civil Engineering and Management",
    "prism:issn": "13923730",
    "prism:eIssn": "18223605",
    "prism:volume": "19",
    "prism:issueIdentifier": "SUPPL.1",
    "prism:pageRange": null,
    "prism:coverDate": "2013-12-19",
    "prism:coverDisplayDate": "19 December 2013",
    "prism:doi": "10.3846/13923730.2013.802710",
    "citedby-count": "58",
    "affiliation": [
        {
            "@_fa": "true",
            "affilname": "Sveu\u010dili\u0161te u Zagrebu, Gradevinski Fakultet",
            "affiliation-city": "Zagreb",
            "affiliation-country": "Croatia"
        }
    ],
    "prism:aggregationType": "Journal",
    "subtype": "ar",
    "subtypeDescription": "Article",
    "source-id": "16255",
    "openaccess": "1",
    "openaccessFlag": true,
    "freetoread": {
        "value": [
            {
                "$": "all"
            },
            {
                "$": "publisherhybridgold"
            }
        ]
    },
    "freetoreadLabel": {
        "value": [
            {
                "$": "All Open Access"
            },
            {
                "$": "Hybrid Gold"
            }
        ]
    }
}