{
    "@_fa": "true",
    "link": [
        {
            "@_fa": "true",
            "@ref": "self",
            "@href": "https://api.elsevier.com/content/abstract/scopus_id/84890855162"
        },
        {
            "@_fa": "true",
            "@ref": "author-affiliation",
            "@href": "https://api.elsevier.com/content/abstract/scopus_id/84890855162?field=author,affiliation"
        },
        {
            "@_fa": "true",
            "@ref": "scopus",
            "@href": "https://www.scopus.com/inward/record.uri?partnerID=HzOxMe3b&scp=84890855162&origin=inward"
        },
        {
            "@_fa": "true",
            "@ref": "scopus-citedby",
            "@href": "https://www.scopus.com/inward/citedby.uri?partnerID=HzOxMe3b&scp=84890855162&origin=inward"
        }
    ],
    "prism:url": "https://api.elsevier.com/content/abstract/scopus_id/84890855162",
    "dc:identifier": "SCOPUS_ID:84890855162",
    "eid": "2-s2.0-84890855162",
    "dc:title": "Mechanisms of accelerated degradation in the front cells of PEMFC stacks and some mitigation strategies",
    "dc:creator": "Li P.",
    "prism:publicationName": "Chinese Journal of Mechanical Engineering (English Edition)",
    "prism:issn": "10009345",
    "prism:volume": "26",
    "prism:issueIdentifier": "6",
    "prism:pageRange": "1250-1258",
    "prism:coverDate": "2013-12-26",
    "prism:coverDisplayDate": "2013",
    "prism:doi": "10.3901/CJME.2013.06.1250",
    "citedby-count": "5",
    "affiliation": [
        {
            "@_fa": "true",
            "affilname": "Beihang University",
            "affiliation-city": "Beijing",
            "affiliation-country": "China"
        }
    ],
    "prism:aggregationType": "Journal",
    "subtype": "ar",
    "subtypeDescription": "Article",
    "source-id": "19806",
    "openaccess": "0",
    "openaccessFlag": false
}