{
    "@_fa": "true",
    "link": [
        {
            "@_fa": "true",
            "@ref": "self",
            "@href": "https://api.elsevier.com/content/abstract/scopus_id/84891935872"
        },
        {
            "@_fa": "true",
            "@ref": "author-affiliation",
            "@href": "https://api.elsevier.com/content/abstract/scopus_id/84891935872?field=author,affiliation"
        },
        {
            "@_fa": "true",
            "@ref": "scopus",
            "@href": "https://www.scopus.com/inward/record.uri?partnerID=HzOxMe3b&scp=84891935872&origin=inward"
        },
        {
            "@_fa": "true",
            "@ref": "scopus-citedby",
            "@href": "https://www.scopus.com/inward/citedby.uri?partnerID=HzOxMe3b&scp=84891935872&origin=inward"
        }
    ],
    "prism:url": "https://api.elsevier.com/content/abstract/scopus_id/84891935872",
    "dc:identifier": "SCOPUS_ID:84891935872",
    "eid": "2-s2.0-84891935872",
    "dc:title": "Progress on vehicle dynamics stability control system",
    "dc:creator": "Li L.",
    "prism:publicationName": "Jixie Gongcheng Xuebao/Journal of Mechanical Engineering",
    "prism:issn": "05776686",
    "prism:volume": "49",
    "prism:issueIdentifier": "24",
    "prism:pageRange": "95-107",
    "prism:coverDate": "2013-12-20",
    "prism:coverDisplayDate": "20 December 2013",
    "prism:doi": "10.3901/JME.2013.24.095",
    "citedby-count": "39",
    "affiliation": [
        {
            "@_fa": "true",
            "affilname": "Tsinghua University",
            "affiliation-city": "Beijing",
            "affiliation-country": "China"
        }
    ],
    "prism:aggregationType": "Journal",
    "subtype": "ar",
    "subtypeDescription": "Article",
    "source-id": "20948",
    "openaccess": "0",
    "openaccessFlag": false
}