{
    "@_fa": "true",
    "link": [
        {
            "@_fa": "true",
            "@ref": "self",
            "@href": "https://api.elsevier.com/content/abstract/scopus_id/84889058727"
        },
        {
            "@_fa": "true",
            "@ref": "author-affiliation",
            "@href": "https://api.elsevier.com/content/abstract/scopus_id/84889058727?field=author,affiliation"
        },
        {
            "@_fa": "true",
            "@ref": "scopus",
            "@href": "https://www.scopus.com/inward/record.uri?partnerID=HzOxMe3b&scp=84889058727&origin=inward"
        },
        {
            "@_fa": "true",
            "@ref": "scopus-citedby",
            "@href": "https://www.scopus.com/inward/citedby.uri?partnerID=HzOxMe3b&scp=84889058727&origin=inward"
        }
    ],
    "prism:url": "https://api.elsevier.com/content/abstract/scopus_id/84889058727",
    "dc:identifier": "SCOPUS_ID:84889058727",
    "eid": "2-s2.0-84889058727",
    "dc:title": "Measuring the impact of a bespoke engineering referral service",
    "dc:creator": "Dalton H.",
    "prism:publicationName": "Assistive Technology Research Series",
    "prism:issn": "1383813X",
    "prism:eIssn": "18798071",
    "prism:isbn": [
        {
            "@_fa": "true",
            "$": "[9781614993032]"
        }
    ],
    "prism:volume": "33",
    "prism:pageRange": "1078-1083",
    "prism:coverDate": "2013-12-09",
    "prism:coverDisplayDate": "2013",
    "prism:doi": "10.3233/978-1-61499-304-9-1078",
    "citedby-count": "0",
    "affiliation": [
        {
            "@_fa": "true",
            "affilname": "Bath Institute of Medical Engineering",
            "affiliation-city": "Bath",
            "affiliation-country": "South Korea"
        }
    ],
    "prism:aggregationType": "Book Series",
    "subtype": "cp",
    "subtypeDescription": "Conference Paper",
    "source-id": "21100211366",
    "openaccess": "0",
    "openaccessFlag": false
}