{
    "@_fa": "true",
    "link": [
        {
            "@_fa": "true",
            "@ref": "self",
            "@href": "https://api.elsevier.com/content/abstract/scopus_id/84891953683"
        },
        {
            "@_fa": "true",
            "@ref": "author-affiliation",
            "@href": "https://api.elsevier.com/content/abstract/scopus_id/84891953683?field=author,affiliation"
        },
        {
            "@_fa": "true",
            "@ref": "scopus",
            "@href": "https://www.scopus.com/inward/record.uri?partnerID=HzOxMe3b&scp=84891953683&origin=inward"
        },
        {
            "@_fa": "true",
            "@ref": "scopus-citedby",
            "@href": "https://www.scopus.com/inward/citedby.uri?partnerID=HzOxMe3b&scp=84891953683&origin=inward"
        }
    ],
    "prism:url": "https://api.elsevier.com/content/abstract/scopus_id/84891953683",
    "dc:identifier": "SCOPUS_ID:84891953683",
    "eid": "2-s2.0-84891953683",
    "dc:title": "Review on vehicle sideslip angle estimation",
    "dc:creator": "Chen H.",
    "prism:publicationName": "Jixie Gongcheng Xuebao/Journal of Mechanical Engineering",
    "prism:issn": "05776686",
    "prism:volume": "49",
    "prism:issueIdentifier": "24",
    "prism:pageRange": "76-94",
    "prism:coverDate": "2013-12-20",
    "prism:coverDisplayDate": "20 December 2013",
    "prism:doi": "10.3901/JME.2013.24.076",
    "citedby-count": "23",
    "affiliation": [
        {
            "@_fa": "true",
            "affilname": "Tongji University",
            "affiliation-city": "Shanghai",
            "affiliation-country": "China"
        }
    ],
    "prism:aggregationType": "Journal",
    "subtype": "ar",
    "subtypeDescription": "Article",
    "source-id": "20948",
    "openaccess": "1",
    "openaccessFlag": true,
    "freetoread": {
        "value": [
            {
                "$": "all"
            },
            {
                "$": "publisherfree2read"
            }
        ]
    },
    "freetoreadLabel": {
        "value": [
            {
                "$": "All Open Access"
            },
            {
                "$": "Bronze"
            }
        ]
    }
}