{
    "@_fa": "true",
    "link": [
        {
            "@_fa": "true",
            "@ref": "self",
            "@href": "https://api.elsevier.com/content/abstract/scopus_id/84890854621"
        },
        {
            "@_fa": "true",
            "@ref": "author-affiliation",
            "@href": "https://api.elsevier.com/content/abstract/scopus_id/84890854621?field=author,affiliation"
        },
        {
            "@_fa": "true",
            "@ref": "scopus",
            "@href": "https://www.scopus.com/inward/record.uri?partnerID=HzOxMe3b&scp=84890854621&origin=inward"
        },
        {
            "@_fa": "true",
            "@ref": "scopus-citedby",
            "@href": "https://www.scopus.com/inward/citedby.uri?partnerID=HzOxMe3b&scp=84890854621&origin=inward"
        }
    ],
    "prism:url": "https://api.elsevier.com/content/abstract/scopus_id/84890854621",
    "dc:identifier": "SCOPUS_ID:84890854621",
    "eid": "2-s2.0-84890854621",
    "dc:title": "Effect of the cutter parameters and machining parameters on the interference in gear slicing",
    "dc:creator": "Chen X.",
    "prism:publicationName": "Chinese Journal of Mechanical Engineering (English Edition)",
    "prism:issn": "10009345",
    "prism:volume": "26",
    "prism:issueIdentifier": "6",
    "prism:pageRange": "1118-1126",
    "prism:coverDate": "2013-12-26",
    "prism:coverDisplayDate": "2013",
    "prism:doi": "10.3901/CJME.2013.06.1118",
    "citedby-count": "27",
    "affiliation": [
        {
            "@_fa": "true",
            "affilname": "Tianjin University",
            "affiliation-city": "Tianjin",
            "affiliation-country": "China"
        }
    ],
    "prism:aggregationType": "Journal",
    "subtype": "ar",
    "subtypeDescription": "Article",
    "source-id": "19806",
    "openaccess": "1",
    "openaccessFlag": true,
    "freetoread": {
        "value": [
            {
                "$": "all"
            },
            {
                "$": "publisherfree2read"
            }
        ]
    },
    "freetoreadLabel": {
        "value": [
            {
                "$": "All Open Access"
            },
            {
                "$": "Bronze"
            }
        ]
    }
}