{
    "@_fa": "true",
    "link": [
        {
            "@_fa": "true",
            "@ref": "self",
            "@href": "https://api.elsevier.com/content/abstract/scopus_id/84890847699"
        },
        {
            "@_fa": "true",
            "@ref": "author-affiliation",
            "@href": "https://api.elsevier.com/content/abstract/scopus_id/84890847699?field=author,affiliation"
        },
        {
            "@_fa": "true",
            "@ref": "scopus",
            "@href": "https://www.scopus.com/inward/record.uri?partnerID=HzOxMe3b&scp=84890847699&origin=inward"
        },
        {
            "@_fa": "true",
            "@ref": "scopus-citedby",
            "@href": "https://www.scopus.com/inward/citedby.uri?partnerID=HzOxMe3b&scp=84890847699&origin=inward"
        }
    ],
    "prism:url": "https://api.elsevier.com/content/abstract/scopus_id/84890847699",
    "dc:identifier": "SCOPUS_ID:84890847699",
    "eid": "2-s2.0-84890847699",
    "dc:title": "Economic and safe operation of parallel transformer considering hottest-spot temperature",
    "dc:creator": "Zhu L.",
    "prism:publicationName": "Dianli Zidonghua Shebei/Electric Power Automation Equipment",
    "prism:issn": "10066047",
    "prism:volume": "33",
    "prism:issueIdentifier": "10",
    "prism:pageRange": "95-100",
    "prism:coverDate": "2013-12-26",
    "prism:coverDisplayDate": "2013",
    "prism:doi": "10.3969/j.issn.1006-6047.2013.10.017",
    "citedby-count": "7",
    "affiliation": [
        {
            "@_fa": "true",
            "affilname": "Shanghai Jiao Tong University",
            "affiliation-city": "Shanghai",
            "affiliation-country": "China"
        }
    ],
    "prism:aggregationType": "Journal",
    "subtype": "ar",
    "subtypeDescription": "Article",
    "source-id": "4800152404",
    "openaccess": "0",
    "openaccessFlag": false
}