{
    "@_fa": "true",
    "link": [
        {
            "@_fa": "true",
            "@ref": "self",
            "@href": "https://api.elsevier.com/content/abstract/scopus_id/84890284267"
        },
        {
            "@_fa": "true",
            "@ref": "author-affiliation",
            "@href": "https://api.elsevier.com/content/abstract/scopus_id/84890284267?field=author,affiliation"
        },
        {
            "@_fa": "true",
            "@ref": "scopus",
            "@href": "https://www.scopus.com/inward/record.uri?partnerID=HzOxMe3b&scp=84890284267&origin=inward"
        },
        {
            "@_fa": "true",
            "@ref": "scopus-citedby",
            "@href": "https://www.scopus.com/inward/citedby.uri?partnerID=HzOxMe3b&scp=84890284267&origin=inward"
        }
    ],
    "prism:url": "https://api.elsevier.com/content/abstract/scopus_id/84890284267",
    "dc:identifier": "SCOPUS_ID:84890284267",
    "eid": "2-s2.0-84890284267",
    "dc:title": "Modified titanium surface-mediated effects on human bone marrow stromal cell response",
    "dc:creator": "Chaudhari A.",
    "prism:publicationName": "Materials",
    "prism:eIssn": "19961944",
    "prism:volume": "6",
    "prism:issueIdentifier": "12",
    "prism:pageRange": "5533-5548",
    "prism:coverDate": "2013-12-18",
    "prism:coverDisplayDate": "2013",
    "prism:doi": "10.3390/ma6125533",
    "citedby-count": "3",
    "affiliation": [
        {
            "@_fa": "true",
            "affilname": "KU Leuven\u2013 University Hospital Leuven",
            "affiliation-city": "Leuven",
            "affiliation-country": "Belgium"
        }
    ],
    "prism:aggregationType": "Journal",
    "subtype": "ar",
    "subtypeDescription": "Article",
    "source-id": "76627",
    "openaccess": "1",
    "openaccessFlag": true,
    "freetoread": {
        "value": [
            {
                "$": "all"
            },
            {
                "$": "publisherfullgold"
            }
        ]
    },
    "freetoreadLabel": {
        "value": [
            {
                "$": "All Open Access"
            },
            {
                "$": "Gold"
            }
        ]
    }
}