{
    "@_fa": "true",
    "link": [
        {
            "@_fa": "true",
            "@ref": "self",
            "@href": "https://api.elsevier.com/content/abstract/scopus_id/84924617159"
        },
        {
            "@_fa": "true",
            "@ref": "author-affiliation",
            "@href": "https://api.elsevier.com/content/abstract/scopus_id/84924617159?field=author,affiliation"
        },
        {
            "@_fa": "true",
            "@ref": "scopus",
            "@href": "https://www.scopus.com/inward/record.uri?partnerID=HzOxMe3b&scp=84924617159&origin=inward"
        },
        {
            "@_fa": "true",
            "@ref": "scopus-citedby",
            "@href": "https://www.scopus.com/inward/citedby.uri?partnerID=HzOxMe3b&scp=84924617159&origin=inward"
        }
    ],
    "prism:url": "https://api.elsevier.com/content/abstract/scopus_id/84924617159",
    "dc:identifier": "SCOPUS_ID:84924617159",
    "eid": "2-s2.0-84924617159",
    "dc:title": "Engineering microbial surfaces to degrade lignocellulosic biomass",
    "dc:creator": "Huang G.L.",
    "prism:publicationName": "Bioengineered",
    "prism:issn": "19491018",
    "prism:eIssn": "19491026",
    "prism:volume": "5",
    "prism:issueIdentifier": "3",
    "prism:pageRange": null,
    "prism:coverDate": "2013-12-18",
    "prism:coverDisplayDate": "18 December 2013",
    "prism:doi": "10.4161/bioe.27461",
    "citedby-count": "27",
    "affiliation": [
        {
            "@_fa": "true",
            "affilname": "UCLA-DOE Institute for Genomics and Proteomics",
            "affiliation-city": "Los Angeles",
            "affiliation-country": "United States"
        },
        {
            "@_fa": "true",
            "affilname": "University of California, Los Angeles",
            "affiliation-city": "Los Angeles",
            "affiliation-country": "United States"
        }
    ],
    "pubmed-id": "24430239",
    "prism:aggregationType": "Journal",
    "subtype": "re",
    "subtypeDescription": "Review",
    "source-id": "19700181104",
    "openaccess": "1",
    "openaccessFlag": true,
    "freetoread": {
        "value": [
            {
                "$": "all"
            },
            {
                "$": "publisherfullgold"
            }
        ]
    },
    "freetoreadLabel": {
        "value": [
            {
                "$": "All Open Access"
            },
            {
                "$": "Gold"
            }
        ]
    }
}