{
    "@_fa": "true",
    "link": [
        {
            "@_fa": "true",
            "@ref": "self",
            "@href": "https://api.elsevier.com/content/abstract/scopus_id/84889824066"
        },
        {
            "@_fa": "true",
            "@ref": "author-affiliation",
            "@href": "https://api.elsevier.com/content/abstract/scopus_id/84889824066?field=author,affiliation"
        },
        {
            "@_fa": "true",
            "@ref": "scopus",
            "@href": "https://www.scopus.com/inward/record.uri?partnerID=HzOxMe3b&scp=84889824066&origin=inward"
        },
        {
            "@_fa": "true",
            "@ref": "scopus-citedby",
            "@href": "https://www.scopus.com/inward/citedby.uri?partnerID=HzOxMe3b&scp=84889824066&origin=inward"
        }
    ],
    "prism:url": "https://api.elsevier.com/content/abstract/scopus_id/84889824066",
    "dc:identifier": "SCOPUS_ID:84889824066",
    "eid": "2-s2.0-84889824066",
    "dc:title": "Expression and purification of GST-FHL2 fusion protein",
    "dc:creator": "Yu H.",
    "prism:publicationName": "Genetics and Molecular Research",
    "prism:eIssn": "16765680",
    "prism:volume": "12",
    "prism:issueIdentifier": "4",
    "prism:pageRange": "6372-6378",
    "prism:coverDate": "2013-12-06",
    "prism:coverDisplayDate": "6 December 2013",
    "prism:doi": "10.4238/2013.December.6.4",
    "citedby-count": "8",
    "affiliation": [
        {
            "@_fa": "true",
            "affilname": "Guangdong Provincial People\u2019s Hospital of Southern Medical University",
            "affiliation-city": "Guangzhou",
            "affiliation-country": "China"
        }
    ],
    "pubmed-id": "24390986",
    "prism:aggregationType": "Journal",
    "subtype": "ar",
    "subtypeDescription": "Article",
    "source-id": "22190",
    "openaccess": "1",
    "openaccessFlag": true,
    "freetoread": {
        "value": [
            {
                "$": "all"
            },
            {
                "$": "publisherfree2read"
            }
        ]
    },
    "freetoreadLabel": {
        "value": [
            {
                "$": "All Open Access"
            },
            {
                "$": "Bronze"
            }
        ]
    }
}