{
    "@_fa": "true",
    "link": [
        {
            "@_fa": "true",
            "@ref": "self",
            "@href": "https://api.elsevier.com/content/abstract/scopus_id/84898106600"
        },
        {
            "@_fa": "true",
            "@ref": "author-affiliation",
            "@href": "https://api.elsevier.com/content/abstract/scopus_id/84898106600?field=author,affiliation"
        },
        {
            "@_fa": "true",
            "@ref": "scopus",
            "@href": "https://www.scopus.com/inward/record.uri?partnerID=HzOxMe3b&scp=84898106600&origin=inward"
        },
        {
            "@_fa": "true",
            "@ref": "scopus-citedby",
            "@href": "https://www.scopus.com/inward/citedby.uri?partnerID=HzOxMe3b&scp=84898106600&origin=inward"
        }
    ],
    "prism:url": "https://api.elsevier.com/content/abstract/scopus_id/84898106600",
    "dc:identifier": "SCOPUS_ID:84898106600",
    "eid": "2-s2.0-84898106600",
    "dc:title": "Earth building materials, production, and construction techniques",
    "dc:creator": "Niroumand H.",
    "prism:publicationName": "Cases on the Diffusion and Adoption of Sustainable Development Practices",
    "prism:isbn": [
        {
            "@_fa": "true",
            "$": "[9781466628427]"
        }
    ],
    "prism:pageRange": "119-146",
    "prism:coverDate": "2013-12-01",
    "prism:coverDisplayDate": "2013",
    "prism:doi": "10.4018/978-1-4666-2842-7.ch005",
    "citedby-count": "0",
    "affiliation": [
        {
            "@_fa": "true",
            "affilname": "Universiti Kebangsaan Malaysia",
            "affiliation-city": "Bangi",
            "affiliation-country": "Malaysia"
        }
    ],
    "prism:aggregationType": "Book",
    "subtype": "ch",
    "subtypeDescription": "Book Chapter",
    "source-id": "21100302574",
    "openaccess": "0",
    "openaccessFlag": false
}