{
    "@_fa": "true",
    "link": [
        {
            "@_fa": "true",
            "@ref": "self",
            "@href": "https://api.elsevier.com/content/abstract/scopus_id/84901548478"
        },
        {
            "@_fa": "true",
            "@ref": "author-affiliation",
            "@href": "https://api.elsevier.com/content/abstract/scopus_id/84901548478?field=author,affiliation"
        },
        {
            "@_fa": "true",
            "@ref": "scopus",
            "@href": "https://www.scopus.com/inward/record.uri?partnerID=HzOxMe3b&scp=84901548478&origin=inward"
        },
        {
            "@_fa": "true",
            "@ref": "scopus-citedby",
            "@href": "https://www.scopus.com/inward/citedby.uri?partnerID=HzOxMe3b&scp=84901548478&origin=inward"
        }
    ],
    "prism:url": "https://api.elsevier.com/content/abstract/scopus_id/84901548478",
    "dc:identifier": "SCOPUS_ID:84901548478",
    "eid": "2-s2.0-84901548478",
    "dc:title": "A comparative analysis of software engineering approaches for sequence analysis",
    "dc:creator": "Ahmad M.",
    "prism:publicationName": "Software Development Techniques for Constructive Information Systems Design",
    "prism:isbn": [
        {
            "@_fa": "true",
            "$": "[9781466636798]"
        }
    ],
    "prism:pageRange": "285-295",
    "prism:coverDate": "2013-12-01",
    "prism:coverDisplayDate": "2013",
    "prism:doi": "10.4018/978-1-4666-3679-8.ch014",
    "citedby-count": "0",
    "affiliation": [
        {
            "@_fa": "true",
            "affilname": "King Faisal University",
            "affiliation-city": "Al-Ahsa",
            "affiliation-country": "Saudi Arabia"
        }
    ],
    "prism:aggregationType": "Book",
    "subtype": "ch",
    "subtypeDescription": "Book Chapter",
    "source-id": "21100533730",
    "openaccess": "0",
    "openaccessFlag": false
}