{
    "@_fa": "true",
    "link": [
        {
            "@_fa": "true",
            "@ref": "self",
            "@href": "https://api.elsevier.com/content/abstract/scopus_id/84901566635"
        },
        {
            "@_fa": "true",
            "@ref": "author-affiliation",
            "@href": "https://api.elsevier.com/content/abstract/scopus_id/84901566635?field=author,affiliation"
        },
        {
            "@_fa": "true",
            "@ref": "scopus",
            "@href": "https://www.scopus.com/inward/record.uri?partnerID=HzOxMe3b&scp=84901566635&origin=inward"
        },
        {
            "@_fa": "true",
            "@ref": "scopus-citedby",
            "@href": "https://www.scopus.com/inward/citedby.uri?partnerID=HzOxMe3b&scp=84901566635&origin=inward"
        }
    ],
    "prism:url": "https://api.elsevier.com/content/abstract/scopus_id/84901566635",
    "dc:identifier": "SCOPUS_ID:84901566635",
    "eid": "2-s2.0-84901566635",
    "dc:title": "A constructive approach for conceptual database design",
    "dc:creator": "Locuratolo E.",
    "prism:publicationName": "Software Development Techniques for Constructive Information Systems Design",
    "prism:isbn": [
        {
            "@_fa": "true",
            "$": "[9781466636798]"
        }
    ],
    "prism:pageRange": "38-56",
    "prism:coverDate": "2013-12-01",
    "prism:coverDisplayDate": "2013",
    "prism:doi": "10.4018/978-1-4666-3679-8.ch002",
    "citedby-count": "2",
    "affiliation": [
        {
            "@_fa": "true",
            "affilname": "Consiglio Nazionale delle Ricerche",
            "affiliation-city": "Rome",
            "affiliation-country": "Italy"
        }
    ],
    "prism:aggregationType": "Book",
    "subtype": "ch",
    "subtypeDescription": "Book Chapter",
    "source-id": "21100533730",
    "openaccess": "0",
    "openaccessFlag": false
}