{
    "@_fa": "true",
    "link": [
        {
            "@_fa": "true",
            "@ref": "self",
            "@href": "https://api.elsevier.com/content/abstract/scopus_id/84890952834"
        },
        {
            "@_fa": "true",
            "@ref": "author-affiliation",
            "@href": "https://api.elsevier.com/content/abstract/scopus_id/84890952834?field=author,affiliation"
        },
        {
            "@_fa": "true",
            "@ref": "scopus",
            "@href": "https://www.scopus.com/inward/record.uri?partnerID=HzOxMe3b&scp=84890952834&origin=inward"
        },
        {
            "@_fa": "true",
            "@ref": "scopus-citedby",
            "@href": "https://www.scopus.com/inward/citedby.uri?partnerID=HzOxMe3b&scp=84890952834&origin=inward"
        }
    ],
    "prism:url": "https://api.elsevier.com/content/abstract/scopus_id/84890952834",
    "dc:identifier": "SCOPUS_ID:84890952834",
    "eid": "2-s2.0-84890952834",
    "dc:title": "Raising the awareness of development progress in distributed agile projects",
    "dc:creator": "Alyahya S.",
    "prism:publicationName": "Journal of Software",
    "prism:issn": "1796217X",
    "prism:volume": "8",
    "prism:issueIdentifier": "12",
    "prism:pageRange": "3066-3081",
    "prism:coverDate": "2013-12-30",
    "prism:coverDisplayDate": "2013",
    "prism:doi": "10.4304/jsw.8.12.3066-3081",
    "citedby-count": "7",
    "affiliation": [
        {
            "@_fa": "true",
            "affilname": "King Saud University",
            "affiliation-city": "Riyadh",
            "affiliation-country": "Saudi Arabia"
        }
    ],
    "prism:aggregationType": "Journal",
    "subtype": "ar",
    "subtypeDescription": "Article",
    "source-id": "19700186824",
    "openaccess": "0",
    "openaccessFlag": false
}