{
    "@_fa": "true",
    "link": [
        {
            "@_fa": "true",
            "@ref": "self",
            "@href": "https://api.elsevier.com/content/abstract/scopus_id/84890915021"
        },
        {
            "@_fa": "true",
            "@ref": "author-affiliation",
            "@href": "https://api.elsevier.com/content/abstract/scopus_id/84890915021?field=author,affiliation"
        },
        {
            "@_fa": "true",
            "@ref": "scopus",
            "@href": "https://www.scopus.com/inward/record.uri?partnerID=HzOxMe3b&scp=84890915021&origin=inward"
        },
        {
            "@_fa": "true",
            "@ref": "scopus-citedby",
            "@href": "https://www.scopus.com/inward/citedby.uri?partnerID=HzOxMe3b&scp=84890915021&origin=inward"
        }
    ],
    "prism:url": "https://api.elsevier.com/content/abstract/scopus_id/84890915021",
    "dc:identifier": "SCOPUS_ID:84890915021",
    "eid": "2-s2.0-84890915021",
    "dc:title": "Detecting null-dereference bugs via a backward analysis",
    "dc:creator": "Wang Q.",
    "prism:publicationName": "Journal of Software",
    "prism:issn": "1796217X",
    "prism:volume": "8",
    "prism:issueIdentifier": "12",
    "prism:pageRange": "3120-3131",
    "prism:coverDate": "2013-12-30",
    "prism:coverDisplayDate": "2013",
    "prism:doi": "10.4304/jsw.8.12.3120-3131",
    "citedby-count": "0",
    "affiliation": [
        {
            "@_fa": "true",
            "affilname": "Beijing University of Posts and Telecommunications",
            "affiliation-city": "Beijing",
            "affiliation-country": "China"
        }
    ],
    "prism:aggregationType": "Journal",
    "subtype": "ar",
    "subtypeDescription": "Article",
    "source-id": "19700186824",
    "openaccess": "0",
    "openaccessFlag": false
}