{
    "@_fa": "true",
    "link": [
        {
            "@_fa": "true",
            "@ref": "self",
            "@href": "https://api.elsevier.com/content/abstract/scopus_id/84907524367"
        },
        {
            "@_fa": "true",
            "@ref": "author-affiliation",
            "@href": "https://api.elsevier.com/content/abstract/scopus_id/84907524367?field=author,affiliation"
        },
        {
            "@_fa": "true",
            "@ref": "scopus",
            "@href": "https://www.scopus.com/inward/record.uri?partnerID=HzOxMe3b&scp=84907524367&origin=inward"
        },
        {
            "@_fa": "true",
            "@ref": "scopus-citedby",
            "@href": "https://www.scopus.com/inward/citedby.uri?partnerID=HzOxMe3b&scp=84907524367&origin=inward"
        }
    ],
    "prism:url": "https://api.elsevier.com/content/abstract/scopus_id/84907524367",
    "dc:identifier": "SCOPUS_ID:84907524367",
    "eid": "2-s2.0-84907524367",
    "dc:title": "Fair matchings and related problems",
    "dc:creator": "Huang C.C.",
    "prism:publicationName": "Leibniz International Proceedings in Informatics, LIPIcs",
    "prism:issn": "18688969",
    "prism:isbn": [
        {
            "@_fa": "true",
            "$": "[9783939897644]"
        }
    ],
    "prism:volume": "24",
    "prism:pageRange": "339-350",
    "prism:coverDate": "2013-12-01",
    "prism:coverDisplayDate": "1 December 2013",
    "prism:doi": "10.4230/LIPIcs.FSTTCS.2013.339",
    "citedby-count": "1",
    "affiliation": [
        {
            "@_fa": "true",
            "affilname": "Chalmers University of Technology",
            "affiliation-city": "Gothenburg",
            "affiliation-country": "Sweden"
        }
    ],
    "prism:aggregationType": "Conference Proceeding",
    "subtype": "cp",
    "subtypeDescription": "Conference Paper",
    "source-id": "21100244929",
    "openaccess": "0",
    "openaccessFlag": false
}