{
    "@_fa": "true",
    "link": [
        {
            "@_fa": "true",
            "@ref": "self",
            "@href": "https://api.elsevier.com/content/abstract/scopus_id/84956711725"
        },
        {
            "@_fa": "true",
            "@ref": "author-affiliation",
            "@href": "https://api.elsevier.com/content/abstract/scopus_id/84956711725?field=author,affiliation"
        },
        {
            "@_fa": "true",
            "@ref": "scopus",
            "@href": "https://www.scopus.com/inward/record.uri?partnerID=HzOxMe3b&scp=84956711725&origin=inward"
        },
        {
            "@_fa": "true",
            "@ref": "scopus-citedby",
            "@href": "https://www.scopus.com/inward/citedby.uri?partnerID=HzOxMe3b&scp=84956711725&origin=inward"
        }
    ],
    "prism:url": "https://api.elsevier.com/content/abstract/scopus_id/84956711725",
    "dc:identifier": "SCOPUS_ID:84956711725",
    "eid": "2-s2.0-84956711725",
    "dc:title": "Agent-based modeling for carpooling",
    "dc:creator": "Knapen L.",
    "prism:publicationName": "Data Science and Simulation in Transportation Research",
    "prism:isbn": [
        {
            "@_fa": "true",
            "$": "[9781466649217, 1466649208, 9781466649200]"
        }
    ],
    "prism:pageRange": "232-258",
    "prism:coverDate": "2013-12-31",
    "prism:coverDisplayDate": "December 31, 2013",
    "prism:doi": "10.4018/978-1-4666-4920-0.ch012",
    "citedby-count": "1",
    "affiliation": [
        {
            "@_fa": "true",
            "affilname": "Universiteit Hasselt",
            "affiliation-city": "Hasselt",
            "affiliation-country": "Belgium"
        }
    ],
    "prism:aggregationType": "Book",
    "subtype": "ch",
    "subtypeDescription": "Book Chapter",
    "source-id": "21100442814",
    "openaccess": "0",
    "openaccessFlag": false
}