{
    "@_fa": "true",
    "link": [
        {
            "@_fa": "true",
            "@ref": "self",
            "@href": "https://api.elsevier.com/content/abstract/scopus_id/84890503922"
        },
        {
            "@_fa": "true",
            "@ref": "author-affiliation",
            "@href": "https://api.elsevier.com/content/abstract/scopus_id/84890503922?field=author,affiliation"
        },
        {
            "@_fa": "true",
            "@ref": "scopus",
            "@href": "https://www.scopus.com/inward/record.uri?partnerID=HzOxMe3b&scp=84890503922&origin=inward"
        },
        {
            "@_fa": "true",
            "@ref": "scopus-citedby",
            "@href": "https://www.scopus.com/inward/citedby.uri?partnerID=HzOxMe3b&scp=84890503922&origin=inward"
        }
    ],
    "prism:url": "https://api.elsevier.com/content/abstract/scopus_id/84890503922",
    "dc:identifier": "SCOPUS_ID:84890503922",
    "eid": "2-s2.0-84890503922",
    "dc:title": "Effect of low-level laser irradiation on osteoblast-like cells cultured on porous hydroxyapatite scaffolds",
    "dc:creator": "Parenti S.I.",
    "prism:publicationName": "Annali dell'Istituto Superiore di Sanita",
    "prism:issn": "00212571",
    "prism:volume": "49",
    "prism:issueIdentifier": "3",
    "prism:pageRange": "255-260",
    "prism:coverDate": "2013-12-23",
    "prism:coverDisplayDate": "2013",
    "prism:doi": "10.4415/ANN_13_03_04",
    "citedby-count": "18",
    "affiliation": [
        {
            "@_fa": "true",
            "affilname": "Alma Mater Studiorum Universit\u00e0 di Bologna",
            "affiliation-city": "Bologna",
            "affiliation-country": "Italy"
        }
    ],
    "pubmed-id": "24071604",
    "prism:aggregationType": "Journal",
    "subtype": "ar",
    "subtypeDescription": "Article",
    "source-id": "39097",
    "openaccess": "0",
    "openaccessFlag": false
}