{
    "@_fa": "true",
    "link": [
        {
            "@_fa": "true",
            "@ref": "self",
            "@href": "https://api.elsevier.com/content/abstract/scopus_id/84898389465"
        },
        {
            "@_fa": "true",
            "@ref": "author-affiliation",
            "@href": "https://api.elsevier.com/content/abstract/scopus_id/84898389465?field=author,affiliation"
        },
        {
            "@_fa": "true",
            "@ref": "scopus",
            "@href": "https://www.scopus.com/inward/record.uri?partnerID=HzOxMe3b&scp=84898389465&origin=inward"
        },
        {
            "@_fa": "true",
            "@ref": "scopus-citedby",
            "@href": "https://www.scopus.com/inward/citedby.uri?partnerID=HzOxMe3b&scp=84898389465&origin=inward"
        }
    ],
    "prism:url": "https://api.elsevier.com/content/abstract/scopus_id/84898389465",
    "dc:identifier": "SCOPUS_ID:84898389465",
    "eid": "2-s2.0-84898389465",
    "dc:title": "Towards test-driven and architecture model-based security and resilience engineering",
    "dc:creator": "Saidane A.",
    "prism:publicationName": "Designing, Engineering, and Analyzing Reliable and Efficient Software",
    "prism:isbn": [
        {
            "@_fa": "true",
            "$": "[9781466629585]"
        }
    ],
    "prism:pageRange": "163-188",
    "prism:coverDate": "2013-12-01",
    "prism:coverDisplayDate": "2013",
    "prism:doi": "10.4018/978-1-4666-2958-5.ch010",
    "citedby-count": "1",
    "affiliation": [
        {
            "@_fa": "true",
            "affilname": "University of Luxembourg",
            "affiliation-city": "Esch-sur-Alzette",
            "affiliation-country": "Luxembourg"
        }
    ],
    "prism:aggregationType": "Book",
    "subtype": "ch",
    "subtypeDescription": "Book Chapter",
    "source-id": "21100302482",
    "openaccess": "0",
    "openaccessFlag": false
}