{
    "@_fa": "true",
    "link": [
        {
            "@_fa": "true",
            "@ref": "self",
            "@href": "https://api.elsevier.com/content/abstract/scopus_id/84889570634"
        },
        {
            "@_fa": "true",
            "@ref": "author-affiliation",
            "@href": "https://api.elsevier.com/content/abstract/scopus_id/84889570634?field=author,affiliation"
        },
        {
            "@_fa": "true",
            "@ref": "scopus",
            "@href": "https://www.scopus.com/inward/record.uri?partnerID=HzOxMe3b&scp=84889570634&origin=inward"
        },
        {
            "@_fa": "true",
            "@ref": "scopus-citedby",
            "@href": "https://www.scopus.com/inward/citedby.uri?partnerID=HzOxMe3b&scp=84889570634&origin=inward"
        }
    ],
    "prism:url": "https://api.elsevier.com/content/abstract/scopus_id/84889570634",
    "dc:identifier": "SCOPUS_ID:84889570634",
    "eid": "2-s2.0-84889570634",
    "dc:title": "OsKAT2 is the prevailing functional inward rectifier potassium channels in rice guard cell",
    "dc:creator": "Hwang H.",
    "prism:publicationName": "Plant Signaling and Behavior",
    "prism:issn": "15592316",
    "prism:eIssn": "15592324",
    "prism:volume": "8",
    "prism:issueIdentifier": "12",
    "prism:pageRange": null,
    "prism:coverDate": "2013-12-11",
    "prism:coverDisplayDate": "2013",
    "prism:doi": "10.4161/psb.26643",
    "citedby-count": "7",
    "affiliation": [
        {
            "@_fa": "true",
            "affilname": "Rural Development Administration",
            "affiliation-city": "Jeonju",
            "affiliation-country": "South Korea"
        }
    ],
    "pubmed-id": "24103920",
    "prism:aggregationType": "Journal",
    "subtype": "ar",
    "subtypeDescription": "Article",
    "article-number": "e26643",
    "source-id": "8200153106",
    "openaccess": "1",
    "openaccessFlag": true,
    "freetoread": {
        "value": [
            {
                "$": "all"
            },
            {
                "$": "publisherfree2read"
            },
            {
                "$": "repository"
            },
            {
                "$": "repositoryvor"
            }
        ]
    },
    "freetoreadLabel": {
        "value": [
            {
                "$": "All Open Access"
            },
            {
                "$": "Bronze"
            },
            {
                "$": "Green"
            }
        ]
    }
}