{
    "@_fa": "true",
    "link": [
        {
            "@_fa": "true",
            "@ref": "self",
            "@href": "https://api.elsevier.com/content/abstract/scopus_id/84891098841"
        },
        {
            "@_fa": "true",
            "@ref": "author-affiliation",
            "@href": "https://api.elsevier.com/content/abstract/scopus_id/84891098841?field=author,affiliation"
        },
        {
            "@_fa": "true",
            "@ref": "scopus",
            "@href": "https://www.scopus.com/inward/record.uri?partnerID=HzOxMe3b&scp=84891098841&origin=inward"
        },
        {
            "@_fa": "true",
            "@ref": "scopus-citedby",
            "@href": "https://www.scopus.com/inward/citedby.uri?partnerID=HzOxMe3b&scp=84891098841&origin=inward"
        }
    ],
    "prism:url": "https://api.elsevier.com/content/abstract/scopus_id/84891098841",
    "dc:identifier": "SCOPUS_ID:84891098841",
    "eid": "2-s2.0-84891098841",
    "dc:title": "Industry's feedback of new diploma program in industrial engineering",
    "dc:creator": "Mukahar N.",
    "prism:publicationName": "World Applied Sciences Journal",
    "prism:issn": "18184952",
    "prism:eIssn": "19916426",
    "prism:volume": "23",
    "prism:issueIdentifier": "23",
    "prism:pageRange": "103-108",
    "prism:coverDate": "2013-12-31",
    "prism:coverDisplayDate": "2013",
    "prism:doi": "10.5829/idosi.wasj.2013.23.eemcge.22018",
    "citedby-count": "0",
    "affiliation": [
        {
            "@_fa": "true",
            "affilname": "Universiti Teknologi MARA",
            "affiliation-city": "Shah Alam",
            "affiliation-country": "Malaysia"
        }
    ],
    "prism:aggregationType": "Journal",
    "subtype": "ar",
    "subtypeDescription": "Article",
    "source-id": "20500195146",
    "openaccess": "0",
    "openaccessFlag": false
}