{
    "@_fa": "true",
    "link": [
        {
            "@_fa": "true",
            "@ref": "self",
            "@href": "https://api.elsevier.com/content/abstract/scopus_id/84890901447"
        },
        {
            "@_fa": "true",
            "@ref": "author-affiliation",
            "@href": "https://api.elsevier.com/content/abstract/scopus_id/84890901447?field=author,affiliation"
        },
        {
            "@_fa": "true",
            "@ref": "scopus",
            "@href": "https://www.scopus.com/inward/record.uri?partnerID=HzOxMe3b&scp=84890901447&origin=inward"
        },
        {
            "@_fa": "true",
            "@ref": "scopus-citedby",
            "@href": "https://www.scopus.com/inward/citedby.uri?partnerID=HzOxMe3b&scp=84890901447&origin=inward"
        }
    ],
    "prism:url": "https://api.elsevier.com/content/abstract/scopus_id/84890901447",
    "dc:identifier": "SCOPUS_ID:84890901447",
    "eid": "2-s2.0-84890901447",
    "dc:title": "Post-earthquake ignition vulnerability assessment of K\u00fc\u00e7\u00fc k\u00e7ekmece district",
    "dc:creator": "Yildiz S.",
    "prism:publicationName": "Natural Hazards and Earth System Sciences",
    "prism:issn": "15618633",
    "prism:eIssn": "16849981",
    "prism:volume": "13",
    "prism:issueIdentifier": "12",
    "prism:pageRange": "3357-3368",
    "prism:coverDate": "2013-12-19",
    "prism:coverDisplayDate": "19 December 2013",
    "prism:doi": "10.5194/nhess-13-3357-2013",
    "citedby-count": "19",
    "affiliation": [
        {
            "@_fa": "true",
            "affilname": "Osmaniye Korkut Ata University",
            "affiliation-city": "Osmaniye",
            "affiliation-country": "Turkey"
        }
    ],
    "prism:aggregationType": "Journal",
    "subtype": "ar",
    "subtypeDescription": "Article",
    "source-id": "51166",
    "openaccess": "1",
    "openaccessFlag": true,
    "freetoread": {
        "value": [
            {
                "$": "all"
            },
            {
                "$": "publisherfullgold"
            },
            {
                "$": "repository"
            },
            {
                "$": "repositoryam"
            }
        ]
    },
    "freetoreadLabel": {
        "value": [
            {
                "$": "All Open Access"
            },
            {
                "$": "Gold"
            },
            {
                "$": "Green"
            }
        ]
    }
}