{
    "@_fa": "true",
    "link": [
        {
            "@_fa": "true",
            "@ref": "self",
            "@href": "https://api.elsevier.com/content/abstract/scopus_id/84890263214"
        },
        {
            "@_fa": "true",
            "@ref": "author-affiliation",
            "@href": "https://api.elsevier.com/content/abstract/scopus_id/84890263214?field=author,affiliation"
        },
        {
            "@_fa": "true",
            "@ref": "scopus",
            "@href": "https://www.scopus.com/inward/record.uri?partnerID=HzOxMe3b&scp=84890263214&origin=inward"
        },
        {
            "@_fa": "true",
            "@ref": "scopus-citedby",
            "@href": "https://www.scopus.com/inward/citedby.uri?partnerID=HzOxMe3b&scp=84890263214&origin=inward"
        }
    ],
    "prism:url": "https://api.elsevier.com/content/abstract/scopus_id/84890263214",
    "dc:identifier": "SCOPUS_ID:84890263214",
    "eid": "2-s2.0-84890263214",
    "dc:title": "Application of multichannel analysis of surface waves (MASW) for seismic hazard assessment: A case study in the Chong-Alay district, Kyrgyz Republic",
    "dc:creator": "Moura R.",
    "prism:publicationName": "International Multidisciplinary Scientific GeoConference Surveying Geology and Mining Ecology Management, SGEM",
    "prism:issn": "13142704",
    "prism:isbn": [
        {
            "@_fa": "true",
            "$": "[9789549181876]"
        }
    ],
    "prism:volume": "2",
    "prism:pageRange": "707-718",
    "prism:coverDate": "2013-12-18",
    "prism:coverDisplayDate": "2013",
    "prism:doi": "10.5593/SGEM2013/BA1.V2/S05.004",
    "citedby-count": "0",
    "affiliation": [
        {
            "@_fa": "true",
            "affilname": "Universidade do Porto",
            "affiliation-city": "Porto",
            "affiliation-country": "Portugal"
        }
    ],
    "prism:aggregationType": "Conference Proceeding",
    "subtype": "cp",
    "subtypeDescription": "Conference Paper",
    "source-id": "21100274701",
    "openaccess": "0",
    "openaccessFlag": false
}