{
    "@_fa": "true",
    "link": [
        {
            "@_fa": "true",
            "@ref": "self",
            "@href": "https://api.elsevier.com/content/abstract/scopus_id/84890492527"
        },
        {
            "@_fa": "true",
            "@ref": "author-affiliation",
            "@href": "https://api.elsevier.com/content/abstract/scopus_id/84890492527?field=author,affiliation"
        },
        {
            "@_fa": "true",
            "@ref": "scopus",
            "@href": "https://www.scopus.com/inward/record.uri?partnerID=HzOxMe3b&scp=84890492527&origin=inward"
        },
        {
            "@_fa": "true",
            "@ref": "scopus-citedby",
            "@href": "https://www.scopus.com/inward/citedby.uri?partnerID=HzOxMe3b&scp=84890492527&origin=inward"
        }
    ],
    "prism:url": "https://api.elsevier.com/content/abstract/scopus_id/84890492527",
    "dc:identifier": "SCOPUS_ID:84890492527",
    "eid": "2-s2.0-84890492527",
    "dc:title": "Configuration management maturity in scientific facilities",
    "dc:creator": "Niknam M.",
    "prism:publicationName": "International Journal of Advanced Robotic Systems",
    "prism:issn": "17298806",
    "prism:eIssn": "17298814",
    "prism:volume": "10",
    "prism:pageRange": null,
    "prism:coverDate": "2013-12-12",
    "prism:coverDisplayDate": "12 December 2013",
    "prism:doi": "10.5772/56853",
    "citedby-count": "10",
    "affiliation": [
        {
            "@_fa": "true",
            "affilname": "Karlsruher Institut f\u00fcr Technologie",
            "affiliation-city": "Karlsruhe",
            "affiliation-country": "Germany"
        }
    ],
    "prism:aggregationType": "Journal",
    "subtype": "ar",
    "subtypeDescription": "Article",
    "article-number": "A404",
    "source-id": "144749",
    "openaccess": "1",
    "openaccessFlag": true,
    "freetoread": {
        "value": [
            {
                "$": "all"
            },
            {
                "$": "publisherfullgold"
            }
        ]
    },
    "freetoreadLabel": {
        "value": [
            {
                "$": "All Open Access"
            },
            {
                "$": "Gold"
            }
        ]
    }
}