{
    "@_fa": "true",
    "link": [
        {
            "@_fa": "true",
            "@ref": "self",
            "@href": "https://api.elsevier.com/content/abstract/scopus_id/84890393394"
        },
        {
            "@_fa": "true",
            "@ref": "author-affiliation",
            "@href": "https://api.elsevier.com/content/abstract/scopus_id/84890393394?field=author,affiliation"
        },
        {
            "@_fa": "true",
            "@ref": "scopus",
            "@href": "https://www.scopus.com/inward/record.uri?partnerID=HzOxMe3b&scp=84890393394&origin=inward"
        },
        {
            "@_fa": "true",
            "@ref": "scopus-citedby",
            "@href": "https://www.scopus.com/inward/citedby.uri?partnerID=HzOxMe3b&scp=84890393394&origin=inward"
        }
    ],
    "prism:url": "https://api.elsevier.com/content/abstract/scopus_id/84890393394",
    "dc:identifier": "SCOPUS_ID:84890393394",
    "eid": "2-s2.0-84890393394",
    "dc:title": "Scalable and secure information-centric networking",
    "dc:creator": "Yan Z.",
    "prism:publicationName": "Journal of Internet Technology",
    "prism:issn": "16079264",
    "prism:eIssn": "20794029",
    "prism:volume": "14",
    "prism:issueIdentifier": "6",
    "prism:pageRange": "867-880",
    "prism:coverDate": "2013-12-19",
    "prism:coverDisplayDate": "2013",
    "prism:doi": "10.6138/JIT.2013.14.6.01",
    "citedby-count": "5",
    "affiliation": [
        {
            "@_fa": "true",
            "affilname": "Chinese Academy of Sciences",
            "affiliation-city": "Beijing",
            "affiliation-country": "China"
        }
    ],
    "prism:aggregationType": "Journal",
    "subtype": "ar",
    "subtypeDescription": "Article",
    "source-id": "17604",
    "openaccess": "0",
    "openaccessFlag": false
}