{
    "@_fa": "true",
    "link": [
        {
            "@_fa": "true",
            "@ref": "self",
            "@href": "https://api.elsevier.com/content/abstract/scopus_id/84890400991"
        },
        {
            "@_fa": "true",
            "@ref": "author-affiliation",
            "@href": "https://api.elsevier.com/content/abstract/scopus_id/84890400991?field=author,affiliation"
        },
        {
            "@_fa": "true",
            "@ref": "scopus",
            "@href": "https://www.scopus.com/inward/record.uri?partnerID=HzOxMe3b&scp=84890400991&origin=inward"
        },
        {
            "@_fa": "true",
            "@ref": "scopus-citedby",
            "@href": "https://www.scopus.com/inward/citedby.uri?partnerID=HzOxMe3b&scp=84890400991&origin=inward"
        }
    ],
    "prism:url": "https://api.elsevier.com/content/abstract/scopus_id/84890400991",
    "dc:identifier": "SCOPUS_ID:84890400991",
    "eid": "2-s2.0-84890400991",
    "dc:title": "Engineering characteristics of cement modified base course material for Western Australian pavements",
    "dc:creator": "Jitsangiam P.",
    "prism:publicationName": "Australian Journal of Civil Engineering",
    "prism:issn": "14488353",
    "prism:volume": "11",
    "prism:issueIdentifier": "1",
    "prism:pageRange": "13-21",
    "prism:coverDate": "2013-12-19",
    "prism:coverDisplayDate": "2013",
    "prism:doi": "10.7158/C11-714.2013.11.1",
    "citedby-count": "4",
    "affiliation": [
        {
            "@_fa": "true",
            "affilname": "Curtin University",
            "affiliation-city": "Perth",
            "affiliation-country": "Australia"
        }
    ],
    "prism:aggregationType": "Journal",
    "subtype": "ar",
    "subtypeDescription": "Article",
    "source-id": "21100240000",
    "openaccess": "0",
    "openaccessFlag": false
}